id,model_code,price,نوع یخچال فریزر,مصرف انرژی,گنجایش یخچال (به لیتر),گنجایش فریزر (به لیتر),ظرفیت یخچال(به فوت),ظرفیت فریزر(به فوت),ارتفاع(به سانتی متر),عمق(به سانتی متر),پهنا(عرض-به سانتی متر),وزن کل(به کیلو گرم),تعداد طبقات یخچال,تعداد طبقات درب یخچال,تعداد طبقات درب فریزر,تعداد کشو یخچال,بدون برفک,سیستم گردش هوای چند بعدی,اخطار صوتی باز ماندن درب,لامپ یخچال,یخساز,سیستم سرمایش سریع یخچال,سیستم انجماد سریع فریزر,محفظه بار خانگی,یخساز و آبسرد کن خودکار,نوع دستگیره,نوع کمپرسور,صفحه نمایش,تعداد طبقات فریزر,ظرفیت کل(به فوت),گنجایش کل(به لیتر),تعداد کشو فریزر,جهت باز شدن درب یخچال,جهت باز شدن درب فریزر,فیلتر تصفیه آب,میزان صدای مزاحم,روشنایی فریزر,طبقات شیشه ای بدون قاب,محفظه نگه داری میوه ها و سبزیجات,سیستم سرمایش دوگانه(Dual Cooling System),ساخت,خدمات پس از فروش,نوع مقاومت در برابر برفک,قفل صفحه نمایش,نوار پلاستیکی در درب,سیستم بسته شدن خودکار درب ها,حالت ذخیره انرزی هوشمند (ECO),فناوری کاهش مصرف انرژی,سامانه کنترل سرمایش الکترونیک,سامانه مدیریت مصرف هنگام سفر,حالت خواب,سیستم کنترل هوشمند,فیلتر هوای داخلی,محفظه نگه داری حرفه ای گوشت,سرمایش فلزی,فیلتر جاذب اتیلن Fresh Max Filter,گرید,امکان تنظیم دما و حالت عملکرد دستگاه از طریق اینترنت,وارد کردن تاریخ مصرف مواد غذایی و دریافت هشدار در زمان پایان,امکان دریافت هشدار روی موبایل برای سرویس های دوره ای,آب سردکن,درب سوم,اصالت کالا,برند کالا,اطلاعات نوع یخچال,نمودار مصرف انرژی,نوع یخساز,قفل یخساز,وزن,گنجایش کل,ابعاد (پهنا × عمق × ارتفاع) سانتیمتر,یخچال بدون برفک,کشو با تنظیم دما و رطوبت,سرمایش سریع,فریزر بدون برفک,انجماد سریع (Super Freezer),اخطار باز ماندن درب,آبسردکن,لزوم اتصال به شیر آب,سامانه خودکار بسته شدن دربها,قابلیت تبدیل فریزر به یخچال,بار خانگی ( هوم بار ),سایر ویژگی ها,اقلام همراه,ظرفیت کل(به لیتر),سیستم کاهش صدا در شب,سامانه حفظ تازگی میوه و سبزیجات با نور آبی,آبریز,یخساز نیمه اتوماتیک (منبع آب),ابعاد,گنجايش خالص به ليتر,برند,رنگ,گنجایش,ظرفیت,تعداد کشو,گنجایش فریز,تعداد کشوی فریزر,گنجایش کل به لیتر,سایر مشخصات,رتبه انرژی,تعداد طبقات,تعداد طبقات درب,جهت باز شدن درب,سایر ویژگی‌ها,گنجایش یخچال,نوع دستگیره در,نوع برفک زدایی,نمایشگر,انجماد سریع,جریان هوا,آبریز دستی,یخ ساز خودکار,قفل کودک,سایر ویژگیهای یخچال,سایر ویژگیهای فریزر,گنجایش کل به فوت,ارتفاع,عمق با درب,پهنا,وزن(گرم),عمق,عرض,یخساز اتوماتیک (آب شهری),گنجایش به فوت,فیلترDeodorizer,کمپرسور سامسونگ کره,کشو کنترل رطوبت,نوع دستگاه,میزان صدا,حالت کاهش مصرف انرژی هوشمند,سامانه مدیریت سرمایش,حسگر هوشمند تشخیص دمای بیرونی,حسگرهای هوشمند تشخیص دمای داخلی,سرمایش دوگانه,گردش هوای سه بعدی,هشدار باز بودن درب,روشنایی یخچال,فیلتر تصفیه هوای داخلی,فیلتر جاذب اتیلن,تعداد پاکت درب یخچال,تعداد کشوی یخچال,نوع طبقات شيشه ای,جا لبنیاتی,محفظه نگهداری میوه و سبزیجات,بار خانگی,جهت باز شدن در یخچال,انجماد سريع فريزر,تعداد پاکت درب,جهت باز شدن در فریزر,ابعاد محصول,ظرفیت محصول,نوار درزگیر,سامانه خودکار بسته شدن درها,نوع صفحه نمايش,نوع دستگیره‌ی درب,مدل,سری محصول,نوع دستگیره‌ی در,اتصال به اینترنت,رابط کاربری,هشدار باز بودن در,آب سرد کن,نوع آب سرد کن,نوع بار خانگی,تعداد پاکت درب فریزر,کشو با قابلیت تنظیم دما,سیستم سرمایش هوشمند(Smart Cooling),سری,فیلتر ضد بو,حسگر هوشمند تشخیص دما,امکان باز شدن درب از دو طرف,نمایشگر دیجیتال,تصفیه آب,نوع یخچال,رده انرژی,اندازه (فوت),قابلیت اتصال به اینترنت,آبسردکن اتومات,یخساز اتومات,دستگیره,کلاس مصرف انرژی,یخساز اتوماتیک (متصل به آب شهری),کمپرسور اینورتر,لامپ داخلی,هشدار باز ماندن درب,محفظه بار,دارای کشو با تنظیم دما و رطوبت,سیستم انجماد سریع,یخساز اتوماتیک,تعداد طبقات داخل فریزر,سایر ویژگی های محصول,نوع کمپرسور اسپلیت,یخچال دارای کشو با تنظیم دما و رطوبت,سازنده,گنجایش فریزر,عرض بسته بندی,ارتفاع بسته بندی,عمق بسته بندی,رنگ بدنه,مقاومت در برابر برفک,نوع آبسردکن,اخطار باز بودن درب,دستگیره درب,هوم بار,گنجایش خالص به فوت,قابلیت IOT,سیستم آبریز,سیستم یخ ساز,سیستم خنک کننده,نوع روشنایی,تعدادطبقات یخچال,تعداد کشوهای یخچال,نوفراست (بدون برفک),لامپ,توضیحات روشنایی,جهت بازشدن درب یخچال,تعداد کشوهای فریزر,جهت بازشدن درب فریزر,یخساز اتوماتیک(آب شهری),محفظه هوم بار,نوع صفحه نمایش,صفحه دیجیتال لمسی,فیلتر بوگیر,سایر توضیحات,قابلیت سرمایش سریع (Quick Cooling),روشنایی داخلی در یخچال,طبقات یخچال,نوع طبقات,قابلیت انجماد سریع (Super Freezing),طبقات فریزر,روشنایی داخلی در فریزر,ظرفیت فریزر (لیتر),ظرفیت یخچال (لیتر),ظرفیت کل (لیتر),یخ ساز,اتصال به آب شهری,نوع فیلتر,کمپرسور,گرید انرژی,سیستم گردش هوای چندگانه (Multi Air Flow),سیستم بدون برفک (نوفراست),نوع موتور,نوع یخچال/فریزر,کشور سازنده,کنترل پنل دیجیتال,ظرفیت کل ناخالص,ظرفیت کل خالص,ظرفیت خالص یخچال,ظرفیت خالص فریزر,گاز مبرد,تعداد قفسه های درب یخچال,تعداد قفسه های درب فریزر,دستگیره مخفی,گردش هوای چندگانه,دریچه گردش هوای هوشمند,روشنایی داخلی LED,زنگ اخطار باز ماندن درب,وزن محصول,نوع محصول,قابلیت بدون برفک,آبسرد کن دستی با مخزن,فیلتر ضد باکتری,نوع مبرد,نام مدل,تعداد پنل,تعداد درب,گنجايش کل به ليتر,سایر ویژگی های یخچال,جنس قفسه ها,سایر ویژگی های فریزر,برچسب انرژی,عمق بدون درب,مینی بار,ظرفیت کل خالص (لیتر),ظرفیت خالص یخچال (لیتر),ظرفیت خالص فریزر (لیتر),آبریز اتوماتیک,تعداد طبقات داخل درب,گردش هوای 360 درجه,سرمایش و انجماد سریع,قابلیت خاموش کردن محفظه یخچال
25,DAEWOO-SBS-SXi20-31S,۸۷٫۰۰۰٫۰۰۰ تومان,یخچال فریزر ساید بای ساید,A+,491 لیتر,228 لیتر,24.5 فوت,12.5 فوت,181.6سانتی متر,92 سانتی متر,91.6سانتی متر,120 کیلوگرم,5 عدد,5 عدد,3 عدد,2 عدد,بله,دارد,دارد,روشناییLED,اتوماتیک(متصل به آب شهری),دارد,دارد,بارخانگی با فناوری انعکاس سرمای فلزی Metal Ice Cooling,دارد,دستگیره مخفی,اینورتر دیجیتال(DI),LEDهمراه با دکمه های لمسی,3 عدد,36 فوت,719لیتر,3 عدد,به سمت راست,به سمت چپ,دارد,38 دسی بل,روشناییLED,دارد,مجهز به Blue Fresh LED,ندارد,ایران,10 سال,نوفراست,دارد,آنتی باکتریال با قابلیت تعویض,دارد,دارد,دارد,دارد,ندارد,دارد,دارد,فیلتر هوای سه گانه Fresh Max Plus,دارد,دارد,دارد,A+,دارد,دارد,دارد,,,,,,,,,,,,,,,,,,,,,,,,,,,,,,,,,,,,,,,,,,,,,,,,,,,,,,,,,,,,,,,,,,,,,,,,,,,,,,,,,,,,,,,,,,,,,,,,,,,,,,,,,,,,,,,,,,,,,,,,,,,,,,,,,,,,,,,,,,,,,,,,,,,,,,,,,,,,,,,,,,,,,,,,,,,,,,,,,,,,,,,,,,,,,,,,,,,,,,,,,,,,,,,,,,,,,,,,,,,,,,
26,DAEWOO-SBS-DS-3640MW,۹۸٫۰۰۰٫۰۰۰ تومان,یخچال فریزر ساید بای ساید,A+,494 لیتر,277 لیتر,,,181.6 سانتی متر,92 سانتی متر,91.6 سانتی متر,120 کیلوگرم,5 عدد,5 عدد,3 عدد,2 عدد,بله,دارد,دارد,روشناییLED,اتوماتیک(متصل به آب شهری),دارد,دارد,همان درب سوم مجهز به سرمایش فلزی,,دستگیره مخفی,اینورتر دیجیتال(DI),LEDهمراه با دکمه های لمسی,3 عدد,36.5 فوت,771 لیتر,3 عدد,به سمت راست,به سمت چپ,دارد,38 دسی بل,روشناییLED,دارد,دارد,ندارد,ایران,10 سال,نوفراست,دارد,آنتی باکتریال با قابلیت تعویض,دارد,دارد,دارد,دارد,ندارد,دارد,ندارد,فیلتر هوای سه گانه Fresh Max Plus,دارد,دارد,دارد,,,,,اتوماتیک متصل به آب شهری,سامانه سرمایش فلزی Metal Ice Cooling,,,,,,,,,,,,,,,,,,,,,,,,,,,,,,,,,,,,,,,,,,,,,,,,,,,,,,,,,,,,,,,,,,,,,,,,,,,,,,,,,,,,,,,,,,,,,,,,,,,,,,,,,,,,,,,,,,,,,,,,,,,,,,,,,,,,,,,,,,,,,,,,,,,,,,,,,,,,,,,,,,,,,,,,,,,,,,,,,,,,,,,,,,,,,,,,,,,,,,,,,,,,,,,,,,,,,,,,,,,,
27,DAEWOO-SBS-SXi15-11S,۷۷٫۶۰۰٫۰۰۰ تومان,,,,,,,,,,,5 عدد,4 عدد,3 عدد,2 عدد,,,,,دارد,,,,,,اینورتر دیجیتال,,4 عدد,,,2 عدد,به سمت راست,به سمت چپ,,,,,,,,,,,,,,,,,,,,,,,,,,,,,اصل,دوو,ساید بای ساید,+A,اتوماتیک,دارد,100 کیلوگرم,29 فوت,91.6*72*181.6,بله,دارد,دارد,بله,دارد,دارد,دارد,دارد,دارد,ندارد,دارد,دارای فیلتر تصفیه آب دارای سیستم بدون برفک (No Frost) سامانه بار خانگی با تکنولوژی جدید سامانه مدیریت مصرف هنگام سفر ، حالت خواب Sleep,دفترچه راهنما,,,,,,,,,,,,,,,,,,,,,,,,,,,,,,,,,,,,,,,,,,,,,,,,,,,,,,,,,,,,,,,,,,,,,,,,,,,,,,,,,,,,,,,,,,,,,,,,,,,,,,,,,,,,,,,,,,,,,,,,,,,,,,,,,,,,,,,,,,,,,,,,,,,,,,,,,,,,,,,,,,,,,,,,,,,,,,,,,,,,,,,,,,,,,,,,,,,,,,
28,DAEWOO-SBS-DS-3330MW,۷۱٫۵۰۰٫۰۰۰ تومان,یخچال فریزر ساید بای ساید,A+,440 لیتر,244 لستر,20.5 فوت,11.5 فوت,192 سانتی متر,84 سانتی متر,91.6 سانتی متر,115 کیلوگرم,5 عدد,6 عدد,3 عدد,2 عدد,بله,دارد,دارد,روشناییLED,اتوماتیک(متصل به آب شهری),دارد,دارد,بارخانگی با فناوری انعکاس سرمای فلزی Metal Ice Cooling,دارد,دستگیره مخفی,اینورتر دیجیتال(DI),LEDهمراه با دکمه های لمسی,3 عدد,32 فوت,,3 عدد,به سمت راست,به سمت چپ,دارد,38 دسی بل,روشناییLED,دارد,دارد,ندارد,ایران,10 سال,نوفراست,دارد,آنتی باکتریال با قابلیت تعویض,دارد,دارد,دارد,دارد,ندارد,دارد,دارد,فیلتر هوای سه گانه Fresh Max Plus,دارد,دارد,دارد,,,,,,,,,,,,,,,,,,,,,,,,,,,,,684 لیتر,ندارد,دارد,,,,,,,,,,,,,,,,,,,,,,,,,,,,,,,,,,,,,,,,,,,,,,,,,,,,,,,,,,,,,,,,,,,,,,,,,,,,,,,,,,,,,,,,,,,,,,,,,,,,,,,,,,,,,,,,,,,,,,,,,,,,,,,,,,,,,,,,,,,,,,,,,,,,,,,,,,,,,,,,,,,,,,,,,,,,,,,,,,,,,,,,,,,,,,,,,,,
29,GPLUS-SBS-GSS-P7535 S,۴۱٫۹۶۰٫۰۰۰ تومان,یخچال فریزر ساید بای ساید,A++,,,,,,,,,,,,,بله,دارد,,,,دارد,دارد,,ندارد,دستگیره مخفی,اینورتر دیجیتال(DI),LEDهمراه با دکمه های لمسی,,28 فوت,555 ليتر,,,,,,,,دارد,,ایران,,,,,,دارد,,,,,,,,,,,,,,نیمه اتوماتیک با محفظه,,,,,,,,,,,,,,,,,,,,,,,,,,,دارد,دارد,67×177×90.7 سانتي متر,507 ليتر,,,,,,,,,,,,,,,,,,,,,,,,,,,,,,,,,,,,,,,,,,,,,,,,,,,,,,,,,,,,,,,,,,,,,,,,,,,,,,,,,,,,,,,,,,,,,,,,,,,,,,,,,,,,,,,,,,,,,,,,,,,,,,,,,,,,,,,,,,,,,,,,,,,,,,,,,,,,,,,,,,,,,,,,,,,,,,,,,,,,,,,,,,,,,,,
30,GPLUS-SBS-GSS-M7525BS,۴۵٫۰۰۰٫۰۰۰ تومان,,,,,,,,,,,۴ طبقه,۴ طبقه,۴ طبقه,,,,,,,,,,,,,,۴ طبقه,,,,,,,,,,,,,,نوفراست,,,,,,,,,,,,,,,,,,,,,,,A++,,,,,,,,,,,,,,,,,,,,,,,,,,جی پلاس,"سفید, سیلور",۳۳۲ لیتر,۲۸ فوت,۴ عدد,۱۷۵ لیتر,۲ عدد,۵۰۷ لیتر,آبریز دستی Water Dispenser سیستم جریان هوای چندگانه- Multi Air Flow محفظه Fresh Box جهت تازه ماندن مواد غذایی نمایشگر LED فناوری انجماد سریع- Super freezing امکان سرمایش سریع در یخچال (Quick Cooling) عملکرد ویژه کاهش مصرف در زمان (Holiday),,,,,,,,,,,,,,,,,,,,,,,,,,,,,,,,,,,,,,,,,,,,,,,,,,,,,,,,,,,,,,,,,,,,,,,,,,,,,,,,,,,,,,,,,,,,,,,,,,,,,,,,,,,,,,,,,,,,,,,,,,,,,,,,,,,,,,,,,,,,,,,,,,,,,,,,,,,,,,,,,,,,,,,,,,,,,,,,,,,,,,
31,GPLUS-SBS-GSS-M7525W,۴۵٫۰۰۰٫۰۰۰ تومان,,,,,,,,,,,۴ طبقه,۴ طبقه,۴ طبقه,,,,,,,,,,,,,,۴ طبقه,,,,,,,,,,,,,,نوفراست,,,,,,,,,,,,,,,,,,,,,,,A++,,,,,,,,,,,,,,,,,,,,,,,,,,جی پلاس,"سفید, سیلور",۳۳۲ لیتر,۲۸ فوت,۴ عدد,۱۷۵ لیتر,۲ عدد,۵۰۷ لیتر,آبریز دستی Water Dispenser سیستم جریان هوای چندگانه- Multi Air Flow محفظه Fresh Box جهت تازه ماندن مواد غذایی نمایشگر LED فناوری انجماد سریع- Super freezing امکان سرمایش سریع در یخچال (Quick Cooling) عملکرد ویژه کاهش مصرف در زمان (Holiday),,,,,,,,,,,,,,,,,,,,,,,,,,,,,,,,,,,,,,,,,,,,,,,,,,,,,,,,,,,,,,,,,,,,,,,,,,,,,,,,,,,,,,,,,,,,,,,,,,,,,,,,,,,,,,,,,,,,,,,,,,,,,,,,,,,,,,,,,,,,,,,,,,,,,,,,,,,,,,,,,,,,,,,,,,,,,,,,,,,,,,
32,GPLUS-SBS-GSS-P7920W,۷۰٫۰۴۴٫۳۴۰ تومان,,,,,,,,,,,,,,,,,,,,,,,,,اینورتر هوشمند,,,,,,,,,,,,,,,,,,,,,,,,,,,,,,,,,,,,,,ساید بای ساید,,,,,,,,,,,,,دارد,,,,,,,,,,,دارد,,,جی پلاس,"سفید, سیلور",,,2 عدد,,,,,+A,4 عدد,1 عدد,به سمت راست,"سیستم آبریز و یخساز, بارخانگی باقابلیت بازشدن بایک اشاره (هوم بار), مجهز به فیلتر هوای سیلور یون, نمایشگر LED, فیلتر تصفیه آب, فناوری سرمایش سریع- Super Cooling, فناوری انجماد سریع- Super freezing, تکنولوژی بدون برفک No Frost, عملکرد صرفه‌جویی در مصرف انرژی (Eco)",,,,,,,,,,,,,,,,,,,,,,,,,,,,,,,,,,,,,,,,,,,,,,,,,,,,,,,,,,,,,,,,,,,,,,,,,,,,,,,,,,,,,,,,,,,,,,,,,,,,,,,,,,,,,,,,,,,,,,,,,,,,,,,,,,,,,,,,,,,,,,,,,,,,,,,,,,,,,,,,,,,,,,,,,,,,,,,,,
33,GPLUS-SBS-GSS-P7435BG,۵۱٫۵۰۰٫۰۰۰ تومان,,,,,,,,,,,,,,,,,,,,,,,,,اینورتر,,,,,,,,,,,,,,,,,,,,,,,,,,,,,,,,,,,,,,,,,,,,,,,,,,,,,,,,,,,,,,,905*670*1770 میلیمتر,,جی پلاس,مشکی,,,2 عدد,,,,,,,,,"محفظه Fresh Box جهت تازه ماندن مواد غذایی, نمایشگر LED, امکان سرمایش سریع در یخچال (Quick Cooling), سیستم جریان هوای چندگانه- Multi Air Flow, فناوری انجماد سریع- Super freezing, تکنولوژی بدون برفک No Frost, عملکرد ویژه کاهش مصرف در زمان (Holiday)",510 لیتر,مخفی,,,,,,,,,,,,,,,,,,,,,,,,,,,,,,,,,,,,,,,,,,,,,,,,,,,,,,,,,,,,,,,,,,,,,,,,,,,,,,,,,,,,,,,,,,,,,,,,,,,,,,,,,,,,,,,,,,,,,,,,,,,,,,,,,,,,,,,,,,,,,,,,,,,,,,,,,,,,,,,,,,,,,,,,,,,,,,,
34,GPLUS-SBS-GSS-P7635 BS,۶۱٫۴۰۰٫۰۰۰ تومان,,,,,,,,,,,,,,,,,,,دارد,,,,,,اینورتر هوشمند,,,,,,,,,,,,,,,,,,,,,,,,,,,,,,,,,,,,,,,,,,,,,,,دارد,,,,,,,,,,,,,,,,7/ 90*67*177,,جی پلاس,"سفید, مشکی, نقره ای",,,,,,,,A+,,,,"نمایشگر LED, فناوری سرمایش سریع- Super Cooling, سیستم جریان هوای چندگانه- Multi Air Flow, محفظه نگهدارنده مواد غذایی Fresh Zone, فناوری انجماد سریع- Super freezing, تکنولوژی بدون برفک No Frost, عملکرد صرفه‌جویی در مصرف انرژی (Eco)",,مخفی,نوفراست (بدون برفک),دارد,دارد,جریان هوای خنک چندگانه,دارد,,,,,,,,,,,,,,,,,,,,,,,,,,,,,,,,,,,,,,,,,,,,,,,,,,,,,,,,,,,,,,,,,,,,,,,,,,,,,,,,,,,,,,,,,,,,,,,,,,,,,,,,,,,,,,,,,,,,,,,,,,,,,,,,,,,,,,,,,,,,,,,,,,,,,,,,,,,,,,,,,,,,,,,,,,
35,GPLUS-SBS-GSS-P7920S,۷۰٫۰۴۴٫۳۴۰ تومان,,,,,,,,,,,,,,,,,,,,,,,,,اینورتر هوشمند,,,,,,,,,,,,,,,,,,,,,,,,,,,,,,,,,,,,,,ساید بای ساید,,,,,,,,,,,,,دارد,,,,,,,,,,,دارد,,,جی پلاس,"سفید, سیلور",,,2 عدد,,,,,+A,4 عدد,1 عدد,به سمت راست,"سیستم آبریز و یخساز, بارخانگی باقابلیت بازشدن بایک اشاره (هوم بار), مجهز به فیلتر هوای سیلور یون, نمایشگر LED, فیلتر تصفیه آب, فناوری سرمایش سریع- Super Cooling, فناوری انجماد سریع- Super freezing, تکنولوژی بدون برفک No Frost, عملکرد صرفه‌جویی در مصرف انرژی (Eco)",,,,,,,,,,,,,,,,,,,,,,,,,,,,,,,,,,,,,,,,,,,,,,,,,,,,,,,,,,,,,,,,,,,,,,,,,,,,,,,,,,,,,,,,,,,,,,,,,,,,,,,,,,,,,,,,,,,,,,,,,,,,,,,,,,,,,,,,,,,,,,,,,,,,,,,,,,,,,,,,,,,,,,,,,,,,,,,,,
36,GPLUS-SBS-GSS-M7625W,۶۴٫۱۰۰٫۰۰۰ تومان,,,,,,,,,,,4,,,,دارد,,,,,,,,,,,,4,,,2,,,,,,,,,,,,,,,,,,,,,,,,,,,,,,,,,ساید بای ساید,A+,,,,,,,,,,,,,,,,,,,,,,,,,,,,,,,,,520 لیتر,,,8,,,سیستم جریان هوای چندگانه- Multi Air Flow محفظه Fresh Box جهت تازه ماندن مواد غذایی نمایشگر LED تکنولوژی بدون برفک No Frost امکان سرمایش سریع در یخچال (Quick Cooling) امکان سرمایش سریع در فریزر (Quick Freezing) فیلتر تصفیه آب عملکرد صرفه‌جویی در مصرف انرژی,,,,,,,,دارد,دارد,2 کشو در یخچال - فناوری سرمایش سریع,2 کشو فریزر - فناوری انجماد سریع,۲۸,1770 میلی‌متر,670 میلی‌متر,907 میلی‌متر,97000,,,,,,,,,,,,,,,,,,,,,,,,,,,,,,,,,,,,,,,,,,,,,,,,,,,,,,,,,,,,,,,,,,,,,,,,,,,,,,,,,,,,,,,,,,,,,,,,,,,,,,,,,,,,,,,,,,,,,,,,,,,,,,,,,,,,,,,,,,,,,,,,,,,,,,,,,,,,,,,,,
37,GPLUS-SBS-GSS-P7535 W,۴۱٫۹۶۰٫۰۰۰ تومان,یخچال فریزر ساید بای ساید,A++,,,,,,,,,,,,,بله,دارد,,,,دارد,دارد,,ندارد,دستگیره مخفی,اینورتر دیجیتال(DI),LEDهمراه با دکمه های لمسی,,28 فوت,555 ليتر,,,,,,,,دارد,,ایران,,,,,,دارد,,,,,,,,,,,,,,نیمه اتوماتیک با محفظه,,,,,,,,,,,,,,,,,,,,,,,,,,,دارد,دارد,67×177×90.7 سانتي متر,507 ليتر,,,,,,,,,,,,,,,,,,,,,,,,,,,,,,,,,,,,,,,,,,,,,,,,,,,,,,,,,,,,,,,,,,,,,,,,,,,,,,,,,,,,,,,,,,,,,,,,,,,,,,,,,,,,,,,,,,,,,,,,,,,,,,,,,,,,,,,,,,,,,,,,,,,,,,,,,,,,,,,,,,,,,,,,,,,,,,,,,,,,,,,,,,,,,,,
38,GPLUS-SBS-GSS-M7625BS,۶۴٫۱۰۰٫۰۰۰ تومان,,,,,,,,,,,4,,,,دارد,,,,,,,,,,,,4,,,2,,,,,,,,,,,,,,,,,,,,,,,,,,,,,,,,,ساید بای ساید,A+,,,,,,,,,,,,,,,,,,,,,,,,,,,,,,,,,520 لیتر,,,8,,,سیستم جریان هوای چندگانه- Multi Air Flow محفظه Fresh Box جهت تازه ماندن مواد غذایی نمایشگر LED تکنولوژی بدون برفک No Frost امکان سرمایش سریع در یخچال (Quick Cooling) امکان سرمایش سریع در فریزر (Quick Freezing) فیلتر تصفیه آب عملکرد صرفه‌جویی در مصرف انرژی,,,,,,,,دارد,دارد,2 کشو در یخچال - فناوری سرمایش سریع,2 کشو فریزر - فناوری انجماد سریع,۲۸,1770 میلی‌متر,670 میلی‌متر,907 میلی‌متر,97000,,,,,,,,,,,,,,,,,,,,,,,,,,,,,,,,,,,,,,,,,,,,,,,,,,,,,,,,,,,,,,,,,,,,,,,,,,,,,,,,,,,,,,,,,,,,,,,,,,,,,,,,,,,,,,,,,,,,,,,,,,,,,,,,,,,,,,,,,,,,,,,,,,,,,,,,,,,,,,,,,
39,PAKSHOMA-SBS-P-340W,۵۸٫۵۰۰٫۰۰۰ تومان,,,,,,,,,,,,,,,,,,بله,,,,,,,,,,,,,,راست به چپ و چپ به راست,,,,,,,,,,,,,,,,,,,,,,,,,,,,,,,ساید بای ساید,,,,,,,,,,,,بله,دارد,,,,,,,,,,,,,,پاکشوما,"سفید, سیلور",,,,,,800 لیتر,,+A,,,به سمت چپ و راست,,,,نوفراست (بدون برفک),,,,,,,,,,178cm,,,,74cm,85cm,,,,,,,,,,,,,,,,,,,,,,,,,,,,,,,,,,,,,,,,,,,,,,,,,,,,,,,,,,,,,,,,,,,,,,,,,,,,,,,,,,,,,,,,,,,,,,,,,,,,,,,,,,,,,,,,,,,,,,,,,,,,,,,,,,,,,,,,,,,,,,,,,,,,,,,,,,,,,,,
40,PAKSHOMA-SBS-P340,۵۸٫۵۰۰٫۰۰۰ تومان,,,,,,,,,,,,,,,,,,بله,,,,,,,,,,,,,,راست به چپ و چپ به راست,,,,,,,,,,,,,,,,,,,,,,,,,,,,,,,ساید بای ساید,,,,,,,,,,,,بله,دارد,,,,,,,,,,,,,,پاکشوما,"سفید, سیلور",,,,,,800 لیتر,,+A,,,به سمت چپ و راست,,,,نوفراست (بدون برفک),,,,,,,,,,178cm,,,,74cm,85cm,,,,,,,,,,,,,,,,,,,,,,,,,,,,,,,,,,,,,,,,,,,,,,,,,,,,,,,,,,,,,,,,,,,,,,,,,,,,,,,,,,,,,,,,,,,,,,,,,,,,,,,,,,,,,,,,,,,,,,,,,,,,,,,,,,,,,,,,,,,,,,,,,,,,,,,,,,,,,,,
41,PAKSHOMA-SBS-RSP-800iS(E1),۵۷٫۰۰۰٫۰۰۰ تومان,,,,,,,,,,,,,,,,,,,,,,,,,,,,,,,,به سمت چپ,,,,,,,,,,,,,,,,,,,,,,,,,,,,,,,ساید بای ساید,,,,,,,,,,,,بله,دارد,,,,,,,,,,,,,,پاکشوما,"سفید, نقره ای",,,2 عدد,,,800 لیتر,,+A,3 عدد,,به سمت راست,,,,نوفراست (بدون برفک),,,,,,دارد,,,,179cm,,,,91cm,86cm,دارد,32 فوت,,,,,,,,,,,,,,,,,,,,,,,,,,,,,,,,,,,,,,,,,,,,,,,,,,,,,,,,,,,,,,,,,,,,,,,,,,,,,,,,,,,,,,,,,,,,,,,,,,,,,,,,,,,,,,,,,,,,,,,,,,,,,,,,,,,,,,,,,,,,,,,,,,,,,,,,,,,,,
42,PAKSHOMA-SBS-RSP-800W,۵۷٫۰۰۰٫۰۰۰ تومان,,,,,,,,,,,,,,,,,,,,,,,,,,,,,,,,به سمت چپ,,,,,,,,,,,,,,,,,,,,,,,,,,,,,,,ساید بای ساید,,,,,,,,,,,,بله,دارد,,,,,,,,,,,,,,پاکشوما,"سفید, نقره ای",,,2 عدد,,,800 لیتر,,+A,3 عدد,,به سمت راست,,,,نوفراست (بدون برفک),,,,,,دارد,,,,179cm,,,,91cm,86cm,دارد,32 فوت,,,,,,,,,,,,,,,,,,,,,,,,,,,,,,,,,,,,,,,,,,,,,,,,,,,,,,,,,,,,,,,,,,,,,,,,,,,,,,,,,,,,,,,,,,,,,,,,,,,,,,,,,,,,,,,,,,,,,,,,,,,,,,,,,,,,,,,,,,,,,,,,,,,,,,,,,,,,,
43,SAM-SBS-ROSSO-3W,۹۳٫۵۰۰٫۰۰۰ تومان,,A++,500 لیتر,232 لیتر,,,,,,,,,,,,,,,,دارد,دارد,,"دارد, متصل به آب شهری",,اینورتر دیجیتال(DI),,,32 فوت,,,,,,,,,دارد,دارد,ایران,,,,,,,,,,,,,,,,,,,,,,,,,,,,,,,,,,,,,,,,,,,,,,,دارد,,91.2×88×177.4 سانتی متر,,,سفید/نقره ای,,,,,,,,,,,,,,,,,,,,,,,,,,,,,,,,,دارد,دارد,دارد,,,,,,,,,,,,,,,,,,,,,,,,,,,,,,,,,,,,,,,,,,,,,,,,,,,,,,,,,,,,,,,,,,,,,,,,,,,,,,,,,,,,,,,,,,,,,,,,,,,,,,,,,,,,,,,,,,,,,,,,,,,,,,,,,,,,,,,,,,,,,,,,,,,,,,,,,,
44,SNOWA-SBS-SN8-2028GW,۶۳٫۰۰۰٫۰۰۰ تومان,,,,,,,,,,,4 عدد,,,,دارد,,,,دارد خودکار تک پدال فوق باریک,,,,,,اینورتر دیجیتال,,4 عدد,,,,,,دارد,,LED,,,,,,,,,,,دارد,,دارد,,,,,,,,,,,,,,,,,,دارد,,,,,,دارد,,,,دارد خودکار تک پدال,,,,,,,,دارد,,,,,,اسنوا,"استیل, سفید براق, سفید متالیک",,27 فوت,,,2 عدد,,,,,,,,,,,,,,,,,,,,,,,,,,,,,,,یخچال فریزر ساید بای ساید,38 دسی بل,دارد,Smart Cooling,دارد,شش عدد سنسور داخلی,تک اواپراتور,دارد,دارد,LED,دو لایه نانو کربن,دارد,6 عدد,2 عدد,بدون قاب,دارد,دارد,دارد از نوع دیسکی (سامانه آرام بازشو),به سمت راست,دارد,2 عدد,به سمت چپ,عرض: 916 میلیمتر عمق: 720 میلیمتر ارتفاع: 1816 میلیمتر,گنجایش یخچال: 394 لیتر گنجایش فریزر: 169 لیتر گنجایش کل: 563 لیتر,آنتی باکتریال با قابلیت تعویض,دارد,نمایشگر لمسی ال ای دی,مخفی,,,,,,,,,,,,,,,,,,,,,,,,,,,,,,,,,,,,,,,,,,,,,,,,,,,,,,,,,,,,,,,,,,,,,,,,,,,,,,,,,,,,,,,,,,,,,,,,,,,,,,,,,,,,,,,,,,,,,,,,,,,,,,
45,SNOWA-SBS-SN8-2034GW,۶۳٫۵۰۰٫۰۰۰ تومان,,,,,,,,,,,,,,,دارد,,,,دارد,,,,,,اینورتر دیجیتال,,4,,,3,,,دارد,,LED,,,,ایران,,,دارد,,,,دارد,,دارد,,,,,,,,,,,,,,,,,خودکار تک پدال فوق باریک,,,,,,,دارد,,,,,,,,,,,,دارد,,,,,,اسنوا,سفید براق,,,2,,,,,,5,,,,,,,,,,,,,,,,,,,,,,,,,,,,38 دسی بل,دارد,Smart Cooling,دارد,,تک اواپراتور,,,LED,دو لایه نانو کربن,دارد,,,بدون قاب,,دارد,دارد,به سمت راست,دارد,6,به سمت چپ,,,آنتی باکتریال با قابلیت تعویض,دارد,نمایشگر لمسی ال ای دی,,SN8-2034,هارمونی,مخفی,ندارد,ندارد,دارد,دارد,خودکار تک پدال,دیسکی (سامانه آرام بازشو),2,,,,,,,,,,,,,,,,,,,,,,,,,,,,,,,,,,,,,,,,,,,,,,,,,,,,,,,,,,,,,,,,,,,,,,,,,,,,,,,,,,,,,,,,,,,,,,,,,,,,,,,,,,,,,,,,,,,,
46,SNOWA-SBS-SN8-2261SW,۶۵٫۰۰۰٫۰۰۰ تومان,یخچال فریزر ساید بای ساید,A+,394 لیتر,197 لیتر,,,181.6سانتی متر,72سانتی متر,91.6سانتی متر,110کیلوگرم,4عدد,4عدد,2عدد,2عدد,بله,دارد,دارد,روشناییLED,اتوماتیک(متصل به آب شهری),دارد,دارد,دارد,,,اینورتر دیجیتال(DI),LEDهمراه با دکمه های لمسی,4عدد,27فوت,591لیتر,2عدد,به سمت راست,به سمت چپ,دارد,38 دسی بل,,,,,ایران,8 سال,,,,,,,,,,,,,,,,,,,اتوماتیک متصل به آب شهری,,,,,,,,,,,,,,بله,,,,,,,,,,,,,,ندارد,,,,,,,,,,,,,,,,,,,,,,,,,دارد,,,,,,,,,,,,,,,,,,,,,,,,,,,,,,,,,,,,,,,,,,,,,,,,,,,,,دارد,دارد,هارمونی(Harmony),دارد,دارد,ندارد,,,,,,,,,,,,,,,,,,,,,,,,,,,,,,,,,,,,,,,,,,,,,,,,,,,,,,,,,,,,,,,,,,,,,,,,,,,,,,,,,,,,,,,,,,,,,,,,,,,,,,,,,,,,,,
47,SNOWA-SBS-S1D-S110-S,۶۴٫۰۰۰٫۰۰۰ تومان,ساید بای ساید,,,,,,,,,,4 عدد,,,,,,,,دارد,,,,,,اینورتر دیجیتال,,,,,,سمت راست,به سمت چپ,,,,,,,,,نوفراست,,,,,,,,,,,,,,,,,,,,,,,A,,,91 کیلوگرم,,,,,,,,,دارد,,,,,,,,,,,,181.6-72-91.6 cm,,اسنوا SNOWA,,,,2عدد,169 لیتر,,,,,4عدد,,,سیستم کاهش صدا در شب سامانه سرمایش هوشمند دارای فیلتر تصفیه آب سامانه مدیریت مصرف هنگام سفر نوار درزگیر آنتی باکتریال با قابلیت تعویض,394 لیتر,,,,,,,,,,,,,,,,,,,,,,,,,,,,,,,,,,,,,,,,,,,,,,,,,,,,,,,,,,,,,,,,,,,دارد,ندارد,,,,,,,,,,,,,,,,,,,,,,,,,,,,,,,,,,,,,,,,,,,,,,,,,,,,,,,,,,,,,,,,,,,,,,,,,,,,,,,,,,,,,,,,,,,,,,,,,,,,,,,,,,,,
48,SNOWA-SBS-S2D-M210-W,۷۶٫۵۰۰٫۰۰۰ تومان,,,,,,,,,,,,,,,,,,,,,,,,,کمپرسور اینورتر دیجیتال,,,,,,,,,,,,,,,,,,,,,,,,,,,,,,,,,,,,اصلی,,,,,,,,,,,,,,,,,,,,,,,,,,,181.6 * 91.6 * 84,,اسنوا,سفید متالیک,,,,,,630 لیتر,,,,,,,,,,,,,,,,,,,,,,,,,,,,,,,,,,,,,,,,,,,,,,,,,,,,,,,,,,,,,,,,,,,,,,,,,,,,ساید بای ساید,+A,32 فوت,دارد (قابلیت IOT),دارد,دارد,مخفی,,,,,,,,,,,,,,,,,,,,,,,,,,,,,,,,,,,,,,,,,,,,,,,,,,,,,,,,,,,,,,,,,,,,,,,,,,,,,,,,,,,,,,,,,,,,,,,,,,,,,
49,SNOWA-SBS-S2D-L310-W,۷۸٫۶۰۰٫۰۰۰ تومان,,,,,,,,,,,,,,,,,,دارد,,,,,,,,,,,,,,به سمت چپ,دارد,,,,,,,,دارد,,,,,,,,,,,,,,,,,,,,,,ساید بای ساید,,,,,,,بلی,,,بلی,,بلی,,,,,,,,,,,,,92 × 92 × 182 سانتیمتر,,,استیل,,,3,,,719,,,چهار طبقه,دو طبقه,به سمت راست,,,,,دارد,,,,,,,,35,1816,,916,,920,,,,,,,,,,,,,,,,,,,,,,,,,,,,,,,,,,,,,,,,,,,,,,,,,,,,,,,,,,,,+A,اتوماتیک (متصل به آب شهری),بلی,,,,,,,,,,,,,,,,,,,,,,,,,,,,,,,,,,,,,,,,,,,,,,,,,,,,,,,,,,,,,,,,,,,,,,,,,,,,,,,,,,,,,,,,,,,,,,,,,,
50,SNOWA-SBS-SN8-3035GW,۸۵٫۰۰۰٫۰۰۰ تومان,,,,,,,,,,,5 عدد,6 عدد,3 عدد,2 عدد,,,,,دارد/ خودکار دو پدال,,,,,,,,,,,3 عدد,به سمت راست,به سمت چپ,,,,,,,,,,,,,,,,,,,,,,,,,,,,,,اسنوا,,++A,,,,,,بله,,دارد,بله,,,دارد,,,,,,,,,,,,,,,سفید متالیک,,,,,,,,,,,,,,,,,,,,,دارد,,,,181.6سانتی متر,,,,92 سانتی متر,91.6 سانتی متر,,,,,,,,,,,,,,,,,,,,,,,,,,,,,,,,,,,,,,,,,,,,,,سری گالری,,,,,,,,,,,,,,,,دارد,دارد,دارد,ندارد,دارد,دارد,4 عدد,"- سیستم کاهش صدا در شب, - سامانه مدیریت مصرف هنگام سفر, - محفظه نگهداری میوه و سبزیجات, - حسگرهوشمند تشخیص دمای بیرونی, - دارای فناوری کاهش مصرف انرژی, - سامانه مدیریت سرمایش Smart Cooling, - حالت کاهش مصرف انرژی هوشمند, - گردش هوای سه بعدی Multiple Air Flow, - شش عدد سنسور داخلی, - محفظه خنک کننده‌ی ویژه, - فیلتر سه لایه کریستال بلو",اینورتر دیجیتال,,,,,,,,,,,,,,,,,,,,,,,,,,,,,,,,,,,,,,,,,,,,,,,,,,,,,,,,,,,,,,,,,,,,,,,,,,,,,,,,,,,,,,,,,
51,SNOWA-SBS-ARS3Di-L300-S,۹۵٫۵۰۰٫۰۰۰ تومان,,,,,,,,,,,5 عدد,6 عدد,3 عدد,2 عدد,,,,,دارد,,,,,,اینورتر دیجیتال,,4 عدد,,,3 عدد,به سمت راست,به سمت چپ,,,,,,,,,,,,,,,,,,,,,,,,,,,,,,اسنوا,ساید بای ساید,,خودکار دو پدال,دارد,,35 فوت,,بله,,دارد,,,دارد,دارد,دارد,دارد,,,3 درب مدیریت تنظیمات یخچال فریزر با گوشی موبایل از طریق اپلیکیشن اسمارت بوم مانیتورینگ 24 ساعته عملکرد یخچال فریزر از طریق اینترنت اعلام هشدارهای نگهداری مثل زمان تعویض فیلتر آب در اپلیکیشن اسمارت بوم کاربر می تواند تاریخ مصرف موادغذایی را در اپلیکیشن اسمارت بوم روی گوشی موبایل وارد کند سپس در زمان پایان تاریخ مصرف، اپلیکیشن به کاربر هشدار می دهد کاربر می تواند تنظیمات دمای دستگاه را از طریق گوشی موبایل انجام دهد کاربر می تواند عملکرد دستگاه را از طریق گوشی موبایل روی یکی از حالت های پیش فرض تازگی، مهمانی، مسافرت و اقتصادی تنظیم کند مجهز به درب سوم با سرمایش فلزی,دفترچه راهنما,,,,,,,,,,,,,,,,,,,,,,,,,,دارد,,,,,,,,181.6 سانتی متر,,,,92 سانتی‌متر,,,,,,,,,,,,,,,,,,,,,,,,دارد,,,,,,,,,,,,,,,,,,,,,,,,,,,,,,,,,,,,,,,,,,,,,,,,دارد,,,,,,,,,,,,,,,,,,,,,,,,,,,,,,,,,,,,,,,,,,,,,,,,,,,,,,,,,,,,,,,,,,,,,,,,,,,,,,,,,,,,,,,,
52,SNOWA-SBS-HARMONY-SN82261GW,۶۳٫۵۰۰٫۰۰۰ تومان,,,,,,,,,,,,,,,دارد,,,,دارد,,,,,,اینورتر دیجیتال,,4,,,3,,,دارد,,LED,,,,ایران,,,دارد,,,,دارد,,دارد,,,,,,,,,,,,,,,,,خودکار تک پدال فوق باریک,,,,,,,دارد,,,,,,,,,,,,دارد,,,,,,اسنوا,سفید براق,,,2,,,,,,5,,,,,,,,,,,,,,,,,,,,,,,,,,,,38 دسی بل,دارد,Smart Cooling,دارد,,تک اواپراتور,,,LED,دو لایه نانو کربن,دارد,,,بدون قاب,,دارد,دارد,به سمت راست,دارد,6,به سمت چپ,,,آنتی باکتریال با قابلیت تعویض,دارد,نمایشگر لمسی ال ای دی,,SN8-2034,هارمونی,مخفی,ندارد,ندارد,دارد,دارد,خودکار تک پدال,دیسکی (سامانه آرام بازشو),2,,,,,,,,,,,,,,,,,,,,,,,,,,,,,,,,,,,,,,,,,,,,,,,,,,,,,,,,,,,,,,,,,,,,,,,,,,,,,,,,,,,,,,,,,,,,,,,,,,,,,,,,,,,,,,,,,,,,
53,SNOWA-SBS-SN8-2343GW,ناموجود,,,,,,,,,,,,,,,yes,,,,yes,,,,,,اینورتر دیجیتال,,,,,,,به سمت چپ,,,,,,,,,,,,,,,,,,,,,,,,,,,,,,,ساید بای ساید,A+,خودکار تک پدال فوق باریک,yes,,32 فوت,,,,yes,,,yes,yes,,yes,,,"بهینه سازی ساختار مواد, دارای گرید انرژی A, سامانه سرمایش هوشمند, فیلتر جاذب اتیلن Fresh Max Filter, کمپرسور اینورتر دیجیتال",دفترچه راهنما,,,,,,,,,,,,2 عدد,,,,,,5 عدد,6 عدد,به سمت راست,,400 لیتر,,,,yes,,,,,,,,1816 میلی‌متر,,916 میلی متر,,840 میلیمتر,,,,,,,,,,,,,,,,,,,,,,,,,,,,,,,,,,,,,,,,,,,,,,,,,,,,,,,,,,,,,,,,,,,,,,,,,اسنوا,190 لیتر,990 میلیمتر,1920 میلیمتر,930 میلیمتر,,,,,,,,,,,,,,,,,,,,,,,,,,,,,,,,,,,,,,,,,,,,,,,,,,,,,,,,,,,,,,,,,,,,,,,,,,,,,,,,,,,
54,SNOWA-SBS-S1Di-M210-S,۶۸٫۸۹۰٫۰۰۰ تومان,,,,,,,,,,,,,,,,,,,,,,,,,,,,,,,,,,,,,,,,,,,,,,,,,,,,,,,,,,,,,,,,,,,,,,,,,,,,,,,,,,,,,,,,720 * 916 * 1816,,اسنوا,استیل,,,,,,630 لیتر,,,,,,,,,,,,,,,,,,,,,,,,,,,,,,,,,,,,,,,,,,,,,,,,,,,,,,,,,,,,,,,,,,,,,,,,,,,,ساید بای ساید,+A,32 فوت,دارد (قابلیت IOT),دارد,دارد,,,,,,,,,,,,,,,,,,,,,,,,,,,,,,,,,,,,,,,,,,,,,,,,,,,,,,,,,,,,,,,,,,,,,,,,,,,,,,,,,,,,,,,,,,,,,,,,,,,,,,
55,SNOWA-SBS-SN8-2343SS,۷۹٫۸۴۶٫۸۰۰ تومان,ساید بای ساید,A+,,,,,,,,,5 طبقه,6 طبقه,2 طبقه,2 کشو,,,,,,,,,,,,,4 طبقه,,,3 کشو,,,,,,,,,,,,,,,,,,,,,,,,,,,,,,,,,,,اتوماتیک,,,667 لیتر,,,ندارد,,,,,,دارد,,,,,,,,,,,,,اسنوا,,,,,,,,,,,,,"32 فوت, حالت کاهش مصرف انرژی هوشمند, حسگر هوشمند تشخیص دمای بیرونی, دارای فیلتر تصفیه آب, سامانه سرمایش سریع, سامانه مدیریت سرمایش Smart Cooling, سامانه مدیریت مصرف هنگام سفر, سیستم انجماد سریع, سیستم هوشمند سرمایش دوگانه, شش عدد سنسور داخلی, صفحه نمايش LED لمسی, طبقات شیشه‌ای بدون قاب, فناوری کاهش مصرف انرژی, فیلتر تصفیه هوای داخلی دولایه نانو کربن, کمپرسور اینورتر دیجیتال",434 لیتر,,,,,,,,,,,,181.6 سانتی‌متر,,91.6 سانتی‌متر,,84 سانتی‌متر,,,,,,,,,,,,,,,,,,,,,,,,,,,,,,,,,,,,,,,,,,,,,,,,,,,,,,,,,,,,,,,,,,,,,,,,,,233 لیتر,,,,سفید متالیک,دارد,اتوماتیک,دارد,,,,,,,,,,,,,,,,,,,,,,,,,,,,,,,,,,,,,,,,,,,,,,,,,,,,,,,,,,,,,,,,,,,,,,,,,,,,,,,
56,SNOWA-SBS-ARS3D-M200-S,۸۶٫۵۰۰٫۰۰۰ تومان,,+A,,,,,,,,,5 عدد,6 عدد,3 عدد,2 عدد,,,,,دارد,,,,,,اینورتر دیجیتال,,4 عدد,,,3 عدد,به سمت راست,به سمت چپ,,,,,,,,,,,,,,,,,,,,,مجهز به سرمایش فلزی درب سوم,,,,,,,,,اسنوا,یخچال فریزر ساید بای ساید سه درب,,یخ ساز اتوماتیک سه حالته,,,32 فوت,,بله,,دارد,,,دارد,اتوماتیک,دارد,دارد,,,3 درب مدیریت تنظیمات یخچال فریزر با گوشی موبایل از طریق اپلیکیشن اسمارت بوم مانیتورینگ 24 ساعته عملکرد یخچال فریزر از طریق اینترنت اعلام هشدارهای نگهداری مثل زمان تعویض فیلتر آب در اپلیکیشن اسمارت بوم کاربر می تواند تاریخ مصرف موادغذایی را در اپلیکیشن اسمارت بوم روی گوشی موبایل وارد کند سپس در زمان پایان تاریخ مصرف، اپلیکیشن به کاربر هشدار می دهد کاربر می تواند تنظیمات دمای دستگاه را از طریق گوشی موبایل انجام دهد کاربر می تواند عملکرد دستگاه را از طریق گوشی موبایل روی یکی از حالت های پیش فرض تازگی، مهمانی، مسافرت و اقتصادی تنظیم کند مجهز به درب سوم با سرمایش فلزی,دفترچه راهنما,,,,,,,,,,,,,,,,,,,,,,,,,,دارد,سامانه گردش هوای سه بعدی,,,,,,,181.6 سانتی متر,,,,84 سانتی‌متر,,,,,,,,,,,,,,,,,,,,,,,,دارد,,,,,,,,,,,,,,,,,,,,,,,,,,,,,,,,,,,,,,,,,,,,,,,,دارد,,,,,,,,,,مخفی,,,,,,,,,,,,,,,,,,,,,,,,,,,,,,,,,,,,,,,,,,,,,,,,,,,,,,,,,,,,,,,,,,,,,,,,,,,,,,
57,SNOWA-SBS-SN8-2353GW,ناموجود,ساید بای ساید,A+,,,,,,,,,5 طبقه,6 طبقه,3 طبقه,2 کشو,,,,,,,,,,,,,4 طبقه,,,3 کشو,,,,,,,,,,,,,,,,,,,,,,,,,,,,,,,,,,,اتوماتیک,,,777 لیتر,,,دارد,,,,,,دارد,,,,,,,,,,,,,اسنوا,,,,,,,,,,,,,"35 فوت, حالت ذخیره انرژی هوشمند, حسگر هوشمند تشخیص دمای بیرونی, حسگرهای هوشمند تشخیص دمای داخلی, دارای فیلتر تصفیه آب, سامانه گردش هوای چندگانه, سامانه مدیریت سرمایش Smart Cooling, سیستم بدون برفک, سیستم سرمایش دوگانه, سیستم قدرتمند گردش هوای سه بعدی, سیستم کاهش صدا در شب, طبقات شیشه‌ای بدون قاب, کمپرسور اینورتر دیجیتال, لامپ LED, هشدار باز بودن درب",500 لیتر,,,,,,,,,,,,181.6 سانتی‌متر,,91.6 سانتی‌متر,,92 سانتی‌متر,,,,,,,,,,,,,,,,,,,,,,,,,,,,,,,,,,,,,,,,,,,,,,,,,,,,,,,,,,,,,,,,,,,,,,,,,,277 لیتر,,,,سفید متالیک,دارد,اتوماتیک,دارد,,,,,,,,,,,,,,,,,,,,,,,,,,,,,,,,,,,,,,,,,,,,,,,,,,,,,,,,,,,,,,,,,,,,,,,,,,,,,,,
58,SNOWA-SBS-S1D-M210-S,۷۱٫۰۰۰٫۰۰۰ تومان,,,,,,,,,,,,,,,,,,,,,,,,,اینورتر دیجیتال,,,,,,,,دارد,,,,,,,,,,,,,,,,,,,,,,,,,,,,,,,,,,,,,,,دارد,,,,,,,,,,,,,,,,,,اسنوا Snowa,استیل,,,,,,,,,,,,,,,,LED,دارد,,,,دارد,,,,,,,,,,,,,,,,,,,,,,,,,,,,,,,,,,,,,,,,,,,,,,,,,,,,,,,هارمونی Harmony,,,,,,,,,,,,,A+,,,,دارد,,,,,,,,,,,,,,,,,,,دارد,32 فوت,ندارد,اتوماتیک,اتوماتیک,ضد برفک,LED,,,,,,,,,,,,,,,,,,,,,,,,,,,,,,,,,,,,,,,,,,,,,,,,,,,,,,,,,,,,,,,,,,,,,,,
59,TCL-SBS-S545,۳۳٫۰۰۰٫۰۰۰ تومان,,,,,,,,,,,,,,,,,,,,,,,,,,دارد,4 عدد,,,,,,,,,,,,,,,,,,,,,,,,,,,,,,,,,,,,,+A,,,,,,,,,,,دارد,دارد,,,,,,,,,,,ندارد,,,,,19 فوت,,,,,,,,,,,,,,,,,,,,دارد,,,,1770 میلی متر,,920 میلی متر,,638 میلی متر,,,,,,,,,,,,,,,,,,,,,,,,,,,,,,,,,,,,,,,,,,,,,,,,,,,,,ساید بای ساید,,,,,,,,,,,,,,,,,,,,,,,,,,,,,,,,,,,,,4 عدد,1 عدد,بله,دارد,لامپ LED,به سمت راست,1 عدد,به سمت چپ,ندارد,ندارد,LED,دارد,دارد,"سیستم انجماد سریع (Super Freezing), سیستم سرمایش سریع (Super Cooling), سیستم کنترل هوشمند دیجیتال, گردش هوای چندگانه (Multi Airflow), مجهز به تکنولوژی AAt, یخساز دستی",,,,,,,,,,,,,,,,,,,,,,,,,,,,,,,,,,,,,,,,,,,,,,,,,,,,,,,,,
60,X.VISION-SBS-HS550-ASD,۵۲٫۰۰۰٫۰۰۰ تومان,,,,,,,,,,,4 طبقه در یخچال,,,,,,,,,,,,,مخفی,,,,,,,,,,,,,,,,,,,,,,,,,,,,,,,,,,,,,,,,,,,93 کیلوگرم,,,,,,,,,دارد,,,,,,,,,,,,,,ایکس ویژن,,,,2 عدد,,,,,,,,,,,,,دارد,,,,,دارد,,,,1770 میلی متر,,,,710 میلی متر,910 میلی متر,,,,,,,,,,,,,,دارد,,,,,,,,,,,,,,,,,,,,,,,,,,,,,,,,,,,,,,,,,,,,,,,,,,ندارد,,,,,,,,,,,,,سفید,,اتوماتیک,,,,,,,,,,,,,,,,,به سمت چپ,,,,,,,دارد,LED,۴ طبقه در یخچال,شیشه ای,دارد,"۲ کشو شفاف, ۴ طبقه در فریزر",LED,159 لیتر,342 لیتر,501 لیتر,"اتوماتیک (آب شهری), دارد",دارد,فیلتر ضد باكتری (Anti Bacteria System),اینورتر,+A,دارد,بله,اینورتر,ساید بای ساید,,,,,,,,,,,,,,,,,,,,,,,,,,,,,,,,,,,,,,
61,X.VISION-SBS-TS552-ASD,۳۳٫۵۰۰٫۰۰۰ تومان,,,,,,,,,,,5 طبقه,,,,دارد,,,,,,,,,,,,5 عدد,,,,,,,,,,,,,,,,,,,,,,,,,,,,,,,,,,,,,,,,,,,,,دارد,,,,,,,,,,,,,,دستی,,ارتفاع 176.8 سانتیمتر عرض 92 سانتیمتر عمق 63 سانتیمتر,,ایکس ویژن,استیل,,28 فوت,1 عدد,,,,,A,,,,,,,,,دارد,,,,دارد,,,,,,,,,,,,,,,,42 دسی بل,,,,,,,,,,,,,,,,,,,,,,,,,,,,,,,,,,,,,,,,,,,,,ساید بای ساید,,,,,,,,,,,,,,,,,,,,,,,,,,,,,,,,,,,,,,,,,,,,,,,,,,,,,,,,,,,,,,,,,,,,,,ایران,دارد,547 لیتر,485 لیتر,321 لیتر,164 لیتر,R600a,3 عدد,4 عدد,دارد,دارد,دارد,دارد,دارد,84 کیلوگرم,,,,,,,,,,,,,,,,,,,,,,,
62,X.VISION-SBS-TS666-AWD,۳۶٫۴۹۰٫۰۰۰ تومان,,,,,,,,,,,4 عدد,,,,,,,,,,,,,,,,4 عدد,,,,,,,,,,,,,,,,,,,,,,,,,,,,,,,,,,,,,,,,,,,,,دارد,,,,,,,,,,,,,,,,ارتفاع 176.8 سانتیمتر عرض 92 سانتیمتر عمق 73.5 سانتیمتر,,ایکس ویژن,استیل,,30 فوت,,,,,,+A,,,,,,,,,دارد,,,,دارد,,,,,,,,,,,,,,,,42 دسی بل,,,,,,,,,,,,2 عدد,,,,,,,,,,,,,,,,,,,,,,,,,,,,,,,,,,,,,,,,,,,,,,,,,,,,,,,,,,,,,,,,,,,,,,,,,,,,2 عدد,,,,,,,,,,,,,,,,,,,,,,,,,,,ایران,دارد,666 لیتر,597 لیتر,390 لیتر,207 لیتر,R600a,3 عدد,4 عدد,,دارد,دارد,دارد,دارد,95 کیلوگرم,ساید بای ساید,دارد,دارد,دارد,,,,,,,,,,,,,,,,,,,
63,X.VISION-SBS-TS666-ASD,۳۶٫۴۹۰٫۰۰۰ تومان,,,,,,,,,,,4 عدد,,,,,,,,,,,,,,,,4 عدد,,,,,,,,,,,,,,,,,,,,,,,,,,,,,,,,,,,,,,,,,,,,,دارد,,,,,,,,,,,,,,,,ارتفاع 176.8 سانتیمتر عرض 92 سانتیمتر عمق 73.5 سانتیمتر,,ایکس ویژن,استیل,,30 فوت,,,,,,+A,,,,,,,,,دارد,,,,دارد,,,,,,,,,,,,,,,,42 دسی بل,,,,,,,,,,,,2 عدد,,,,,,,,,,,,,,,,,,,,,,,,,,,,,,,,,,,,,,,,,,,,,,,,,,,,,,,,,,,,,,,,,,,,,,,,,,,,2 عدد,,,,,,,,,,,,,,,,,,,,,,,,,,,ایران,دارد,666 لیتر,597 لیتر,390 لیتر,207 لیتر,R600a,3 عدد,4 عدد,,دارد,دارد,دارد,دارد,95 کیلوگرم,ساید بای ساید,دارد,دارد,دارد,,,,,,,,,,,,,,,,,,,
64,X.VISION-SBS-TF541-AMD,۳۷٫۲۰۰٫۰۰۰ تومان,,,,,,,,,,,,,,,,,,,دستی,,,,,,,,,,,,,,,,,,,,,,,,,,,,,,,,,,,,,,,,,,,,یخچال و فریزر ساید بای ساید چهار در,,,,95 کیلوگرم,,,,,,,,بله,,,,,,,,,,,,,,,ایکس ویژن,"سفید, استیل",,,6 عدد,,,,,,3 عدد,,,"- انجماد سریع, - سرمایش سریع, - فناوری AAT, - عملکرد تعطیلات, - روشنایی داخلی LED, - گردش هوای چندگانه, -",296 لیتر,,نوفراست (بدون برفک),,,,,,,,,,185cm,,,,67cm,86cm,,,,,,,,,,,,,,,,,,,,,,,,,,,,,,,,,,,,,,,,,,,,,,,,,,,,,,,,,,,,,,,,,,,,,,,,,133 لیتر,,,,,,,,,,,,,,,,,,,,,,,,,,,,,,,,,,,,,,,,,,,,,,,,,,دارد,,,,,,,,,,,,,,,,,,R600a,,,,,,,,,,,,,,,,,,
65,X.VISION-SBS-TT580-ASD,۲۵٫۰۰۰٫۰۰۰ تومان,یخچال فریزر بالا,A+,,,,,,,,,3 طبقه,3 طبقه,2 طبقه,2 کشو,,,,,,,,,,,,,1 طبقه,,,ندارد,,,,,,,,,,,,,,,,,,,,,,,,,,,,,,,,,,,دستی,,,534 لیتر,,,دارد,,,,,,ندارد,,,,,,,,,,,,,ایکس ویژن,,,,,,,,,,,,,"بدنه استیل ضد لک, برنامه ویژه شستشوی لباس کودک BABY CARE, بهره گیری از سیستم گردش هوای هوشمند (Swing Flow), صفحه نمایش LED با پنل لمسی, مجهز به سیستم گردش هوای چندگانه غذایی Multi Air Flow",395 لیتر,,,,,,,,دارد,,,,184.8 سانتی‌متر,,83.6 سانتی‌متر,,66.8 سانتی‌متر,,,,,,,,,,,,,,,,,,,,,,,,,,,,,,,,,,,,,,,,,,,,,,,,,,,,,,,,,,,,,,,,,,,,,,,,,,139 لیتر,,,,تیتانیوم,نوفراست,دستی,دارد,,,,,,,,,,,,,,,,,,,,,,,,,,,,,,,,,,,,,,,,,,,,,,,,,,,,,,,,,,,,,,,,,,,,,,,,,,,,,,,
66,X.VISION-SBS-TS665,۳۶٫۱۰۰٫۰۰۰ تومان,ساید بای ساید,A+,,,,,,,,,4 طبقه,3 طبقه,4 طبقه,2 کشو,,,,,,,,,,,,,4 طبقه,,,2 کشو,,,,,,,,,,,,,,,,,,,,,,,,,,,,,,,,,,,دستی,,,597 لیتر,,,ندارد,,,,,,ندارد,,,,,,,,,,,,,ایکس ویژن,,,,,,,,,,,,,"دریچه گردش هوای هوشمند, سیستم سرمایش و انجماد سریع, سیستم نوفراست, گردش هوای چندگانه, مجهز به فیلتر ضد باكتری (Anti Bacteria System), مجهز به کمپرسور اینورتر",390 لیتر,,,,,,,,دارد,,,,176.8 سانتی‌متر,,92 سانتی‌متر,,73.5سانتی‌متر,,,,,,,,,,,,,,,,,,,,,,,,,,,,,,,,,,,,,,,,,,,,,,,,,,,,,,,,,,,,,,,,,,,,,,,,,,207 لیتر,,,,تیتانیوم,نوفراست,دستی,دارد,,,,,,,,,,,,,,,,,,,,,,,,,,,,,,,,,,,,,,,,,,,,,,,,,,,,,,,,,,,,,,,,,,,,,,,,,,,,,,,
67,X.VISION-SBS-TF541-AWD,۳۷٫۲۰۰٫۰۰۰ تومان,,,,,,,,,,,,,,,,,,,دستی,,,,,,,,,,,,,,,,,,,,,,,,,,,,,,,,,,,,,,,,,,,,یخچال و فریزر ساید بای ساید چهار در,,,,95 کیلوگرم,,,,,,,,بله,,,,,,,,,,,,,,,ایکس ویژن,"سفید, استیل",,,6 عدد,,,,,,3 عدد,,,"- انجماد سریع, - سرمایش سریع, - فناوری AAT, - عملکرد تعطیلات, - روشنایی داخلی LED, - گردش هوای چندگانه, -",296 لیتر,,نوفراست (بدون برفک),,,,,,,,,,185cm,,,,67cm,86cm,,,,,,,,,,,,,,,,,,,,,,,,,,,,,,,,,,,,,,,,,,,,,,,,,,,,,,,,,,,,,,,,,,,,,,,,,133 لیتر,,,,,,,,,,,,,,,,,,,,,,,,,,,,,,,,,,,,,,,,,,,,,,,,,,دارد,,,,,,,,,,,,,,,,,,R600a,,,,,,,,,,,,,,,,,,
68,X.VISION-SBS-TS550-ASD,۳۴٫۱۰۰٫۰۰۰ تومان,,کیلو وات ساعت,,,,,,,,,,,,,,,,,نیمه اتوماتیک,,,,,,,,,,,,,,,,,,,,,,,,,,,,,,,,,,,,,,,,,,,,,,,,92 کیلوگرم,,,,,,,,,,,,,,,دفترچه راهنما,,,,,,,,x-vision,,,,عدد,,,,,,5 عدد,5 عدد,,,332 لیتر,,,روی درب,,,,,,,,,1765 میلی‌متر,میلی‌متر,920 میلی‌متر,,,,,,,,,,دسی بل,,,,,,,,,,,,,,,,,,,,,,,,,,,,,,,,,,,,,,,,,,,,,یخچال ساید بای ساید,,,,,,,,,,,,,,,,,,,,,131 لیتر,,,,"سفید, استيل",,,,,,,,,,,,,,,,,,,,,,LED,,,,,,,,,,,,,,,,بوزدا,,,,,,,ایران,,,,,,,,,,,,,,,,,,,,TS550-AWD/ASD,تک پنل,2 درب,463 لیتر,آبسردکن نيمه اتوماتيك با مخزن آب,شیشه ای مستحکم,يخ ساز نيمه اتوماتيك با مخزن آب,A,630 میلی‌متر,,,,,,,,,
69,X.VISION-SBS-TS551-AWD,۳۳٫۸۰۰٫۰۰۰ تومان,,,,,,,,,,,,,,,,,,,دستی,,,,,,,,,,,,,,,,,,,,,,,,,,,,,,,,,,,,,,,,,,,,,,,,,,,,,,,,,,,,,,,,,,,,,,,ایکس ویژن,سفید,,,,,,,,,,,,,,,,,,,,,,,,,,,,,,,,,,,,,,,,,,,,,,,,,,,,,,,,,,,,,,,,,,,,,,,,,,,,,,,,,,,,,,,,,,,,,,,,,,,,,,,,,,,,,,,,,,,,,,,,,,,,,,,,,,,,,,,,,,,,,,,,,,,,,,,,,,,,,,,,,,,,,,,,,,,,,,,,,,,,,,,,,,,,,
70,X.VISION-SBS-TS665-ASD,۳۶٫۱۰۰٫۰۰۰ تومان,ساید بای ساید,A+,,,,,,,,,4 طبقه,3 طبقه,4 طبقه,2 کشو,,,,,,,,,,,,,4 طبقه,,,2 کشو,,,,,,,,,,,,,,,,,,,,,,,,,,,,,,,,,,,دستی,,,597 لیتر,,,ندارد,,,,,,ندارد,,,,,,,,,,,,,ایکس ویژن,,,,,,,,,,,,,"دریچه گردش هوای هوشمند, سیستم سرمایش و انجماد سریع, سیستم نوفراست, گردش هوای چندگانه, مجهز به فیلتر ضد باكتری (Anti Bacteria System), مجهز به کمپرسور اینورتر",390 لیتر,,,,,,,,دارد,,,,176.8 سانتی‌متر,,92 سانتی‌متر,,73.5سانتی‌متر,,,,,,,,,,,,,,,,,,,,,,,,,,,,,,,,,,,,,,,,,,,,,,,,,,,,,,,,,,,,,,,,,,,,,,,,,,207 لیتر,,,,تیتانیوم,نوفراست,دستی,دارد,,,,,,,,,,,,,,,,,,,,,,,,,,,,,,,,,,,,,,,,,,,,,,,,,,,,,,,,,,,,,,,,,,,,,,,,,,,,,,,
71,X.VISION-SBS-S7,۵۹٫۵۲۰٫۰۰۰ تومان,,,,,,,,,,,4,,,,,,,,,,,,,,اینورتر,,,,,2,,,,,,,,,,,,,,,,,,,,,,,,,,,,,,,,,,,,,,,,,,,,,,,,,,,,,,,,,,,,ایکس ویژن,,,,2,,,,,A+,4,,,,,,,,,,,,دارد,,,,,,,,,,,,,,,,,,,,,,,,,,,,,,,,,,,,,,,,,,,,,,,,,,,,,,,,,,,,,,,,,,,,,,,,,,,,دارد,,,,,,,,,,,,,,,,,,,,نوفراست,,,,,,,,,,,,,,,,,,,,,,,,,,,,,,,,,,,,دارد,,,,,R600a,,,,,,دارد,دارد,,ساید بای ساید,,,,,,,,,,,,,,دارد,556,372,184,دارد,2,دارد,دارد,دارد
72,X.VISION-SBS-HS550-AWD,۵۲٫۰۰۰٫۰۰۰ تومان,,,,,,,,,,,4 طبقه در یخچال,,,,,,,,,,,,,مخفی,,,,,,,,,,,,,,,,,,,,,,,,,,,,,,,,,,,,,,,,,,,93 کیلوگرم,,,,,,,,,دارد,,,,,,,,,,,,,,ایکس ویژن,,,,2 عدد,,,,,,,,,,,,,دارد,,,,,دارد,,,,1770 میلی متر,,,,710 میلی متر,910 میلی متر,,,,,,,,,,,,,,دارد,,,,,,,,,,,,,,,,,,,,,,,,,,,,,,,,,,,,,,,,,,,,,,,,,,ندارد,,,,,,,,,,,,,سفید,,اتوماتیک,,,,,,,,,,,,,,,,,به سمت چپ,,,,,,,دارد,LED,۴ طبقه در یخچال,شیشه ای,دارد,"۲ کشو شفاف, ۴ طبقه در فریزر",LED,159 لیتر,342 لیتر,501 لیتر,"اتوماتیک (آب شهری), دارد",دارد,فیلتر ضد باكتری (Anti Bacteria System),اینورتر,+A,دارد,بله,اینورتر,ساید بای ساید,,,,,,,,,,,,,,,,,,,,,,,,,,,,,,,,,,,,,,
73,X.VISION-SBS-TS666ASD,۳۶٫۴۹۰٫۰۰۰ تومان,,,,,,,,,,,4 عدد,,,,,,,,,,,,,,,,4 عدد,,,,,,,,,,,,,,,,,,,,,,,,,,,,,,,,,,,,,,,,,,,,,دارد,,,,,,,,,,,,,,,,ارتفاع 176.8 سانتیمتر عرض 92 سانتیمتر عمق 73.5 سانتیمتر,,ایکس ویژن,استیل,,30 فوت,,,,,,+A,,,,,,,,,دارد,,,,دارد,,,,,,,,,,,,,,,,42 دسی بل,,,,,,,,,,,,2 عدد,,,,,,,,,,,,,,,,,,,,,,,,,,,,,,,,,,,,,,,,,,,,,,,,,,,,,,,,,,,,,,,,,,,,,,,,,,,,2 عدد,,,,,,,,,,,,,,,,,,,,,,,,,,,ایران,دارد,666 لیتر,597 لیتر,390 لیتر,207 لیتر,R600a,3 عدد,4 عدد,,دارد,دارد,دارد,دارد,95 کیلوگرم,ساید بای ساید,دارد,دارد,دارد,,,,,,,,,,,,,,,,,,,
74,X.VISION-SBS-TS665-AWD,۳۶٫۱۰۰٫۰۰۰ تومان,ساید بای ساید,A+,,,,,,,,,4 طبقه,3 طبقه,4 طبقه,2 کشو,,,,,,,,,,,,,4 طبقه,,,2 کشو,,,,,,,,,,,,,,,,,,,,,,,,,,,,,,,,,,,دستی,,,597 لیتر,,,ندارد,,,,,,ندارد,,,,,,,,,,,,,ایکس ویژن,,,,,,,,,,,,,"دریچه گردش هوای هوشمند, سیستم سرمایش و انجماد سریع, سیستم نوفراست, گردش هوای چندگانه, مجهز به فیلتر ضد باكتری (Anti Bacteria System), مجهز به کمپرسور اینورتر",390 لیتر,,,,,,,,دارد,,,,176.8 سانتی‌متر,,92 سانتی‌متر,,73.5سانتی‌متر,,,,,,,,,,,,,,,,,,,,,,,,,,,,,,,,,,,,,,,,,,,,,,,,,,,,,,,,,,,,,,,,,,,,,,,,,,207 لیتر,,,,تیتانیوم,نوفراست,دستی,دارد,,,,,,,,,,,,,,,,,,,,,,,,,,,,,,,,,,,,,,,,,,,,,,,,,,,,,,,,,,,,,,,,,,,,,,,,,,,,,,,
