model_code,یخساز فوق باریک,پشتیبانی فنی و قطعات,سامانه سرمایش دوگانه,قابلیت هوشمندی یخچال,تصفیه هوا نانو کربن,سیستم مدیریت هوشمند Smart Management,بارخانگی جدید با تکنولوژِی Metal cooling,صفحه نمایش لمسی,پنل نمایشگر,سامانه بار خانگی (هوم بار),سامانه انجماد سریع,رتبه مصرف انرژی,محفظه ی تازه نگهدارنده میوه و سبزیجات,محفظه ی اختصاصی گوشت و مرغ,میزان صدا یخچال,اصالت کالا,قفل یخساز,ابعاد (پهنا × عمق × ارتفاع) سانتیمتر,کشو با تنظیم دما و رطوبت,انجماد سریع (Super Freezer),قابلیت تبدیل فریزر به یخچال,بار خانگی ( هوم بار ),آبریز,یخساز نیمه اتوماتیک (منبع آب),ابعاد,گنجايش خالص به ليتر,گنجایش,ظرفیت,گنجایش فریز,رتبه انرژی,تعداد طبقات,تعداد طبقات درب,جهت باز شدن درب,نوع دستگیره در,نوع برفک زدایی,نمایشگر,انجماد سریع,جریان هوا,آبریز دستی,یخ ساز خودکار,سایر ویژگیهای یخچال,سایر ویژگیهای فریزر,عمق با درب,وزن(گرم),عرض,یخساز اتوماتیک (آب شهری),گنجایش به فوت,فیلترDeodorizer,کمپرسور سامسونگ کره,کشو کنترل رطوبت,نوع دستگاه,حالت کاهش مصرف انرژی هوشمند,سامانه مدیریت سرمایش,حسگر هوشمند تشخیص دمای بیرونی,حسگرهای هوشمند تشخیص دمای داخلی,سرمایش دوگانه,گردش هوای سه بعدی,هشدار باز بودن درب,روشنایی یخچال,فیلتر تصفیه هوای داخلی,فیلتر جاذب اتیلن,تعداد پاکت درب یخچال,تعداد کشوی یخچال,نوع طبقات شيشه ای,جا لبنیاتی,محفظه نگهداری میوه و سبزیجات,جهت باز شدن در یخچال,انجماد سريع فريزر,تعداد پاکت درب,جهت باز شدن در فریزر,ابعاد محصول,ظرفیت محصول,نوار درزگیر,سامانه خودکار بسته شدن درها,نوع صفحه نمايش,نوع دستگیره‌ی درب,مدل,سری محصول,نوع دستگیره‌ی در,اتصال به اینترنت,رابط کاربری,هشدار باز بودن در,آب سرد کن,نوع آب سرد کن,نوع بار خانگی,تعداد پاکت درب فریزر,کشو با قابلیت تنظیم دما,سیستم سرمایش هوشمند(Smart Cooling),فیلتر ضد بو,امکان باز شدن درب از دو طرف,نمایشگر دیجیتال,تصفیه آب,رده انرژی,اندازه (فوت),قابلیت اتصال به اینترنت,آبسردکن اتومات,یخساز اتومات,دستگیره,کلاس مصرف انرژی,یخساز اتوماتیک (متصل به آب شهری),کمپرسور اینورتر,لامپ داخلی,نوع کمپرسور اسپلیت,یخچال دارای کشو با تنظیم دما و رطوبت,سازنده,رنگ بدنه,مقاومت در برابر برفک,نوع آبسردکن,اخطار باز بودن درب,دستگیره درب,هوم بار,گنجایش خالص به فوت,قابلیت IOT,سیستم آبریز,سیستم یخ ساز,سیستم خنک کننده,نوع روشنایی,تعدادطبقات یخچال,تعداد کشوهای یخچال,نوفراست (بدون برفک),لامپ,توضیحات روشنایی,جهت بازشدن درب یخچال,تعداد کشوهای فریزر,جهت بازشدن درب فریزر,یخساز اتوماتیک(آب شهری),محفظه هوم بار,صفحه دیجیتال لمسی,فیلتر بوگیر,سایر توضیحات,قابلیت سرمایش سریع (Quick Cooling),روشنایی داخلی در یخچال,طبقات یخچال,نوع طبقات,قابلیت انجماد سریع (Super Freezing),طبقات فریزر,روشنایی داخلی در فریزر,ظرفیت فریزر (لیتر),ظرفیت یخچال (لیتر),ظرفیت کل (لیتر),یخ ساز,اتصال به آب شهری,نوع فیلتر,کمپرسور,گرید انرژی,سیستم گردش هوای چندگانه (Multi Air Flow),سیستم بدون برفک (نوفراست),نوع موتور,نوع یخچال/فریزر,کشور سازنده,کنترل پنل دیجیتال,ظرفیت کل ناخالص,ظرفیت کل خالص,ظرفیت خالص یخچال,ظرفیت خالص فریزر,گاز مبرد,تعداد قفسه های درب یخچال,تعداد قفسه های درب فریزر,دستگیره مخفی,گردش هوای چندگانه,دریچه گردش هوای هوشمند,روشنایی داخلی LED,زنگ اخطار باز ماندن درب,وزن محصول,نوع محصول,قابلیت بدون برفک,آبسرد کن دستی با مخزن,فیلتر ضد باکتری,نوع مبرد,نام مدل,تعداد پنل,تعداد درب,گنجايش کل به ليتر,سایر ویژگی های یخچال,جنس قفسه ها,سایر ویژگی های فریزر,برچسب انرژی,عمق بدون درب,مینی بار,ظرفیت کل خالص (لیتر),ظرفیت خالص یخچال (لیتر),ظرفیت خالص فریزر (لیتر),آبریز اتوماتیک,تعداد طبقات داخل درب,گردش هوای 360 درجه,سرمایش و انجماد سریع,قابلیت خاموش کردن محفظه یخچال,نوع یخچال فریزر,مصرف انرژی,گنجایش یخچال (به لیتر),گنجایش فریزر (به لیتر),ظرفیت یخچال(به فوت),ظرفیت فریزر(به فوت),ارتفاع(به سانتی متر),عمق(به سانتی متر),پهنا(عرض-به سانتی متر),وزن کل(به کیلو گرم),تعداد کشو یخچال,بدون برفک,سیستم گردش هوای چند بعدی,آب سردکن,اخطار صوتی باز ماندن درب,لامپ یخچال,سری,سیستم سرمایش سریع یخچال,سیستم انجماد سریع فریزر,محفظه بار خانگی,یخساز و آبسرد کن خودکار,نوع دستگیره,نوع کمپرسور,صفحه نمایش,ظرفیت کل(به فوت),ظرفیت کل(به لیتر),تعداد کشو فریزر,فیلتر تصفیه آب,میزان صدای مزاحم,روشنایی فریزر,ساخت,قفل صفحه نمایش,نوار پلاستیکی در درب,سیستم بسته شدن خودکار درب ها,حالت ذخیره انرزی هوشمند (ECO),فناوری کاهش مصرف انرژی,سامانه کنترل سرمایش الکترونیک,سامانه مدیریت مصرف هنگام سفر,حالت خواب,سیستم کاهش صدا در شب,سیستم کنترل هوشمند,فیلتر هوای داخلی,یخساز,محفظه نگه داری میوه ها و سبزیجات,سیستم سرمایش دوگانه(Dual Cooling System),خدمات پس از فروش,طبقات شیشه ای بدون قاب,محفظه نگه داری حرفه ای گوشت,سامانه حفظ تازگی میوه و سبزیجات با نور آبی,سرمایش فلزی,فیلتر جاذب اتیلن Fresh Max Filter,گنجایش کل(به لیتر),درب سوم,گرید,امکان تنظیم دما و حالت عملکرد دستگاه از طریق اینترنت,وارد کردن تاریخ مصرف مواد غذایی و دریافت هشدار در زمان پایان,امکان دریافت هشدار روی موبایل برای سرویس های دوره ای,نوع یخچال,برند کالا,رنگ,آبسردکن,اخطار باز ماندن درب,سامانه خودکار بسته شدن دربها,بار خانگی,نوع یخساز,سرمایش سریع,گنجایش کل,ارتفاع بسته بندی,عرض بسته بندی,عمق بسته بندی,اقلام همراه,سایر ویژگی ها,حسگر هوشمند تشخیص دما,نوع صفحه نمایش,یخچال بدون برفک,هشدار باز ماندن درب,محفظه بار,دارای کشو با تنظیم دما و رطوبت,سیستم انجماد سریع,فریزر بدون برفک,یخساز اتوماتیک,تعداد طبقات داخل فریزر,سایر ویژگی های محصول,اطلاعات نوع یخچال,قفل کودک,سایر مشخصات,برند,محدوده گنجایش کل به لیتر,شناسه کالا,امکانات یخچال,امکانات فریزر,سایر ویژگی‌های فریزر,ارتفاع یخچال-فریزر,عمق یخچال-فریزر,پهنای یخچال-فریزر,سایر ویژگی‌های یخچال,نوع یخچال و فریزر,id,price,نمودار مصرف انرژی,وزن,گنجایش کل به لیتر,گنجایش کل به فوت,نوع مقاومت در برابر برفک,گنجایش یخچال,تعداد طبقات یخچال,تعداد طبقات درب یخچال,تعداد کشو,گنجایش فریزر,تعداد طبقات فریزر,تعداد طبقات درب فریزر,تعداد کشوی فریزر,جهت باز شدن درب یخچال,جهت باز شدن درب فریزر,میزان صدا,لزوم اتصال به شیر آب,سایر ویژگی‌ها,ارتفاع,عمق,پهنا
DAEWOO-SBS-ARSXi30-20S,,,,,,,,,,,,,,,,,,,,,,,,,,,,,,,,,,,,,,,,,,,,,,,,,,,,,,,,,,,,,,,,,,,,,,,,,,,,,,,,,,,,,,,,,,,,,,,,,,,,,,,,,,,,,,,,,,,,,,,,,,,,,,,,,,,,,,,,,,,,,,,,,,,,,,,,,,,,,,,,,,,,,,,,,,,,,,,,,,,,,,,,,,,,یخچال فریزر ساید بای ساید,A+,440 لیتر,190 لیتر,,,181.6 سانتی متر,84 سانتی متر,91.6 سانتی متر,110 کیلوگرم,2 عدد,بله,دارد,اتوماتیک متصل به آب شهری,دارد,روشناییLED,Prime 3DR IOT,دارد,دارد,همان درب سوم مجهز به سرمایش فلزی,,دستگیره مخفی,اینورتر دیجیتال(DI),LEDهمراه با دکمه های لمسی,32 فوت,,3 عدد,دارد,38 دسی بل,روشناییLED,ایران,,,,,,,,,,,,اتوماتیک(متصل به آب شهری),دارد,ندارد,,دارد,,,,,630 لیتر,,,,,,,,,,,,,,,,,,,,,,,,,,,,,,,,,,,,بیش از ۷۰۰ لیتر,۴۲۳۶۲CRSDWH۱۰۹,آبسردکن,یخساز اتوماتیک (آب شهری),"باکتري زدايی, بوزدايی, تصفيه هوا, تکنولوژی ديجيتال, درِ سوم همراه با سامانه سرمايش فلزی, روشنايي درخشان با LED, سامانه آرام بند درها, سامانه خودکار بسته شدن دَرها, سطوح کاملا مسطح, طبقات شيشه‌اي بدون فريم, فضاي بيشتر داخل فريزر, کاهش صداهای مزاحم, محفظه نگهداری حرفه‌ای گوشت تازه, مديريت هوشمند انرژی, نمايشگرLED با کنترل لمسی",۱۸۱.۶ سانتی‌متر,۹۲ سانتی‌متر,۹۱.۶ سانتی‌متر,"باکتري زدايی, بوزدايی, تصفيه هوا, تکنولوژی ديجيتال, درِ سوم همراه با سامانه سرمايش فلزی, روشنايي درخشان با LED, سامانه آرام بند درها, سامانه خودکار بسته شدن دَرها, سطوح کاملا مسطح, طبقات شيشه‌اي بدون فريم, فضاي بيشتر داخل فريزر, کاهش صداهای مزاحم, محفظه نگهداری حرفه‌ای گوشت تازه, مديريت هوشمند انرژی, نمايشگرLED با کنترل لمسی",,4.0,۹۴٫۴۰۰٫۰۰۰ تومان,A+,۱۱۵ کیلوگرم,۷۷۱,۳۶,نوفراست,۴۹۴ لیتر,5 عدد,5 عدد,۵ عدد,۲۷۷ لیتر,3 عدد,3 عدد,۳,به سمت راست,به سمت چپ,,بله,"باکتري زدايی, بوزدايی, تصفيه هوا, تکنولوژی ديجيتال, درِ سوم همراه با سامانه سرمايش فلزی, روشنايي درخشان با LED, سامانه آرام بند درها, سامانه خودکار بسته شدن دَرها, سطوح کاملا مسطح, طبقات شيشه‌اي بدون فريم, فضاي بيشتر داخل فريزر, کاهش صداهای مزاحم, محفظه نگهداری حرفه‌ای گوشت تازه, مديريت هوشمند انرژی, نمايشگرLED با کنترل لمسی",,,
DAEWOO-SBS-ARSXi30-30S,,,,دارد,,,,,,,,,,,,,,,,,,,,,,,,,,,,,,,,,,,,,,,,,,,,,,,,,,,,,,,,,,,,,,,,,,,,,,,,,,,,,,,,,,,,,,,,,,,,,,,,,,,,,,,,,,,,,,,,,,,,,,,,,,,,,,,,,,,,,,,,,,,,,,,,,,,,,,,,,,,,,,,,,,,,,,,,,,,,,,,,,,,,,,,,یخچال فریزر ساید بای ساید,A+,494 لیتر,277 لیتر,,,181.6 سانتی متر,92 سانتی متر,91.6 سانتی متر,120 کیلوگرم,2 عدد,بله,دارد,اتوماتیک متصل به آب شهری,دارد,روشناییLED,,دارد,دارد,همان درب سوم مجهز به سرمایش فلزی,,دستگیره مخفی,اینورتر دیجیتال(DI),LEDهمراه با دکمه های لمسی,36 فوت,,3 عدد,دارد,38 دسی بل,روشناییLED,ایران,دارد,آنتی باکتریال با قابلیت تعویض,دارد,دارد,دارد,دارد,ندارد,دارد,,ندارد,فیلتر هوای سه گانه Fresh Max Plus,اتوماتیک(متصل به آب شهری),دارد,دارد,10 سال,دارد,دارد,,دارد,دارد,771 لیتر,سامانه سرمایش فلزی Metal Ice Cooling,A+,دارد,دارد,دارد,,,,,,,,,,,,,,,,,,,,,,,,,,,,,,,بیش از ۷۰۰ لیتر,۲۹۰۳۲۸۳۶۰۰۵۲۴,لامپ یخچال,یخساز اتوماتیک (آب شهری),,۱۸۱.۶ سانتی‌متر,۹۲ سانتی‌متر,۹۱.۶ سانتی‌متر,مجهز به بار خانگی جهت دسترسی آسان به نوشیدنی‌ها و خوراکی‌های مورد نیاز,ساید بای ساید,23.0,۹۶٫۰۰۰٫۰۰۰ تومان,A+,۱۱۵ کیلوگرم,۷۷۱,۳۶,نوفراست,۴۹۴ لیتر,5 عدد,5 عدد,۲ عدد,۲۷۷ لیتر,3 عدد,3 عدد,۳,به سمت راست,به سمت چپ,,دارد,گنجایش زیاد فضای داخلی برای نگهداری انواع مواد غذایی / قابل کنترل از طریق برنامه موبایل / دستگیره مخفی / دارای نمایشگر و صفحه کنترل لمسی / دارای آب‌سردکن اتوماتیک,,,
DAEWOO-SBS-ARSXi30-30W,,,,دارد,,,,,,,,,,,,,,,,,,,,,,,,,,,,,,,,,,,,,,,,,,,,,,,,,,,,,,,,,,,,,,,,,,,,,,,,,,,,,,,,,,,,,,,,,,,,,,,,,,,,,,,,,,,,,,,,,,,,,,,,,,,,,,,,,,,,,,,,,,,,,,,,,,,,,,,,,,,,,,,,,,,,,,,,,,,,,,,,,,,,,,,,یخچال فریزر ساید بای ساید,A+,494 لیتر,277 لیتر,,,181.6 سانتی متر,92 سانتی متر,91.6 سانتی متر,120 کیلوگرم,2 عدد,بله,دارد,اتوماتیک متصل به آب شهری,دارد,روشناییLED,,دارد,دارد,همان درب سوم مجهز به سرمایش فلزی,,دستگیره مخفی,اینورتر دیجیتال(DI),LEDهمراه با دکمه های لمسی,36 فوت,,3 عدد,دارد,38 دسی بل,روشناییLED,ایران,دارد,آنتی باکتریال با قابلیت تعویض,دارد,دارد,دارد,دارد,ندارد,دارد,,ندارد,فیلتر هوای سه گانه Fresh Max Plus,اتوماتیک(متصل به آب شهری),دارد,دارد,10 سال,دارد,دارد,,دارد,دارد,771 لیتر,سامانه سرمایش فلزی Metal Ice Cooling,A+,دارد,دارد,دارد,,,,,,,,,,,,,,,,,,,,,,,,,,,,,,,,,,,,,,,,,7.0,۹۶٫۰۰۰٫۰۰۰ تومان,,,,,نوفراست,,5 عدد,5 عدد,,,3 عدد,3 عدد,,به سمت راست,به سمت چپ,,,,,,
DAEWOO-SBS-D5S-0036SS,,,,,,,,,,"دارد, مجهز سامانه سرمایش فلزی Metal Ice Cooling",دارد,+A,دارد,دارد,38 دسی بل,,,,,,,,,,,,,,,,,,,,,,,,,,,,,,,,,,,,,,,,,,,,,,,,,,,,,,,,,,,,,,,,,,,,,,,,,,,,,,,,,,,,,,,,,,,,,,,,,,,,,,,,,,,,,,,,,,,,,,,,,,,,,,,,,,,,,,,,,,,,,,,,,,,,,,,,,,,,,,,,,,,,,,,,,,,,,,,,,,,,,,,2,بله,,,,LED,,,,,,,اینورتر دیجیتال,دارد,,,۳,دارد,,,,,,,,,,,,,,,اتوماتیک,,,,,,,,,,,,,,,,,سفید متالیک,دارد,دارد,,,,دارد,,,,,دفترچه راهنما,,,,,,,,,,,,,ساید بای ساید,دارد,"اتصال به آب شهری, حالت خواب (Sleep Mode), حالت ذخیره انرژی هوشمند (ECO), زنگ هشدار باز بودن درب, سامانه خودکار بسته شدن درب‌ها, سامانه سرمایش سریع در یخچال, سامانه کنترل سرمایش الکترونیکی, سامانه گردش هوای چندگانه, فناوری کاهش مصرف انرژی, فیلتر تصفیه آب, فیلتر هوای سه گانه Fresh Max Plus, قابلیت غیر فعال کردن یخ‌ساز, نوار درزگیر آنتی باکتریال با قابلیت تعویض, نوع طبقات شیشه‌ای بدون قاب",دوو,,,,,,,,,,,19.0,ناموجود,,,771 لیتر,36 فوت,,494 لیتر,۴,5,,277 لیتر,۳,3,,به سمت راست,,,,,,,
DAEWOO-SBS-DS-3020GW,دارد,,ندارد,,دارد,دارد,,,,,,,,,,,,,,,,,,,,,,,,,,,,,,,,,,,,,,,,,,,,,,,,,,,,,,,,,,,,,,,,,,,,,,,,,,,,,,,,,,,,,,,,,,,,,,,,,,,,,,,,,,,,,,,,,,,,,,,,,,,,,,,,,,,,,,,,,,,,,,,,,,,,,,,,,,,,,,,,,,,,,,,,,,,,,,,,,,,,,,یخچال فریزر ساید بای ساید,A+,,,18 فوت,9 فوت,181.6 سانتی متر,72 سانتی متر,91.6 سانتی متر,100 کیلوگرم,2 عدد,بله,دارد,,دارد,روشناییLED,,دارد,دارد,دارد,دارد,بیرونی (خارجی),اینورتر دیجیتال(DI),LEDهمراه با دکمه های لمسی,27 فوت,591 لیتر,3 عدد,دارد,38 دسی بل,,ایران,,آنتی باکتریال با قابلیت تعویض,دارد,دارد,دارد,دارد,ندارد,دارد,,دارد,powerful deodorizer,,دارد,,,دارد,ندارد,,,دارد,,,,,,,,,,,,,,,,,,,,,,,,,,,,,,,,,,,,,۵۵۱ تا ۷۰۰,۲۹۰۰۱۷۶۵۰۵۳۰۰,,,,,,,,,24.0,۶۷٫۰۰۰٫۰۰۰ تومان,A+,۱۲۰ کیلوگرم,۵۸۸,۲۸,نوفراست,۳۹۴ لیتر,4 عدد,5 عدد,۲ عدد,۱۹۴ لیتر,2 عدد,3 عدد,۲,به سمت راست,,,,,,,
DAEWOO-SBS-DS-3020MW,,,,,,,,,,,,,,,,,,,,,,,,,,,,,,,,,,,,,,,,,,,,,,,,,,,,,,,,,,,,,,,,,,,,,,,,,,,,,,,,,,,,,,,,,,,,,,,,,,,,,,,,,,,,,,,,,,,,,,,,,,,,,,,,,,,,,,,,,,,,,,,,,,,,,,,,,,,,,,,,,,,,,,,,,,,,,,,,,,,,,,,,,,,,,,,,,,,,,,,,,,,,,,,,,,,,,,,,,,,,,,,,,,,,,,,,,,,,,,,,,,,,,,,,,,,,,,,,,,,,,,,,,,,,,,,,,,,۵۵۱ تا ۷۰۰,۲۹۰۰۱۷۶۵۰۵۳۲۴,,,,,,,,,25.0,,A+,۱۲۰ کیلوگرم,۶۸۴,۲۹,نوفراست,۴۴۰ لیتر,۴,۵,۲ عدد,۲۴۴ لیتر,۳,۳,۳,,,,,,,,
DAEWOO-SBS-DS-3020SS,دارد,,ندارد,,دارد,دارد,,,,,,,,,,,,,,,,,,,,,,,,,,,,,,,,,,,,,,,,,,,,,,,,,,,,,,,,,,,,,,,,,,,,,,,,,,,,,,,,,,,,,,,,,,,,,,,,,,,,,,,,,,,,,,,,,,,,,,,,,,,,,,,,,,,,,,,,,,,,,,,,,,,,,,,,,,,,,,,,,,,,,,,,,,,,,,,,,,,,,,یخچال فریزر ساید بای ساید,A+,,,18 فوت,9 فوت,181.6 سانتی متر,72 سانتی متر,91.6 سانتی متر,100 کیلوگرم,2 عدد,بله,دارد,,دارد,روشناییLED,,دارد,دارد,دارد,دارد,بیرونی (خارجی),اینورتر دیجیتال(DI),LEDهمراه با دکمه های لمسی,27 فوت,591 لیتر,3 عدد,دارد,38 دسی بل,,ایران,,آنتی باکتریال با قابلیت تعویض,دارد,دارد,دارد,دارد,ندارد,دارد,,دارد,powerful deodorizer,,دارد,,,دارد,ندارد,,,دارد,,,,,,,,,,,,,,,,,,,,,,,,,,,,,,,,,,,,,۵۵۱ تا ۷۰۰,۲۹۰۰۱۷۶۵۰۵۳۱۷,,,,,,,,,9.0,۶۷٫۰۰۰٫۰۰۰ تومان,A+,۱۲۰ کیلوگرم,۵۹۱,۲۸,نوفراست,۳۹۴ لیتر,4 عدد,5 عدد,۲ عدد,۱۹۷ لیتر,2 عدد,3 عدد,۲,به سمت راست,,,,,,,
DAEWOO-SBS-DS-3320MW,دارد,10 سال,ندارد,,,,,,,,,,,,,,,,,,,,,,,,,,,,,,,,,,,,,,,,,,,,,,,,,,,,,,,,,,,,,,,,,,,,,,,,,,,,,,,,,,,,,,,,,,,,,,,,,,,,,,,,,,,,,,,,,,,,,,,,,,,,,,,,,,,,,,,,,,,,,,,,,,,,,,,,,,,,,,,,,,,,,,,,,,,,,,,,,,,,,,,,,یخچال فریزر ساید بای ساید,A+,440 لیتر,244 لیتر,تقریبا 20.5 فوت,تقریبا 11.5 فوت,181.6 سانتی متر,84 سانتی متر,91.6 سانتی متر,115 کیلوگرم,2 عدد,بله,دارد,اتوماتیک متصل به آب شهری,دارد,روشناییLED,پارامو,دارد,دارد,مجهز به فناوری آرام بازشو,دارد,بیرونی (خارجی),اینورتر دیجیتال(DI),LEDهمراه با دکمه های لمسی,32 فوت,684 لیتر,3 عدد,دارد,38 دسی بل,روشناییLED,ایران,دارد,آنتی باکتریال با قابلیت تعویض,دارد,دارد,دارد,دارد,ندارد,دارد,ندارد,دارد,powerful deodorizer,,,,,,,,,,,,,,,,,,,,,,,,,,,,,,,,,,,,,,,,,,,,,,۵۵۱ تا ۷۰۰,۲۹۰۰۱۷۶۵۰۵۳۲۴,نمایشگر,,,,,,,,1.0,۷۵٫۰۰۰٫۰۰۰ تومان,A+,۱۵۰ کیلوگرم,۶۸۴,۳۲,نوفراست,۴۴۰ لیتر,4 عدد,5 عدد,۲ عدد,۲۴۴ لیتر,2 عدد,3 عدد,۳,به سمت راست,به سمت چپ,,,,,,
DAEWOO-SBS-DS-3320SS,دارد,10 سال,ندارد,,,,,,,,,,,,,,,,,,,,,,,,,,,,,,,,,,,,,,,,,,,,,,,,,,,,,,,,,,,,,,,,,,,,,,,,,,,,,,,,,,,,,,,,,,,,,,,,,,,,,,,,,,,,,,,,,,,,,,,,,,,,,,,,,,,,,,,,,,,,,,,,,,,,,,,,,,,,,,,,,,,,,,,,,,,,,,,,,,,,,,,,,یخچال فریزر ساید بای ساید,A+,440 لیتر,244 لیتر,تقریبا 20.5 فوت,تقریبا 11.5 فوت,181.6 سانتی متر,84 سانتی متر,91.6 سانتی متر,115 کیلوگرم,2 عدد,بله,دارد,اتوماتیک متصل به آب شهری,دارد,روشناییLED,پارامو,دارد,دارد,مجهز به فناوری آرام بازشو,دارد,بیرونی (خارجی),اینورتر دیجیتال(DI),LEDهمراه با دکمه های لمسی,32 فوت,684 لیتر,3 عدد,دارد,38 دسی بل,روشناییLED,ایران,دارد,آنتی باکتریال با قابلیت تعویض,دارد,دارد,دارد,دارد,ندارد,دارد,ندارد,دارد,powerful deodorizer,,,,,,,,,,,,,,,,,,,,,,,,,,,,,,,,,,,,,,,,,,,,,,بیش از ۷۰۰ لیتر,۲۹۰۰۱۷۶۵۰۵۳۳۱,نمایشگر,یخساز نیمه اتوماتیک (منبع آب),سيستم انجماد سريع فريزر سیستم سرد کننده سریع دارای فیلتر تصفیه آب سامانه بار خانگی با تکنولوژی جدید سرمایش یکنواخت لامپ های LED,,,,,,2.0,۷۵٫۰۰۰٫۰۰۰ تومان,A+,۱۵۰ کیلوگرم,,۳۲,نوفراست,لیتر,4 عدد,5 عدد,۲ عدد,لیتر,2 عدد,3 عدد,۳,به سمت راست,به سمت چپ,,دارد,,,,
DAEWOO-SBS-DS-3325GW,,,,,,,,,,,,,,,,,,,,,,,,,,,,,,,,,,,,,,,,,,,,,,,,,,,,,,,,,,,,,,,,,,,,,,,,,,,,,,,,,,,,,,,,,,,,,,,,,,,,,,,,,,,,,,,,,,,,,,,,,,,,,,,,,,,,,,,,,,,,,,,,,,,,,,,,,,,,,,,,,,,,,,,,,,,,,,,,,,,,,,,,,,,,,,,,,,,,,,,,,,,,,,,,,,,,,,,,,,,,,,,,,,,,,,,,,,,,,,,,,,,,,,,,,,,,,,,,,,,,,,,,,,,,,,,,,,,۵۵۱ تا ۷۰۰,۲۹۰۰۱۷۶۵۰۵۳۴۸,آبسردکن,بدون برفک,,,,,,,27.0,,A+,۱۲۰ کیلوگرم,۶۶۰,۳۲,نوفراست,۴۴۰ لیتر لیتر,۵ عدد,۵ عدد,۲ عدد,۲۲۰ لیتر لیتر,۳ عدد,۳ عدد,۳ عدد,,,۳۸ دسی بل,بله,,,,
DAEWOO-SBS-DS-3325MW,,,,,,,,,,,,,,,,,,,,,,,,,,,,,,,,,,,,,,,,,,,,,,,,,,,,,,,,,,,,,,,,,,,,,,,,,,,,,,,,,,,,,,,,,,,,,,,,,,,,,,,,,,,,,,,,,,,,,,,,,,,,,,,,,,,,,,,,,,,,,,,,,,,,,,,,,,,,,,,,,,,,,,,,,,,,,,,,,,,,,,,,,,,,,,,,,,,,,,,,,,,,,,,,,,,,,,,,,,,,,,,,,,,,,,,,,,,,,,,,,,,,,,,,,,,,,,,,,,,,,,,,,,,,,,,,,,,بیش از ۷۰۰ لیتر,۲۹۰۰۱۷۶۵۰۵۳۶۲,,,,,,,,,42.0,,A+,,۸۳۰,۳۲,نوفراست,۲۴۴ لیتر,۵,۵,۲ عدد,۴۴۰ لیتر,۴,,۲,,,,,,۱۸۱ سانتی‌متر,۸۳ سانتی‌متر,۹۱.۶ سانتی‌متر
DAEWOO-SBS-DS-3325SS,,,,,,,,,,,,,,,,,,,,,,,,,,,,,,,,,,,,,,,,,,,,,,,,,,,,,,,,,,,,,,,,,,,,,,,,,,,,,,,,,,,,,,,,,,,,,,,,,,,,,,,,,,,,,,,,,,,,,,,,,,,,,,,,,,,,,,,,,,,,,,,,,,,,,,,,,,,,,,,,,,,,,,,,,,,,,,,,,,,,,,,,,,,,,,,,,,,,,,,,,,,,,,,,,,,,,,,,,,,,,,,,,,,,,,,,,,,,,,,,,,,,,,,,,,,,,,,,,,,,,,,,,,,,,,,,,,,۵۵۱ تا ۷۰۰,۲۹۰۰۱۷۶۵۰۵۳۵۵,نمایشگر,یخساز اتوماتیک (آب شهری),,,,,- بار خانگی با فناوری جدید آرام بازشو - طبقات شیشه‌ای بدون قاب,,38.0,,A+,,۶۳۰,۳۲,نوفراست,۴۴۰ لیتر,۵,۵,۲ عدد,۱۹۰ لیتر لیتر,۳,۳,۳,به سمت راست,به سمت چپ,,,- چشم الكترونیكی هوشمند - سامانه بار خانگی با تکنولوژی جدید - سیستم قدرتمند گردش هوای سه بعدی - مجهز به سامانه سرمایش فلزی - فیلتر نانو کربن - سیستم کاهش صدا در شب,۱۸۱.۶ سانتی‌متر,۸۴ سانتی‌متر,۹۱.۶ سانتی‌متر سانتی‌متر
DAEWOO-SBS-DS-3330MW,,,,,,,,,,,,,,,,,,,,,,,,,,,,,,,,,,,,,,,,,,,,,,,,,,,,,,,,,,,,,,,,,,,,,,,,,,,,,,,,,,,,,,,,,,,,,,,,,,,,,,,,,,,,,,,,,,,,,,,,,,,,,,,,,,,,,,,,,,,,,,,,,,,,,,,,,,,,,,,,,,,,,,,,,,,,,,,,,,,,,,,,,,,,یخچال فریزر ساید بای ساید,A+,440 لیتر,244 لستر,20.5 فوت,11.5 فوت,192 سانتی متر,84 سانتی متر,91.6 سانتی متر,115 کیلوگرم,2 عدد,بله,دارد,,دارد,روشناییLED,,دارد,دارد,بارخانگی با فناوری انعکاس سرمای فلزی Metal Ice Cooling,دارد,دستگیره مخفی,اینورتر دیجیتال(DI),LEDهمراه با دکمه های لمسی,32 فوت,684 لیتر,3 عدد,دارد,38 دسی بل,روشناییLED,ایران,دارد,آنتی باکتریال با قابلیت تعویض,دارد,دارد,دارد,دارد,ندارد,دارد,ندارد,دارد,فیلتر هوای سه گانه Fresh Max Plus,اتوماتیک(متصل به آب شهری),دارد,ندارد,10 سال,دارد,دارد,دارد,دارد,دارد,,,,,,,,,,,,,,,,,,,,,,,,,,,,,,,,,,,,,۵۵۱ تا ۷۰۰,۲۹۰۰۱۷۶۵۰۵۳۷۹,نمایشگر,,,,,,,,28.0,۷۱٫۵۰۰٫۰۰۰ تومان,A+,۱۱۵ کیلوگرم,۶۸۴,۳۲,نوفراست,۴۴۰ لیتر,5 عدد,6 عدد,۲ عدد,۲۴۰ لیتر,3 عدد,3 عدد,۳,به سمت راست,به سمت چپ,,بله,بارخانگی با فناوری انعکاس سرمای فلزی Metal Ice Cooling / حالت ذخیره انرزی هوشمند (ECO) / سامانه گردش هوای چندگانه / صفحه نمایش LED / طبقات شیشه‌ای بدون قاب / فناوری کاهش مصرف انرژی / فیلتر هوای سه گانه Fresh Max Plus / مجهز به محفظه تازه نگهدارنده ی میوه و سبزیجات (مجهز به Blue light LED) / چشم الكترونیكی هوشمند / سامانه بار خانگی با تکنولوژی جدید / سامانه سرمایش سریع دریخچال و انجماد در فریزر / سامانه کنترل سرمایش الکترونیک / سيستم قدرتمند گردش هوای سه بعدی / طبقات شیشه‌ای مقاوم / کمپرسور اینورتر دیجیتال / مجهز به سامانه سرمایش فلزی,,,
DAEWOO-SBS-DS-3330SS,,,,,,,,,,,,,,,,,,,,,,,,,,,,,,,,,,,,,,,,,,,,,,,,,,,,,,,,,,,,,,,,,,,,,,,,,,,,,,,,,,,,,,,,,,,,,,,,,,,,,,,,,,,,,,,,,,,,,,,,,,,,,,,,,,,,,,,,,,,,,,,,,,,,,,,,,,,,,,,,,,,,,,,,,,,,,,,,,,,,,,,,,,,,یخچال فریزر ساید بای ساید,A+,440 لیتر,244 لستر,20.5 فوت,11.5 فوت,192 سانتی متر,84 سانتی متر,91.6 سانتی متر,115 کیلوگرم,2 عدد,بله,دارد,,دارد,روشناییLED,,دارد,دارد,بارخانگی با فناوری انعکاس سرمای فلزی Metal Ice Cooling,دارد,دستگیره مخفی,اینورتر دیجیتال(DI),LEDهمراه با دکمه های لمسی,32 فوت,684 لیتر,3 عدد,دارد,38 دسی بل,روشناییLED,ایران,دارد,آنتی باکتریال با قابلیت تعویض,دارد,دارد,دارد,دارد,ندارد,دارد,ندارد,دارد,فیلتر هوای سه گانه Fresh Max Plus,اتوماتیک(متصل به آب شهری),دارد,ندارد,10 سال,دارد,دارد,دارد,دارد,دارد,,,,,,,,,,,,,,,,,,,,,,,,,,,,,,,,,,,,,۵۵۱ تا ۷۰۰,۲۹۰۰۱۷۶۵۰۵۳۸۶,آبسردکن,,,,,,,,12.0,۷۱٫۵۰۰٫۰۰۰ تومان,A+,۱۱۵ کیلوگرم,۶۳۰,۳۳,نوفراست,۴۴۰ لیتر لیتر,5 عدد,6 عدد,۲ عدد,۱۹۰ لیتر لیتر,3 عدد,3 عدد,۳,به سمت راست,به سمت چپ,۲۹۰۰۱۷۶۵۰۰۵۹۶,,- سامانه سرمای فلزی Metal Cooling - سامانه حفظ تازگی و ماندگاری میوه و سبزیجات Blue Fresh LED - بار خانگی - فیلتر هوای سه لایه Fresh Max Plus - فیلتر تصفیه آب - قابلیت اتصال به آب شهر - حالت کاهش مصرف انرژی هوشمند - سامانه کنترل سرمایش الکترونیک - سامانه گردش هوای چندگانه - زنگ هشدار باز بودن درب - حالت خواب - سیستم کاهش صدا در شب - سیستم کنترل هوشمند,,,
DAEWOO-SBS-DS-3440MW,,,,,,,,,,,,,,,,,,,,,,,,,,,,,,,,,,,,,,,,,,,,,,,,,,,,,,,,,,,,,,,,,,,,,,,,,,,,,,,,,,,,,,,,,,,,,,,,,,,,,,,,,,,,,,,,,,,,,,,,,,,,,,,,,,,,,,,,,,,,,,,,,,,,,,,,,,,,,,,,,,,,,,,,,,,,,,,,,,,,,,,,,,,,,,,,,,,,,,,,,,,,,,,,,,,,,,,,,,,,,,,,,,,,,,,,,,,,,,,,,,,,,,,,,,,,,,,,,,,,,,,,,,,,,,,,,,,بیش از ۷۰۰ لیتر,۲۹۰۰۱۷۶۵۰۵۴۰۹,,,,,,,,,31.0,,A+,۱۲۰ کیلوگرم,۹۰۶,۳۲,نوفراست,۴۴۰ لیتر,۴,۵,۲ عدد,۲۴۴ لیتر,۳,۳,۳,,,,,,,,
DAEWOO-SBS-DS-3440SS,,,,,,,,,,,,,,,,,,,,,,,,,,,,,,,,,,,,,,,,,,,,,,,,,,,,,,,,,,,,,,,,,,,,,,,,,,,,,,,,,,,,,,,,,,,,,,,,,,,,,,,,,,,,,,,,,,,,,,,,,,,,,,,,,,,,,,,,,,,,,,,,,,,,,,,,,,,,,,,,,,,,,,,,,,,,,,,,,,,,,,,,,,,,یخچال فریزر ساید بای ساید,A+,440 لیتر,244 لیتر,,,181.6 سانتی متر,84 سانتی متر,91.6 سانتی متر,110 کیلوگرم,2 عدد,بله,دارد,اتوماتیک متصل به آب شهری,دارد,روشناییLED,Prime 3DR,دارد,دارد,همان درب سوم مجهز به سرمایش فلزی,,دستگیره مخفی,اینورتر دیجیتال(DI),LEDهمراه با دکمه های لمسی,32 فوت,,3 عدد,دارد,38 دسی بل,روشناییLED,ایران,دارد,آنتی باکتریال با قابلیت تعویض,دارد,دارد,دارد,دارد,ندارد,دارد,,ندارد,فیلتر هوای سه گانه Fresh Max Plus,اتوماتیک(متصل به آب شهری),دارد,ندارد,10 سال,دارد,دارد,,دارد,دارد,684 لیتر,سامانه سرمایش فلزی Metal Ice Cooling,,,,,,,,,,,,,,,,,,,,,,,,,,,,,,,,,,,,۲۹۰۰۱۷۶۵۰۵۴۱۶,بدون برفک,یخساز اتوماتیک (آب شهری),,,,,,,20.0,۹۴٫۳۰۰٫۰۰۰ تومان,A+,۱۲۰ کیلوگرم,۶۳۰,۳۲,نوفراست,۴۴۰ لیتر لیتر,5 عدد,5 عدد,۲ عدد,۱۹۰ لیتر لیتر,3 عدد,3 عدد,۳,به سمت راست,به سمت چپ,,,- دارای فیلتر هوای سه گانه Fresh Max Plus - طبقات شیشه‌ای بدون قاب - محفظه خنک کننده ویژه Magic Cool Zone - سامانه سرمایش فلزی Metal Ice Cooling - سامانه بار خانگی درب سوم همراه با سامانه سرمایش فلزی - سامانه سرمایش سریع در فریزر - سامانه سرمایش سریع در یخچال - دارای حالت خواب - سامانه گردش هوای چندگانه - سامانه کنترل سرمایش الکترونیک - حالت ذخیره انرژی هوشمند (ECO),۱۸۱.۶ سانتی‌متر,۸۴ سانتی‌متر,۹۱.۶ سانتی‌متر سانتی‌متر
DAEWOO-SBS-DS-3640MW,,,,,,,,,,,,,,,,,,,,,,,,,,,,,,,,,,,,,,,,,,,,,,,,,,,,,,,,,,,,,,,,,,,,,,,,,,,,,,,,,,,,,,,,,,,,,,,,,,,,,,,,,,,,,,,,,,,,,,,,,,,,,,,,,,,,,,,,,,,,,,,,,,,,,,,,,,,,,,,,,,,,,,,,,,,,,,,,,,,,,,,,,,,,یخچال فریزر ساید بای ساید,A+,494 لیتر,277 لیتر,,,181.6 سانتی متر,92 سانتی متر,91.6 سانتی متر,120 کیلوگرم,2 عدد,بله,دارد,اتوماتیک متصل به آب شهری,دارد,روشناییLED,,دارد,دارد,همان درب سوم مجهز به سرمایش فلزی,,دستگیره مخفی,اینورتر دیجیتال(DI),LEDهمراه با دکمه های لمسی,36.5 فوت,,3 عدد,دارد,38 دسی بل,روشناییLED,ایران,دارد,آنتی باکتریال با قابلیت تعویض,دارد,دارد,دارد,دارد,ندارد,دارد,,ندارد,فیلتر هوای سه گانه Fresh Max Plus,اتوماتیک(متصل به آب شهری),دارد,ندارد,10 سال,دارد,دارد,,دارد,دارد,771 لیتر,سامانه سرمایش فلزی Metal Ice Cooling,,,,,,,,,,,,,,,,,,,,,,,,,,,,,,,,,,,بیش از ۷۰۰ لیتر,۲۹۰۰۱۷۶۵۰۵۴۵۴,,,,,,,,,26.0,۹۸٫۰۰۰٫۰۰۰ تومان,A+,۱۲۰ کیلوگرم,۹۹۱,۳۵,نوفراست,۴۹۴ لیتر,5 عدد,5 عدد,۲ عدد,۲۷۷ لیتر,3 عدد,3 عدد,۳,به سمت راست,به سمت چپ,,,,,,
DAEWOO-SBS-DS-3640SS,,,,,,,,,,,,,,,,,,,,,,,,,,,,,,,,,,,,,,,,,,,,,,,,,,,,,,,,,,,,,,,,,,,,,,,,,,,,,,,,,,,,,,,,,,,,,,,,,,,,,,,,,,,,,,,,,,,,,,,,,,,,,,,,,,,,,,,,,,,,,,,,,,,,,,,,,,,,,,,,,,,,,,,,,,,,,,,,,,,,,,,,,,,,,,,,,,,,,,,,,,,,,,,,,,,,,,,,,,,,,,,,,,,,,,,,,,,,,,,,,,,,,,,,,,,,,,,,,,,,,,,,,,,,,,,,,,,بیش از ۷۰۰ لیتر,۲۹۰۰۱۷۶۵۰۵۴۴۷,,,,,,,,,30.0,,A+,۱۲۰ کیلوگرم,۹۹۱,۳۵,نوفراست,۴۹۴ لیتر,۴,۵,۲ عدد,۲۷۷ لیتر,۳,۳,۳,,,,,,,,
DAEWOO-SBS-DS-3730MW,,,,,,,,,,,,,,,,,,,,,,,,,,,,,,,,,,,,,,,,,,,,,,,,,,,,,,,,,,,,,,,,,,,,,,,,,,,,,,,,,,,,,,,,,,,,,,,,,,,,,,,,,,,,,,,,,,,,,,,,,,,,,,,,,,,,,,,,,,,,,,,,,,,,,,,,,,,,,,,,,,,,,,,,,,,,,,,,,,,,,,,,,,,,یخچال فریزر ساید بای ساید,A+,500 لیتر,277 لیتر,24.5 فوت,12.5 فوت,181.6سانتی متر,92 سانتی متر,91.6سانتی متر,120 کیلوگرم,2 عدد,بله,دارد,,دارد,روشناییLED,,دارد,دارد,بارخانگی با فناوری انعکاس سرمای فلزی Metal Ice Cooling,دارد,دستگیره مخفی,اینورتر دیجیتال(DI),LEDهمراه با دکمه های لمسی,37 فوت,,3 عدد,دارد,38 دسی بل,روشناییLED,ایران,دارد,آنتی باکتریال با قابلیت تعویض,دارد,دارد,دارد,دارد,ندارد,دارد,,دارد,فیلتر هوای سه گانه Fresh Max Plus,اتوماتیک(متصل به آب شهری),مجهز به Blue Fresh LED,ندارد,10 سال,دارد,دارد,,دارد,دارد,777لیتر,,A+,,,,,,,,,,,,,,,,,,,,,,,,,,,,,,,,,,بیش از ۷۰۰ لیتر,۲۹۰۰۱۷۶۵۰۵۴۲۳,,,,۱۸۱ سانتی‌متر,۹۲ سانتی‌متر,۹۱ سانتی‌متر,,,13.0,۸۶٫۹۹۵٫۰۰۰ تومان,A+,۱۲۰ کیلوگرم,۷۷۱,۳۵,نوفراست,۵۰۰ لیتر,5 عدد,5 عدد,۲ عدد,۲۷۷ لیتر,3 عدد,3 عدد,۳,به سمت راست,به سمت چپ,,,,,,
DAEWOO-SBS-DS-3730SS,,,,,,,,,,,,,,,,,,,,,,,,,,,,,,,,,,,,,,,,,,,,,,,,,,,,,,,,,,,,,,,,,,,,,,,,,,,,,,,,,,,,,,,,,,,,,,,,,,,,,,,,,,,,,,,,,,,,,,,,,,,,,,,,,,,,,,,,,,,,,,,,,,,,,,,,,,,,,,,,,,,,,,,,,,,,,,,,,,,,,,,,,,,,یخچال فریزر ساید بای ساید,A+,500 لیتر,277 لیتر,24.5 فوت,12.5 فوت,181.6سانتی متر,92 سانتی متر,91.6سانتی متر,120 کیلوگرم,2 عدد,بله,دارد,,دارد,روشناییLED,,دارد,دارد,بارخانگی با فناوری انعکاس سرمای فلزی Metal Ice Cooling,دارد,دستگیره مخفی,اینورتر دیجیتال(DI),LEDهمراه با دکمه های لمسی,37 فوت,,3 عدد,دارد,38 دسی بل,روشناییLED,ایران,دارد,آنتی باکتریال با قابلیت تعویض,دارد,دارد,دارد,دارد,ندارد,دارد,,دارد,فیلتر هوای سه گانه Fresh Max Plus,اتوماتیک(متصل به آب شهری),مجهز به Blue Fresh LED,ندارد,10 سال,دارد,دارد,,دارد,دارد,777لیتر,,A+,,,,,,,,,,,,,,,,,,,,,,,,,,,,,,,,,,بیش از ۷۰۰ لیتر,۲۹۰۰۱۷۶۵۰۵۳۹۳,,,,,,,,,14.0,۸۶٫۹۹۵٫۰۰۰ تومان,A+,,۷۷۷,۳۷,نوفراست,۵۰۰ لیتر,5 عدد,5 عدد,۲ عدد,۲۷۷ لیتر,3 عدد,3 عدد,۳,به سمت راست,به سمت چپ,,,,۱۸۱۶ سانتی‌متر,۹۲۰ سانتی‌متر,۹۱۶ سانتی‌متر
DAEWOO-SBS-DSI-3440MW,,,,,,,,,,,,,,,,,,,,,,,,,,,,,,,,,,,,,,,,,,,,,,,,,,,,,,,,,,,,,,,,,,,,,,,,,,,,,,,,,,,,,,,,,,,,,,,,,,,,,,,,,,,,,,,,,,,,,,,,,,,,,,,,,,,,,,,,,,,,,,,,,,,,,,,,,,,,,,,,,,,,,,,,,,,,,,,,,,,,,,,,,,,,یخچال فریزر ساید بای ساید,A+,440 لیتر,244 لیتر,,,181.6 سانتی متر,84 سانتی متر,91.6 سانتی متر,110 کیلوگرم,2 عدد,بله,دارد,اتوماتیک متصل به آب شهری,دارد,روشناییLED,Prime 3DR,دارد,دارد,همان درب سوم مجهز به سرمایش فلزی,,دستگیره مخفی,اینورتر دیجیتال(DI),LEDهمراه با دکمه های لمسی,32 فوت,,3 عدد,دارد,38 دسی بل,روشناییLED,ایران,دارد,آنتی باکتریال با قابلیت تعویض,دارد,دارد,دارد,دارد,ندارد,دارد,,ندارد,فیلتر هوای سه گانه Fresh Max Plus,اتوماتیک(متصل به آب شهری),دارد,ندارد,10 سال,دارد,دارد,,دارد,دارد,684 لیتر,سامانه سرمایش فلزی Metal Ice Cooling,,,,,,,,,,,,,,,,,,,,,,,,,,,,,,,,,,,بیش از ۷۰۰ لیتر,۲۹۰۰۱۷۶۵۰۵۴۰۹,,,,,,,,,6.0,۹۴٫۳۰۰٫۰۰۰ تومان,A+,۱۲۰ کیلوگرم,۹۰۶,۳۲,نوفراست,۴۴۰ لیتر,5 عدد,5 عدد,۲ عدد,۲۴۴ لیتر,3 عدد,3 عدد,۳,به سمت راست,به سمت چپ,,,,,,
DAEWOO-SBS-DSI-3645MW,,,,,,,,دارد,دارد,,,,,,,,,,,,,,,,,,,,,,,,,,,,,,,,,,,,,,,,,,,,,,,,,,,,,,,,,,,,,,,,,,,,,,,,,,,,,,,,,,,,,,,,,,,,,,,,,,,,,,,,,,,,,,,,,,,,,,,,,,,,,,,,,,,,,,,,,,,,,,,,,,,,,,,,,,,,,,,,,,,,,,,,,,,,,,,,,,,,,,,,,,,,,2 عدد,,,,,,سری پرایم,,,,,دستگیره مخفی,اینورتر دیجیتال,,,,3 عدد,,,,,,,,,,,,,,,,,,,,,,,,,,,,,,,,دوو,سفید متالیک,دارد,,,,,دارد,771 لیتر,,,,,,,LED,دارد,دارد,دارد,بله,دارد,دارد,دارد,3 عدد,"* سامانه خودکار بسته شدن دربها, * طبقات شیشه‌ای مقاوم, * سامانه آرام بند درب ها, * نمايشگرLED با کنترل لمسی, * مجهز به سامانه سرمایش فلزی, * روشنايي درخشان با LED, * فضاي بيشتر داخل فريزر, * سطوح کاملا مسطح, * کاهش صداهای مزاحم, * تکنولوژی ديجيتال, * حالت خواب Sleep, * سامانه کنترل سرمایش الکترونیک, * سامانه گردش هوای چندگانه, * قفل صفحه نمایش, * حالت ذخیره انرژی هوشمند (ECO), * طبقات شیشه‌ای بدون قاب, * فناوری کاهش مصرف انرژی, * فیلتر هوای سه گانه Fresh Max Plus, * نوار درزگیر آنتی باکتریال با قابلیت تعویض, * سیستم غیر فعال کردن یخ‌ساز, * سامانه سرمایش فلزی Metal Ice Cooling, * درب سوم همراه با سامانه سرمایش فلزیMetal Ice Cooling",,,,,,,,,,,,,,,17.0,۹۹٫۵۰۰٫۰۰۰ تومان,+A,115 کیلوگرم,,,,494 لیتر,5 عدد,5 عدد,,277 لیتر,,3 عدد,,به سمت راست,به سمت چپ,38db,,,181.6 سانتی متر,92 سانتی متر,91.6 سانتی متر
DAEWOO-SBS-DSI-3645SS,,,,,,,,دارد,دارد,,,,,,,,,,,,,,,,,,,,,,,,,,,,,,,,,,,,,,,,,,,,,,,,,,,,,,,,,,,,,,,,,,,,,,,,,,,,,,,,,,,,,,,,,,,,,,,,,,,,,,,,,,,,,,,,,,,,,,,,,,,,,,,,,,,,,,,,,,,,,,,,,,,,,,,,,,,,,,,,,,,,,,,,,,,,,,,,,,,,,,,,,,,,,2 عدد,,,,,,سری پرایم,,,,,دستگیره مخفی,اینورتر دیجیتال,,,,3 عدد,,,,,,,,,,,,,,,,,,,,,,,,,,,,,,,,دوو,سفید متالیک,دارد,,,,,دارد,771 لیتر,,,,,,,LED,دارد,دارد,دارد,بله,دارد,دارد,دارد,3 عدد,"* سامانه خودکار بسته شدن دربها, * طبقات شیشه‌ای مقاوم, * سامانه آرام بند درب ها, * نمايشگرLED با کنترل لمسی, * مجهز به سامانه سرمایش فلزی, * روشنايي درخشان با LED, * فضاي بيشتر داخل فريزر, * سطوح کاملا مسطح, * کاهش صداهای مزاحم, * تکنولوژی ديجيتال, * حالت خواب Sleep, * سامانه کنترل سرمایش الکترونیک, * سامانه گردش هوای چندگانه, * قفل صفحه نمایش, * حالت ذخیره انرژی هوشمند (ECO), * طبقات شیشه‌ای بدون قاب, * فناوری کاهش مصرف انرژی, * فیلتر هوای سه گانه Fresh Max Plus, * نوار درزگیر آنتی باکتریال با قابلیت تعویض, * سیستم غیر فعال کردن یخ‌ساز, * سامانه سرمایش فلزی Metal Ice Cooling, * درب سوم همراه با سامانه سرمایش فلزیMetal Ice Cooling",,,,,,,,,,,,,,,22.0,۹۹٫۵۰۰٫۰۰۰ تومان,+A,115 کیلوگرم,,,,494 لیتر,5 عدد,5 عدد,,277 لیتر,,3 عدد,,به سمت راست,به سمت چپ,38db,,,181.6 سانتی متر,92 سانتی متر,91.6 سانتی متر
DAEWOO-SBS-SX20-21W,,,,,,,,,,,,,,,,,,,,,,,,,,,,,,,,,,,,,,,,,,,,,,,,,,,,,,,,,,,,,,,,,,,,,,,,,,,,,,,,,,,,,,,,,,,,,,,,,,,,,,,,,,,,,,,,,,,,,,,,,,,,,,,,,,,,,,,,,,,,,,,,,,,,,,,,,,,,,,,,,,,,,,,,,,,,,,,,,,,,,,,,,,,,یخچال فریزر ساید بای ساید,A+,440 لیتر,244 لستر,20.5 فوت,11.5 فوت,192 سانتی متر,84 سانتی متر,91.6 سانتی متر,115 کیلوگرم,2 عدد,بله,دارد,,دارد,روشناییLED,,دارد,دارد,بارخانگی با فناوری انعکاس سرمای فلزی Metal Ice Cooling,دارد,دستگیره مخفی,اینورتر دیجیتال(DI),LEDهمراه با دکمه های لمسی,32 فوت,684 لیتر,3 عدد,دارد,38 دسی بل,روشناییLED,ایران,دارد,آنتی باکتریال با قابلیت تعویض,دارد,دارد,دارد,دارد,ندارد,دارد,ندارد,دارد,فیلتر هوای سه گانه Fresh Max Plus,اتوماتیک(متصل به آب شهری),دارد,ندارد,10 سال,دارد,دارد,دارد,دارد,دارد,,,,,,,,,,,,,,,,,,,,,,,,,,,,,,,,,,,,,,,,,,,,,,,3.0,۸۲٫۵۰۰٫۰۰۰ تومان,,,,,نوفراست,,5 عدد,6 عدد,,,3 عدد,3 عدد,,به سمت راست,به سمت چپ,,,,,,
DAEWOO-SBS-SXI15-21GW,,,,,,,,,,,,,,,,,,,,,,,,,,,,,,,,,,,,,,,,,,,,,,,,,,,,,,,,,,,,,,,,,,,,,,,,,,,,,,,,,,,,,,,,,,,,,,,,,,,,,,,,,,,,,,,,,,,,,,,,,,,,,,,,,,,,,,,,,,,,,,,,,,,,,,,,,,,,,,,,,,,,,,,,,,,,,,,,,,,,,,,,,,,,,,,,,,,,,,,,,,,,,,,,,,,,,,,,,,,,,,,,,,,,,,,,,,,,,,,,,,,,,,,,,,,,,,,,,,,,,,,,,,,,,,,,,,,۵۵۱ تا ۷۰۰,۲۹۰۰۱۷۶۵۱۰۲۴۳,بدون برفک,بدون برفک,,۱۸۱ سانتی‌متر,۸۴ سانتی‌متر,۹۱ سانتی‌متر,,ساید بای ساید,33.0,,A+,۱۱۰ کیلوگرم,۶۸۰,۳۲,نوفراست,۴۴۰ لیتر,۴,۵,۲ عدد,۲۴۰ لیتر,۲,۳,۳,به راست,به چپ,,,Metal Ice Cooling سامانه/ اعلام زمان پایان تاریخ مصرف موادغذایی در SMARTBOOM/ امکان دریافت هشدار در خصوص سرویس‌های دوره‌ای یخچال فریزر روی گوشی موبایل/ بار خانگی/ بهبود بردهای الکترونیکی نمایشگر و کمپرسور/ بهینه سازی ساختار مواد/ پشتیبانی آنلاین انتخاب سرویس از طریق اپلیکیشن اسمارت بوم/ تنظیم دما و حالت عملکرد یخچال با گوشی موبایل/ سامانه Blue Fresh LED/ سامانه خودکار بسته شدن درب ها/ سامانه روشنایی LED/ سامانه مدیریت هوشمند Smart Management/ سیستم سرمایش سه بعدی ۳D Cooling/ سیستم سرمایش هوشمند Digital Cooling/ سیستم سرمایش و انجماد سریع/ سیستم فیلترینگ هوای Fresh Max Plus/ طبقات شیشه ای بدون قاب/ فیلتر تصفیه هوا (نانوکربن)/ فیلتر جاذب اتیلن/ مجهز به Magic Cool Zone/ یخساز اتوماتیک فوق باریک روی در/,,,
DAEWOO-SBS-SXI20-11S,دارد,,one evaporator,,دارد,دارد,دارد,,,,,,,,,,,,,,,,,,,,,,,,,,,,,,,,,,,,,,,,,,,,,,,,,,,,,,,,,,,,,,,,,,,,,,,,,,,,,,,,,,,,,,,,,,,,,,,,,,,,,,,,,,,,,,,,,,,,,,,,,,,,,,,,,,,,,,,,,,,,,,,,,,,,,,,,,,,,,,,,,,,,,,,,,,,,,,,,,,,,,یخچال فریزر ساید بای ساید,A+,370 لیتر,150 لیتر,18 فوت,10 فوت,181.6 سانتی متر,72 سانتی متر,91.6 سانتی متر,100 کیلوگرم,2 عدد,بله,دارد,,دارد,روشناییLED,,دارد,دارد,دارد,دارد,مخفی,اینورتر دیجیتال(DI),LEDهمراه با دکمه های لمسی,28 فوت,520 لیتر,3 عدد,دارد,"38 دسی بل, 42 دسیبل",,ایران,دارد,آنتی باکتریال با قابلیت تعویض,دارد,دارد,دارد,دارد,ندارد,دارد,,دارد,powerful deodorizer,,دارد,,,دارد,ندارد,,دارد,دارد,,,,,,,,,,,,,,,,,,,,,,6 سنسور برای دمای داخلی,,,,,,,,,,,,,,,,,,,,,,,,,11.0,۷۳٫۱۰۰٫۰۰۰ تومان,,,,,نوفراست,,4 عدد,6 عدد,,,2 عدد,3 عدد,,به سمت راست,,,,,,,
DAEWOO-SBS-SXI20-11W,دارد,,one evaporator,,دارد,دارد,دارد,,,,,,,,,,,,,,,,,,,,,,,,,,,,,,,,,,,,,,,,,,,,,,,,,,,,,,,,,,,,,,,,,,,,,,,,,,,,,,,,,,,,,,,,,,,,,,,,,,,,,,,,,,,,,,,,,,,,,,,,,,,,,,,,,,,,,,,,,,,,,,,,,,,,,,,,,,,,,,,,,,,,,,,,,,,,,,,,,,,,,یخچال فریزر ساید بای ساید,A+,370 لیتر,150 لیتر,18 فوت,10 فوت,181.6 سانتی متر,72 سانتی متر,91.6 سانتی متر,100 کیلوگرم,2 عدد,بله,دارد,,دارد,روشناییLED,,دارد,دارد,دارد,دارد,مخفی,اینورتر دیجیتال(DI),LEDهمراه با دکمه های لمسی,28 فوت,520 لیتر,3 عدد,دارد,"38 دسی بل, 42 دسیبل",,ایران,دارد,آنتی باکتریال با قابلیت تعویض,دارد,دارد,دارد,دارد,ندارد,دارد,,دارد,powerful deodorizer,,دارد,,,دارد,ندارد,,دارد,دارد,,,,,,,,,,,,,,,,,,,,,,6 سنسور برای دمای داخلی,,,,,,,,,,,,,,,,,,,,,,,,,10.0,۷۳٫۱۰۰٫۰۰۰ تومان,,,,,نوفراست,,4 عدد,6 عدد,,,2 عدد,3 عدد,,به سمت راست,,,,,,,
DAEWOO-SBS-SXI30-20S,,,,,,,,,,,,,,,,,,,,,,,,,,,,,,,,,,,,,,,,,,,,,,,,,,,,,,,,,,,,,,,,,,,,,,,,,,,,,,,,,,,,,,,,,,,,,,,,,,,,,,,,,,,,,,,,,,,,,,,,,,,,,,,,,,,,,,,,,,,,,,,,,,,,,,,,,,,,,,,,,,,,,,,,,,,,,,,,,,,,,,,,,,,,یخچال فریزر ساید بای ساید,A+,440 لیتر,190 لیتر,,,181.6 سانتی متر,84 سانتی متر,91.6 سانتی متر,110 کیلوگرم,2 عدد,بله,دارد,اتوماتیک متصل به آب شهری,دارد,روشناییLED,Prime 3DR IOT,دارد,دارد,همان درب سوم مجهز به سرمایش فلزی,,دستگیره مخفی,اینورتر دیجیتال(DI),LEDهمراه با دکمه های لمسی,32 فوت,,3 عدد,دارد,38 دسی بل,روشناییLED,ایران,,,,,,,,,,,,اتوماتیک(متصل به آب شهری),دارد,ندارد,,دارد,,,,,630 لیتر,,,,,,,,,,,,,,,,,,,,,,,,,,,,,,,,,,,,,,,,,,,,,,18.0,۹۴٫۴۰۰٫۰۰۰ تومان,,,,,,,5 عدد,5 عدد,,,3 عدد,3 عدد,,به سمت راست,به سمت چپ,,,,,,
DAEWOO-SBS-SXI30-20W,,,,,,,,,,,,,,,,,,,,,,,,,,,,,,,,,,,,,,,,,,,,,,,,,,,,,,,,,,,,,,,,,,,,,,,,,,,,,,,,,,,,,,,,,,,,,,,,,,,,,,,,,,,,,,,,,,,,,,,,,,,,,,,,,,,,,,,,,,,,,,,,,,,,,,,,,,,,,,,,,,,,,,,,,,,,,,,,,,,,,,,,,,,,یخچال فریزر ساید بای ساید,A+,440 لیتر,190 لیتر,,,181.6 سانتی متر,84 سانتی متر,91.6 سانتی متر,110 کیلوگرم,2 عدد,بله,دارد,اتوماتیک متصل به آب شهری,دارد,روشناییLED,Prime 3DR IOT,دارد,دارد,همان درب سوم مجهز به سرمایش فلزی,,دستگیره مخفی,اینورتر دیجیتال(DI),LEDهمراه با دکمه های لمسی,32 فوت,,3 عدد,دارد,38 دسی بل,روشناییLED,ایران,,,,,,,,,,,,اتوماتیک(متصل به آب شهری),دارد,ندارد,,دارد,,,,,630 لیتر,,,,,,,,,,,,,,,,,,,,,,,,,,,,,,,,,,,,,,,,,,,,,,16.0,۹۴٫۴۰۰٫۰۰۰ تومان,,,,,,,5 عدد,5 عدد,,,3 عدد,3 عدد,,به سمت راست,به سمت چپ,,,,,,
DAEWOO-SBS-SXI30-30S,,,,دارد,,,,,,,,,,,,,,,,,,,,,,,,,,,,,,,,,,,,,,,,,,,,,,,,,,,,,,,,,,,,,,,,,,,,,,,,,,,,,,,,,,,,,,,,,,,,,,,,,,,,,,,,,,,,,,,,,,,,,,,,,,,,,,,,,,,,,,,,,,,,,,,,,,,,,,,,,,,,,,,,,,,,,,,,,,,,,,,,,,,,,,,,یخچال فریزر ساید بای ساید,A+,494 لیتر,277 لیتر,,,181.6 سانتی متر,92 سانتی متر,91.6 سانتی متر,120 کیلوگرم,2 عدد,بله,دارد,اتوماتیک متصل به آب شهری,دارد,روشناییLED,,دارد,دارد,همان درب سوم مجهز به سرمایش فلزی,,دستگیره مخفی,اینورتر دیجیتال(DI),LEDهمراه با دکمه های لمسی,36 فوت,,3 عدد,دارد,38 دسی بل,روشناییLED,ایران,دارد,آنتی باکتریال با قابلیت تعویض,دارد,دارد,دارد,دارد,ندارد,دارد,,ندارد,فیلتر هوای سه گانه Fresh Max Plus,اتوماتیک(متصل به آب شهری),دارد,دارد,10 سال,دارد,دارد,,دارد,دارد,771 لیتر,سامانه سرمایش فلزی Metal Ice Cooling,A+,دارد,دارد,دارد,,,,,,,,,,,,,,,,,,,,,,,,,,,,,,,,,,,,,,,,,21.0,۹۶٫۰۰۰٫۰۰۰ تومان,,,,,نوفراست,,5 عدد,5 عدد,,,3 عدد,3 عدد,,به سمت راست,به سمت چپ,,,,,,
DAEWOO-SBS-SXi15-11S,,,,,,,,,,,,,,,,اصل,دارد,91.6*72*181.6,دارد,دارد,ندارد,دارد,,,,,,,,,,,,,,,,,,,,,,,,,,,,,,,,,,,,,,,,,,,,,,,,,,,,,,,,,,,,,,,,,,,,,,,,,,,,,,,,,,,,,,,,,,,,,,,,,,,,,,,,,,,,,,,,,,,,,,,,,,,,,,,,,,,,,,,,,,,,,,,,,,,,,,,,,,,,,,,,,,,,,,,,,,,,,,,,2 عدد,,,,,,,,,,,,اینورتر دیجیتال,,,,2 عدد,,,,,,,,,,,,,,,,دارد,,,,,,,,,,,,,,,,دوو,,دارد,دارد,دارد,,اتوماتیک,دارد,29 فوت,,,,دفترچه راهنما,دارای فیلتر تصفیه آب دارای سیستم بدون برفک (No Frost) سامانه بار خانگی با تکنولوژی جدید سامانه مدیریت مصرف هنگام سفر ، حالت خواب Sleep,,,بله,,,,,بله,,,,ساید بای ساید,,,,,,,,,,,,,,27.0,۷۷٫۶۰۰٫۰۰۰ تومان,+A,100 کیلوگرم,,,,,5 عدد,4 عدد,,,4 عدد,3 عدد,,به سمت راست,به سمت چپ,,دارد,,,,
DAEWOO-SBS-SXi15-21W,,,,,,,,,,,,,,,,,,,,,,,,,,,,,,,,,,,,,,,,,,,,,,,,,,,,,,,,,,,,,,,,,,,,,,,,,,,,,,,,,,,,,,,,,,,,,,,,,,,,,,,,,,,,,,,,,,,,,,,,,,,,,,,,,,,,,,,,,,,,,,,,,,,,,,,,,,,,,,,,,,,,,,,,,,,,,,,,,,,,,,,,,,,,,,,,,,,,,,2 عدد,بله,,,,,,,,,,,اینورتر دیجیتال,,,,3 عدد,,,,,,,,,,,,,,,,دارد,,,,,,,,,,,,,,,ساید بای ساید,دوو,سفید براق,دارد,دارد,دارد,دارد,یخساز اتوماتیک,دارد,32 فوت,192 سانتی متر,99 سانتی متر,93 سانتی متر,دفترچه راهنما,مجهز به Magic Cool Zone,,,,,,,,,,,,,,,,,,,,,,,,,,8.0,۸۲٫۷۰۰٫۰۰۰ تومان,+A,,,,,440 لیتر,5 عدد,5 عدد,,190 لیتر,3 عدد,3 عدد,,به سمت راست,به سمت چپ,,دارد,,181.6 سانتی متر,84 سانتی متر,91.6 سانتی متر
DAEWOO-SBS-SXi20-21W,,,,,,,,,,,,,,,,,,,,,,,,,,,,,,,,,,,,,,,,,,,,,,,,,,,,,,,,,,,,,,,,,,,,,,,,,,,,,,,,,,,,,,,,,,,,,,,,,,,,,,,,,,,,,,,,,,,,,,,,,,,,,,,,,,,,,,,,,,,,,,,,,,,,,,,,,,,,,,,,,,,,,,,,,,,,,,,,,,,,,,,,,,,,یخچال فریزر ساید بای ساید,A+,440 لیتر,244 لستر,20.5 فوت,11.5 فوت,192 سانتی متر,84 سانتی متر,91.6 سانتی متر,115 کیلوگرم,2 عدد,بله,دارد,,دارد,روشناییLED,,دارد,دارد,بارخانگی با فناوری انعکاس سرمای فلزی Metal Ice Cooling,دارد,دستگیره مخفی,اینورتر دیجیتال(DI),LEDهمراه با دکمه های لمسی,32 فوت,684 لیتر,3 عدد,دارد,38 دسی بل,روشناییLED,ایران,دارد,آنتی باکتریال با قابلیت تعویض,دارد,دارد,دارد,دارد,ندارد,دارد,ندارد,دارد,فیلتر هوای سه گانه Fresh Max Plus,اتوماتیک(متصل به آب شهری),دارد,ندارد,10 سال,دارد,دارد,دارد,دارد,دارد,,,,,,,,,,,,,,,,,,,,,,,,,,,,,,,,,,,,,,,,,,,,,,,5.0,۸۲٫۵۰۰٫۰۰۰ تومان,,,,,نوفراست,,5 عدد,6 عدد,,,3 عدد,3 عدد,,به سمت راست,به سمت چپ,,,,,,
DAEWOO-SBS-SXi20-31S,,,,,,,,,,,,,,,,,,,,,,,,,,,,,,,,,,,,,,,,,,,,,,,,,,,,,,,,,,,,,,,,,,,,,,,,,,,,,,,,,,,,,,,,,,,,,,,,,,,,,,,,,,,,,,,,,,,,,,,,,,,,,,,,,,,,,,,,,,,,,,,,,,,,,,,,,,,,,,,,,,,,,,,,,,,,,,,,,,,,,,,,,,,,یخچال فریزر ساید بای ساید,A+,491 لیتر,228 لیتر,24.5 فوت,12.5 فوت,181.6سانتی متر,92 سانتی متر,91.6سانتی متر,120 کیلوگرم,2 عدد,بله,دارد,,دارد,روشناییLED,,دارد,دارد,بارخانگی با فناوری انعکاس سرمای فلزی Metal Ice Cooling,دارد,دستگیره مخفی,اینورتر دیجیتال(DI),LEDهمراه با دکمه های لمسی,36 فوت,,3 عدد,دارد,38 دسی بل,روشناییLED,ایران,دارد,آنتی باکتریال با قابلیت تعویض,دارد,دارد,دارد,دارد,ندارد,دارد,,دارد,فیلتر هوای سه گانه Fresh Max Plus,اتوماتیک(متصل به آب شهری),مجهز به Blue Fresh LED,ندارد,10 سال,دارد,دارد,,دارد,دارد,719لیتر,,A+,دارد,دارد,دارد,,,,,,,,,,,,,,,,,,,,,,,,,,,,,,,,,,,,,,,,,25.0,۸۷٫۰۰۰٫۰۰۰ تومان,,,,,نوفراست,,5 عدد,5 عدد,,,3 عدد,3 عدد,,به سمت راست,به سمت چپ,,,,,,
DAEWOO-SBS-SXi20-31W,,,,,,,,,,,,,,,,,,,,,,,,,,,,,,,,,,,,,,,,,,,,,,,,,,,,,,,,,,,,,,,,,,,,,,,,,,,,,,,,,,,,,,,,,,,,,,,,,,,,,,,,,,,,,,,,,,,,,,,,,,,,,,,,,,,,,,,,,,,,,,,,,,,,,,,,,,,,,,,,,,,,,,,,,,,,,,,,,,,,,,,,,,,,یخچال فریزر ساید بای ساید,A+,491 لیتر,228 لیتر,24.5 فوت,12.5 فوت,181.6سانتی متر,92 سانتی متر,91.6سانتی متر,120 کیلوگرم,2 عدد,بله,دارد,,دارد,روشناییLED,,دارد,دارد,بارخانگی با فناوری انعکاس سرمای فلزی Metal Ice Cooling,دارد,دستگیره مخفی,اینورتر دیجیتال(DI),LEDهمراه با دکمه های لمسی,36 فوت,,3 عدد,دارد,38 دسی بل,روشناییLED,ایران,دارد,آنتی باکتریال با قابلیت تعویض,دارد,دارد,دارد,دارد,ندارد,دارد,,دارد,فیلتر هوای سه گانه Fresh Max Plus,اتوماتیک(متصل به آب شهری),مجهز به Blue Fresh LED,ندارد,10 سال,دارد,دارد,,دارد,دارد,719لیتر,,A+,دارد,دارد,دارد,,,,,,,,,,,,,,,,,,,,,,,,,,,,,,,,,,,,,,,,,15.0,۸۷٫۰۰۰٫۰۰۰ تومان,,,,,نوفراست,,5 عدد,5 عدد,,,3 عدد,3 عدد,,به سمت راست,به سمت چپ,,,,,,
GPLUS-SBS-GSS-M7423BG,,,,,,,,,,,,,,,,,,,,,,,,,,,,,,,,,,,,,,,,,,,,,,,,,,,,,,,,,,,,,,,,,,,,,,,,,,,,,,,,,,,,,,,,,,,,,,,,,,,,,,,,,,,,,,,,,,,,,,,,,,,,,,,,,,,,,,,,,,,,,,,,,,,,,,,,,,,,,,,,,,,,,,,,,,,,,,,,,,,,,,,,,,,,,,,,,,,,,,,,,,,,,,,,,,,,,,,,,,,,,,,,,,,,,,,,,,,,,,,,,,,,,,,,,,,,,,,,,,,,,,,,,,,,,,,,,,,۴۹۱ تا ۵۵۰,۲۹۰۲۰۹۶۶۰۱۶۸۱,,,,,,,,,51.0,,A++,۱۱۰ کیلوگرم,۵۱۰,۲۸,نوفراست,۳۳۵ لیتر,۴,۴,۲ عدد,۱۷۵ لیتر,۴,۴,۲,,,,,,,,
GPLUS-SBS-GSS-M7525BS,,,,,,,,,,,,,,,,,,,,,,,,,,,۳۳۲ لیتر,۲۸ فوت,۱۷۵ لیتر,,,,,,,,,,,,,,,,,,,,,,,,,,,,,,,,,,,,,,,,,,,,,,,,,,,,,,,,,,,,,,,,,,,,,,,,,,,,,,,,,,,,,,,,,,,,,,,,,,,,,,,,,,,,,,,,,,,,,,,,,,,,,,,,,,,,,,,,,,,,,,,,,,,,,,,,,,,,,,,,,,,,,,,,,,,,,,,,,,,,,,,,,,,,,,,,,,,,,,,,,,,,,,,,,,,,,,,,,,"سفید, سیلور",,,,,,,,,,,,,,,,,,,,,,,,,,آبریز دستی Water Dispenser سیستم جریان هوای چندگانه- Multi Air Flow محفظه Fresh Box جهت تازه ماندن مواد غذایی نمایشگر LED فناوری انجماد سریع- Super freezing امکان سرمایش سریع در یخچال (Quick Cooling) عملکرد ویژه کاهش مصرف در زمان (Holiday),جی پلاس,۴۹۱ تا ۵۵۰,۲۹۰۲۰۹۶۶۰۱۷۱۱,,,,۱۷۷ سانتی‌متر,۶۷ سانتی‌متر,۹۰.۵ سانتی‌متر,,,30.0,۴۵٫۰۰۰٫۰۰۰ تومان,A++,۸۰ کیلوگرم,۵۰۷ لیتر,۲۸,نوفراست,- لیتر,۴ طبقه,۴ طبقه,۴ عدد,- لیتر,۴ طبقه,۴ طبقه,۲ عدد,,,,,,,,
GPLUS-SBS-GSS-M7525W,,,,,,,,,,,,,,,,,,,,,,,,,,,۳۳۲ لیتر,۲۸ فوت,۱۷۵ لیتر,,,,,,,,,,,,,,,,,,,,,,,,,,,,,,,,,,,,,,,,,,,,,,,,,,,,,,,,,,,,,,,,,,,,,,,,,,,,,,,,,,,,,,,,,,,,,,,,,,,,,,,,,,,,,,,,,,,,,,,,,,,,,,,,,,,,,,,,,,,,,,,,,,,,,,,,,,,,,,,,,,,,,,,,,,,,,,,,,,,,,,,,,,,,,,,,,,,,,,,,,,,,,,,,,,,,,,,,,,"سفید, سیلور",,,,,,,,,,,,,,,,,,,,,,,,,,آبریز دستی Water Dispenser سیستم جریان هوای چندگانه- Multi Air Flow محفظه Fresh Box جهت تازه ماندن مواد غذایی نمایشگر LED فناوری انجماد سریع- Super freezing امکان سرمایش سریع در یخچال (Quick Cooling) عملکرد ویژه کاهش مصرف در زمان (Holiday),جی پلاس,۴۹۱ تا ۵۵۰,۲۹۰۲۰۹۶۶۰۱۶۹۸,بدون برفک,,,,,,آبریز دستی Water Dispenser / سیستم جریان هوای چندگانه- Multi Air Flow / محفظه Fresh Box جهت تازه ماندن مواد غذایی / نمایشگر LED / فناوری انجماد سریع- Super freezing / امکان سرمایش سریع در یخچال (Quick Cooling) / عملکرد ویژه کاهش مصرف در زمان (Holiday),,31.0,۴۵٫۰۰۰٫۰۰۰ تومان,A++,,۵۰۷ لیتر,۲۸,نوفراست,۳۳۲ لیتر لیتر,۴ طبقه,۴ طبقه,۴ عدد,۱۷۵ لیتر لیتر,۴ طبقه,۴ طبقه,۲ عدد,,,,,,۶۷ سانتی‌متر,۱۷۷ سانتی‌متر,۹۰.۵ سانتی‌متر
GPLUS-SBS-GSS-M7625BS,,,,,,,,,,,,,,,,,,,,,,,,,,,,,,,8,,,,,,,,,دارد,2 کشو در یخچال - فناوری سرمایش سریع,2 کشو فریزر - فناوری انجماد سریع,670 میلی‌متر,97000.0,,,,,,,,,,,,,,,,,,,,,,,,,,,,,,,,,,,,,,,,,,,,,,,,,,,,,,,,,,,,,,,,,,,,,,,,,,,,,,,,,,,,,,,,,,,,,,,,,,,,,,,,,,,,,,,,,,,,,,,,,,,,,,,,,,,,,,,,,,,,,,,,,,,,,,,,,,,دارد,,,,,,,,,,,,,,,2,,,,,,,,,,,,,,,,,,,,,,,,,,,,,,,,,,,,,,,,,,,,,,,,,,,,,,,,,ساید بای ساید,دارد,,,۳۵۱ تا ۴۹۰,۲۹۰۲۰۹۶۶۰۱۵۷۵-۲۹۰۲۰۹۶۶۰۱۵۶۸,بدون برفک,بدون برفک,,,,,,,38.0,۶۴٫۱۰۰٫۰۰۰ تومان,A+,۱۳۰ کیلوگرم,520 لیتر,۲۸,نوفراست,۳۳۲ لیتر,4,۴ عدد,۲ عدد عدد,۱۴۰ لیتر,4,۱ عدد,۲ عدد,,,,,سیستم جریان هوای چندگانه- Multi Air Flow محفظه Fresh Box جهت تازه ماندن مواد غذایی نمایشگر LED تکنولوژی بدون برفک No Frost امکان سرمایش سریع در یخچال (Quick Cooling) امکان سرمایش سریع در فریزر (Quick Freezing) فیلتر تصفیه آب عملکرد صرفه‌جویی در مصرف انرژی,1770 میلی‌متر,,907 میلی‌متر
GPLUS-SBS-GSS-M7625W,,,,,,,,,,,,,,,,,,,,,,,,,,,,,,,8,,,,,,,,,دارد,2 کشو در یخچال - فناوری سرمایش سریع,2 کشو فریزر - فناوری انجماد سریع,670 میلی‌متر,97000.0,,,,,,,,,,,,,,,,,,,,,,,,,,,,,,,,,,,,,,,,,,,,,,,,,,,,,,,,,,,,,,,,,,,,,,,,,,,,,,,,,,,,,,,,,,,,,,,,,,,,,,,,,,,,,,,,,,,,,,,,,,,,,,,,,,,,,,,,,,,,,,,,,,,,,,,,,,,دارد,,,,,,,,,,,,,,,2,,,,,,,,,,,,,,,,,,,,,,,,,,,,,,,,,,,,,,,,,,,,,,,,,,,,,,,,,ساید بای ساید,دارد,,,۳۵۱ تا ۴۹۰,۲۹۰۲۰۹۶۶۰۱۵۷۵-۲۹۰۲۰۹۶۶۰۱۵۶۸,بدون برفک,بدون برفک,,,,,,,36.0,۶۴٫۱۰۰٫۰۰۰ تومان,A+,۱۳۰ کیلوگرم,520 لیتر,۲۸,نوفراست,۳۳۲ لیتر,4,۴ عدد,۲ عدد عدد,۱۴۰ لیتر,4,۱ عدد,۲ عدد,,,,,سیستم جریان هوای چندگانه- Multi Air Flow محفظه Fresh Box جهت تازه ماندن مواد غذایی نمایشگر LED تکنولوژی بدون برفک No Frost امکان سرمایش سریع در یخچال (Quick Cooling) امکان سرمایش سریع در فریزر (Quick Freezing) فیلتر تصفیه آب عملکرد صرفه‌جویی در مصرف انرژی,1770 میلی‌متر,,907 میلی‌متر
GPLUS-SBS-GSS-P7435BG,,,,,,,,,,,,,,,,,,,,,,,,,905*670*1770 میلیمتر,,,,,,,,,مخفی,,,,,,,,,,,,,,,,,,,,,,,,,,,,,,,,,,,,,,,,,,,,,,,,,,,,,,,,,,,,,,,,,,,,,,,,,,,,,,,,,,,,,,,,,,,,,,,,,,,,,,,,,,,,,,,,,,,,,,,,,,,,,,,,,,,,,,,,,,,,,,,,,,,,,,,,,,,,,,,,,,,,,,,,,,,,,,,,اینورتر,,,,,,,,,,,,,,,,,,,,,,,,,,,,,,,,,,,,,مشکی,,,,,,,,,,,,,,,,,,,,,,,,,,,جی پلاس,۴۹۱ تا ۵۵۰,۲۹۰۲۰۹۶۶۰۳۰۵۰,بدون برفک,بدون برفک,دارای انجماد سریع,۱۷۷ سانتی‌متر,۶۷ سانتی‌متر,۹۰ سانتی‌متر,,ساید بای ساید,33.0,۵۱٫۵۰۰٫۰۰۰ تومان,A++,۱۶۸ کیلوگرم,۵۱۰,۲۸,نوفراست,510 لیتر,۴,۴,2 عدد,۱۴۰ لیتر,۴,۴,۲,,,,,"محفظه Fresh Box جهت تازه ماندن مواد غذایی, نمایشگر LED, امکان سرمایش سریع در یخچال (Quick Cooling), سیستم جریان هوای چندگانه- Multi Air Flow, فناوری انجماد سریع- Super freezing, تکنولوژی بدون برفک No Frost, عملکرد ویژه کاهش مصرف در زمان (Holiday)",,,
GPLUS-SBS-GSS-P7535 S,,,,,,,,,,,,,,,,,,,,,,,دارد,دارد,67×177×90.7 سانتي متر,507 ليتر,,,,,,,,,,,,,,,,,,,,,,,,,,,,,,,,,,,,,,,,,,,,,,,,,,,,,,,,,,,,,,,,,,,,,,,,,,,,,,,,,,,,,,,,,,,,,,,,,,,,,,,,,,,,,,,,,,,,,,,,,,,,,,,,,,,,,,,,,,,,,,,,,,,,,,,,,,,,,,,,,,یخچال فریزر ساید بای ساید,A++,,,,,,,,,,بله,دارد,نیمه اتوماتیک با محفظه,,,,دارد,دارد,,ندارد,دستگیره مخفی,اینورتر دیجیتال(DI),LEDهمراه با دکمه های لمسی,28 فوت,,,,,,ایران,,,,دارد,,,,,,,,,دارد,,,,,,,,555 ليتر,,,,,,,,,,,,,,,,,,,,,,,,,,,,,,,,,,,,۴۹۱ تا ۵۵۰,۲۹۰۲۰۹۶۶۰۳۰۱۲,آبسردکن,یخساز نیمه اتوماتیک (منبع آب),,۱۷۷ سانتی‌متر,۶۷ سانتی‌متر,۹۰ سانتی‌متر,,ساید بای ساید,29.0,۴۱٫۹۶۰٫۰۰۰ تومان,A++,۸۰ کیلوگرم,۵۰۷,۲۸,نوفراست,۳۳۲ لیتر,۴,۴,۲ عدد,۱۷۵ لیتر,۴,۴,۲,راست,چپ,,,دارای نمایشگر / سیستم جریان هوای چندگانه,,,
GPLUS-SBS-GSS-P7535 W,,,,,,,,,,,,,,,,,,,,,,,دارد,دارد,67×177×90.7 سانتي متر,507 ليتر,,,,,,,,,,,,,,,,,,,,,,,,,,,,,,,,,,,,,,,,,,,,,,,,,,,,,,,,,,,,,,,,,,,,,,,,,,,,,,,,,,,,,,,,,,,,,,,,,,,,,,,,,,,,,,,,,,,,,,,,,,,,,,,,,,,,,,,,,,,,,,,,,,,,,,,,,,,,,,,,,,یخچال فریزر ساید بای ساید,A++,,,,,,,,,,بله,دارد,نیمه اتوماتیک با محفظه,,,,دارد,دارد,,ندارد,دستگیره مخفی,اینورتر دیجیتال(DI),LEDهمراه با دکمه های لمسی,28 فوت,,,,,,ایران,,,,دارد,,,,,,,,,دارد,,,,,,,,555 ليتر,,,,,,,,,,,,,,,,,,,,,,,,,,,,,,,,,,,,۴۹۱ تا ۵۵۰,۲۹۰۲۰۹۶۶۰۳۰۲۹,,,,۱۷۷ سانتی‌متر,۶۷ سانتی‌متر,۹۱ سانتی‌متر,,,37.0,۴۱٫۹۶۰٫۰۰۰ تومان,A++,۸۰ کیلوگرم,۵۰۷,۲۸,نوفراست,۳۳۲ لیتر,۴,۴,۲ عدد,۱۷۵ لیتر,۴,۴,۲,,,,,,,,
GPLUS-SBS-GSS-P7635 BS,,,,,,,,,,,,,,,,,,,,,,,,,7/ 90*67*177,,,,,A+,,,,مخفی,نوفراست (بدون برفک),دارد,دارد,جریان هوای خنک چندگانه,دارد,,,,,,,,,,,,,,,,,,,,,,,,,,,,,,,,,,,,,,,,,,,,,,,,,,,,,,,,,,,,,,,,,,,,,,,,,,,,,,,,,,,,,,,,,,,,,,,,,,,,,,,,,,,,,,,,,,,,,,,,,,,,,,,,,,,,,,,,,,,,,,,,,,,,,,,,,,,,,,,,,,,,,,,,,,,اینورتر هوشمند,,,,,,,,,,,,,,,,,,,,دارد,,,,,,,,,,,,,,,,,"سفید, مشکی, نقره ای",,,,,,دارد,,,,,,,,,,,,,,,,,,,,,جی پلاس,,,,,,,,,,,34.0,۶۱٫۴۰۰٫۰۰۰ تومان,,,,,,,,,,,,,,,,,,"نمایشگر LED, فناوری سرمایش سریع- Super Cooling, سیستم جریان هوای چندگانه- Multi Air Flow, محفظه نگهدارنده مواد غذایی Fresh Zone, فناوری انجماد سریع- Super freezing, تکنولوژی بدون برفک No Frost, عملکرد صرفه‌جویی در مصرف انرژی (Eco)",,,
GPLUS-SBS-GSS-P7635 W,,,,,,,,,,,,,,,,,,,,,,,,,,,,,,,,,,,,,,,,,,,,,,,,,,,,,,,,,,,,,,,,,,,,,,,,,,,,,,,,,,,,,,,,,,,,,,,,,,,,,,,,,,,,,,,,,,,,,,,,,,,,,,,,,,,,,,,,,,,,,,,,,,,,,,,,,,,,,,,,,,,,,,,,,,,,,,,,,,,,,,,,,,,,,,,,,,,,,,,,,,,,,,,,,,,,,,,,,,,,,,,,,,,,,,,,,,,,,,,,,,,,,,,,,,,,,,,,,,,,,,,,,,,,,,,,,,,۳۵۱ تا ۴۹۰,۲۹۰۲۰۹۶۶۰۳۰۰۵,بدون برفک,بدون برفک,,۱۷۷ سانتی‌متر,۶۷ سانتی‌متر,۹۰ سانتی‌متر,,ساید بای ساید,50.0,,A+,۱۳۰ کیلوگرم,۴۷۲,۲۸,نوفراست,۳۳۲ لیتر,۴ عدد,۴ عدد,۲ عدد عدد,۱۴۰ لیتر,۴ عدد,۱ عدد,۲ عدد,,,,دارد,فیلتر تصفیه آب / امکان سرمایش سریع در یخچال (Quick Cooling) / محفظه Fresh Box جهت تازه ماندن مواد غذایی / امکان سرمایش سریع در فریزر (Quick Freezing) / سیستم جریان هوای چندگانه- Multi Air Flow / عملکرد صرفه‌جویی در مصرف انرژی (Eco) / دارای نشانگر LED,,,
GPLUS-SBS-GSS-P7920S,,,,,,,,,,,,,,,,,,,,,,,,دارد,,,,,,+A,4 عدد,1 عدد,به سمت راست,,,,,,,,,,,,,,,,,,,,,,,,,,,,,,,,,,,,,,,,,,,,,,,,,,,,,,,,,,,,,,,,,,,,,,,,,,,,,,,,,,,,,,,,,,,,,,,,,,,,,,,,,,,,,,,,,,,,,,,,,,,,,,,,,,,,,,,,,,,,,,,,,,,,,,,,,,,,,,,,,,,,,,,,,,,,,,,,,اینورتر هوشمند,,,,,,,,,,,,,,,,,,,,,,,,,,,,,,,,,,,,,"سفید, سیلور",دارد,,,,,,,,,,,,,,,,,,,,,,,ساید بای ساید,,,جی پلاس,بیش از ۷۰۰ لیتر,۲۹۰۲۰۹۶۶۰۳۴۸۷,بدون برفک,یخساز اتوماتیک (آب شهری),فناوری انجماد سریع (Super Freezing),۱۷۷ سانتی‌متر,۸۵.۲ سانتی‌متر,۹۱ سانتی‌متر,فناوری سرمایش سریع (Super Cooling),ساید بای ساید,35.0,۷۰٫۰۴۴٫۳۴۰ تومان,A+,۱۰۰ کیلوگرم,۷۶۰,۳۲,نوفراست,۴۶۰ لیتر,۴,۴,2 عدد,۲۳۲ لیتر,۴,۱,۲,راست,چپ,,دارد,"سیستم آبریز و یخساز, بارخانگی باقابلیت بازشدن بایک اشاره (هوم بار), مجهز به فیلتر هوای سیلور یون, نمایشگر LED, فیلتر تصفیه آب, فناوری سرمایش سریع- Super Cooling, فناوری انجماد سریع- Super freezing, تکنولوژی بدون برفک No Frost, عملکرد صرفه‌جویی در مصرف انرژی (Eco)",,,
GPLUS-SBS-GSS-P7920W,,,,,,,,,,,,,,,,,,,,,,,,دارد,,,,,,+A,4 عدد,1 عدد,به سمت راست,,,,,,,,,,,,,,,,,,,,,,,,,,,,,,,,,,,,,,,,,,,,,,,,,,,,,,,,,,,,,,,,,,,,,,,,,,,,,,,,,,,,,,,,,,,,,,,,,,,,,,,,,,,,,,,,,,,,,,,,,,,,,,,,,,,,,,,,,,,,,,,,,,,,,,,,,,,,,,,,,,,,,,,,,,,,,,,,,اینورتر هوشمند,,,,,,,,,,,,,,,,,,,,,,,,,,,,,,,,,,,,,"سفید, سیلور",دارد,,,,,,,,,,,,,,,,,,,,,,,ساید بای ساید,,,جی پلاس,بیش از ۷۰۰ لیتر,۲۹۰۲۰۹۶۶۰۳۴۷۰,بدون برفک,یخساز اتوماتیک (آب شهری),فناوری انجماد سریع (Super Freezing),۱۷۷ سانتی‌متر,۸۵.۲ سانتی‌متر,۹۱ سانتی‌متر,فناوری سرمایش سریع (Super Cooling),ساید بای ساید,32.0,۷۰٫۰۴۴٫۳۴۰ تومان,A+,۱۰۰ کیلوگرم,۷۶۰,۳۲,نوفراست,۴۶۰ لیتر,۴,۴,2 عدد,۲۳۲ لیتر,۴,۱,۲,راست,چپ,,دارد,"سیستم آبریز و یخساز, بارخانگی باقابلیت بازشدن بایک اشاره (هوم بار), مجهز به فیلتر هوای سیلور یون, نمایشگر LED, فیلتر تصفیه آب, فناوری سرمایش سریع- Super Cooling, فناوری انجماد سریع- Super freezing, تکنولوژی بدون برفک No Frost, عملکرد صرفه‌جویی در مصرف انرژی (Eco)",,,
PAKSHOMA-SBS-P-340W,,,,,,,,,,,,,,,,,,,,,,,,,,,,,,+A,,,به سمت چپ و راست,,نوفراست (بدون برفک),,,,,,,,,,85cm,,,,,,,,,,,,,,,,,,,,,,,,,,,,,,,,,,,,,,,,,,,,,,,,,,,,,,,,,,,,,,,,,,,,,,,,,,,,,,,,,,,,,,,,,,,,,,,,,,,,,,,,,,,,,,,,,,,,,,,,,,,,,,,,,,,,,,,,,,,,,,,,,,,,,,,,,,,,,,بله,,,,,,,,,,,,,,,,,,,,,,,,,,,,,,,,,,,,,,,,,,,,"سفید, سیلور",دارد,بله,,,,,,,,,,,,,,,,,,,,,,ساید بای ساید,,,پاکشوما,بیش از ۷۰۰ لیتر,۲۹۰۰۹۴۹۰۱۶۶۶۸ - ۲۹۰۰۹۴۹۰۱۶۶۷۵,نمایشگر,یخساز اتوماتیک (آب شهری),طراحی زیبای آب‌سردکن، کنترل پنل LED لمسی برای دریافت آب، موقعیت صفحه نمایش دیجیتال در قسمت مخفی شیار درب، یخ‌ساز اتوماتیک با قابلیت اتصال به آب شهری، یخ‌ساز دو حالته (خرد و مکعبی) ، یخ‌ساز با ظرفیت ۱.۸ کیلوگرم، قابلیت مخفی شدن نمایه درب حالت standby,,,,دارای دریچه تنظیم رطوبت کشوی جامیوه‌ای پنل کنترل دیجیتال عملکرد یخچال فریزر در سطح موازی با چشم‌ها تعبیه شده است که یک مزیت ارگونومیکی به شمار می‌آید. همچنین برای محافظت بیشتر در لبه داخلی درب فریزر تعبیه شده است. دارای لامپ LED روشنایی محفظه نگه‌دارنده میوه و سبزیجات، دارای دریچه تنظیم رطوبت کشوی جامیوه‌ای، فیلتر تصفیه آب، اخطار بازماندن درب، سیستم گردش هوای چندگانه، دستگیره درب مخفی,,39.0,۵۸٫۵۰۰٫۰۰۰ تومان,A+,۱۵۲ کیلوگرم,800 لیتر,۳۲,نوفراست,۴۸۷ لیتر لیتر,۴ طبقه,۵ عدد,۲ عدد,۱۷۰ لیتر لیتر,۳ طبقه,۴ عدد,۲ کشو,به سمت راست,راست به چپ و چپ به راست,,,رنگ‌بندی: سفید و سیلور,178cm,74cm,۹۱ سانتی متر سانتی‌متر
PAKSHOMA-SBS-P340,,,,,,,,,,,,,,,,,,,,,,,,,,,,,,+A,,,به سمت چپ و راست,,نوفراست (بدون برفک),,,,,,,,,,85cm,,,,,,,,,,,,,,,,,,,,,,,,,,,,,,,,,,,,,,,,,,,,,,,,,,,,,,,,,,,,,,,,,,,,,,,,,,,,,,,,,,,,,,,,,,,,,,,,,,,,,,,,,,,,,,,,,,,,,,,,,,,,,,,,,,,,,,,,,,,,,,,,,,,,,,,,,,,,,,بله,,,,,,,,,,,,,,,,,,,,,,,,,,,,,,,,,,,,,,,,,,,,"سفید, سیلور",دارد,بله,,,,,,,,,,,,,,,,,,,,,,ساید بای ساید,,,پاکشوما,,,,,,,,,,,40.0,۵۸٫۵۰۰٫۰۰۰ تومان,,,800 لیتر,,,,,,,,,,,,راست به چپ و چپ به راست,,,,178cm,74cm,
PAKSHOMA-SBS-RSP-800W,,,,,,,,,,,,,,,,,,,,,,,,,,,,,,+A,3 عدد,,به سمت راست,,نوفراست (بدون برفک),,,,,,,,,,86cm,دارد,32 فوت,,,,,,,,,,,,,,,,,,,,,,,,,,,,,,,,,,,,,,,,,,,,,,,,,,,,,,,,,,,,,,,,,,,,,,,,,,,,,,,,,,,,,,,,,,,,,,,,,,,,,,,,,,,,,,,,,,,,,,,,,,,,,,,,,,,,,,,,,,,,,,,,,,,,,,,,,,,,,,,,,,,,,,,,,,,,,,,,,,,,,,,,,,,,,,,,,,,,,,,,"سفید, نقره ای",دارد,بله,,,,,,,,,,,,,,,,,,,,,,ساید بای ساید,دارد,,پاکشوما,بیش از ۷۰۰ لیتر,۲۹۰۰۹۴۹۰۲۲۲۹۴,بدون برفک,بدون برفک,,۱۷۹ سانتی‌متر,۸۶ سانتی‌متر,۹۱ سانتی‌متر,,ساید بای ساید,42.0,۵۷٫۰۰۰٫۰۰۰ تومان,A,۱۱۶ کیلوگرم,800 لیتر,۳۲,,۴۸۷ لیتر,۴,۵,2 عدد,۱۷۰ لیتر,۳,۴,۲,به سمت راست,به سمت چپ,۴۰,دارد,آب‌سردکن اتوماتیک / دارای کمپرسور اینورتر / دارای کنترل پنل (LED) لمسی / قابلیت مخفی شدن نمایه در حالت Standby / یخ‌ساز دو حالته (خرد و مکعبی) / گنجایش یخ‌ساز: ۱.۸ کیلوگرم,179cm,91cm,
PAKSHOMA-SBS-RSP-800iS(E1),,,,,,,,,,,,,,,,,,,,,,,,,,,,,,+A,3 عدد,,به سمت راست,,نوفراست (بدون برفک),,,,,,,,,,86cm,دارد,32 فوت,,,,,,,,,,,,,,,,,,,,,,,,,,,,,,,,,,,,,,,,,,,,,,,,,,,,,,,,,,,,,,,,,,,,,,,,,,,,,,,,,,,,,,,,,,,,,,,,,,,,,,,,,,,,,,,,,,,,,,,,,,,,,,,,,,,,,,,,,,,,,,,,,,,,,,,,,,,,,,,,,,,,,,,,,,,,,,,,,,,,,,,,,,,,,,,,,,,,,,,,"سفید, نقره ای",دارد,بله,,,,,,,,,,,,,,,,,,,,,,ساید بای ساید,دارد,,پاکشوما,بیش از ۷۰۰ لیتر,۲۹۰۰۹۴۹۰۲۲۲۵۶,بدون برفک,بدون برفک,,۱۷۹ سانتی‌متر,۸۶ سانتی‌متر,۹۱ سانتی‌متر,,ساید بای ساید,41.0,۵۷٫۰۰۰٫۰۰۰ تومان,A,۱۱۶ کیلوگرم,800 لیتر,۳۲,,۴۸۷ لیتر,۴,۵,2 عدد,۱۷۰ لیتر,۳,۴,۲,به سمت راست,به سمت چپ,۴۰,دارد,آب‌سردکن اتوماتیک / دارای کمپرسور اینورتر / دارای کنترل پنل (LED) لمسی / قابلیت مخفی شدن نمایه در حالت Standby / یخ‌ساز دو حالته (خرد و مکعبی) / گنجایش یخ‌ساز: ۱.۸ کیلوگرم,179cm,91cm,
SAM-SBS-ROSSO-3S,,,,,,,,,,,,,,,,,,,,,,,,,,,,,,,,,,,,,,,,,,,,,,,,,,,,,,,,,,,,,,,,,,,,,,,,,,,,,,,,,,,,,,,,,,,,,,,,,,,,,,,,,,,,,,,,,,,,,,,,,,,,,,,,,,,,,,,,,,,,,,,,,,,,,,,,,,,,,,,,,,,,,,,,,,,,,,,,,,,,,,,,,,,,,,,,,,,,,,,,,,,,,,,,,,,,,,,,,,,,,,,,,,,,,,,,,,,,,,,,,,,,,,,,,,,,,,,,,,,,,,,,,,,,,,,,,,,۵۵۱ تا ۷۰۰,۲۹۰۰۰۳۹۰۰۱۳۴۵,,,,,,,,,59.0,,A++,۱۴۰ کیلوگرم,۷۳۲,۳۲,نوفراست,۵۰۰ لیتر,۴,۴,۲ عدد,۲۳۲ لیتر,۴,۳,۲,,,,,,,,
SAM-SBS-ROSSO-3W,,,,,,,,,,,,,,,,,,,,,,,دارد,,91.2×88×177.4 سانتی متر,,,,,,,,,,,,,,,,,,,,,,,دارد,دارد,دارد,,,,,,,,,,,,,,,,,,,,,,,,,,,,,,,,,,,,,,,,,,,,,,,,,,,,,,,,,,,,,,,,,,,,,,,,,,,,,,,,,,,,,,,,,,,,,,,,,,,,,,,,,,,,,,,,,,,,,,,,,,,,,,,,,,,,,,,,,,,A++,500 لیتر,232 لیتر,,,,,,,,,,,,,,دارد,دارد,,"دارد, متصل به آب شهری",,اینورتر دیجیتال(DI),,32 فوت,,,,,,ایران,,,,,,,,,,,,,دارد,دارد,,,,,,,,,,,,,,,سفید/نقره ای,,,,,,,,,,,,,,,,,,,,,,,,,,,,بیش از ۷۰۰ لیتر,۲۹۰۰۰۳۹۰۰۱۳۵۲,بدون برفک,بدون برفک,قابلیت انجماد سریع,۱۷۶.۵ سانتی‌متر,۸۶.۸ سانتی‌متر,۹۰.۸ سانتی‌متر,قابلیت سرمایش سریع,ساید بای ساید,43.0,۹۳٫۵۰۰٫۰۰۰ تومان,A++,۱۵۲ کیلوگرم,۷۳۲,۳۲,نوفراست,۵۰۰ لیتر,۴,۴,۲ عدد,۲۳۲ لیتر,۴,۳,۲,به سمت راست,به سمت چپ,,دارد,دارای بار خانگی / دارای فیلتر بوگیر و آب / دارای کمپرسور اینورتر دیجیتال,,,
SAM-SBS-ROSSO/W,,,,,,,,,,,,,,,,,,,,,,,,,,,,,,,,,,,,,,,,,,,,,,,,,,,,,,,,,,,,,,,,,,,,,,,,,,,,,,,,,,,,,,,,,,,,,,,,,,,,,,,,,,,,,,,,,,,,,,,,,,,,,,,,,,,,,,,,,,,,,,,,,,,,,,,,,,,,,,,,,,,,,,,,,,,,,,,,,,,,,,,,,,,,,,,,,,,,,,,,,,,,,,,,,,,,,,,,,,,,,,,,,,,,,,,,,,,,,,,,,,,,,,,,,,,,,,,,,,,,,,,,,,,,,,,,,,,بیش از ۷۰۰ لیتر,۲۹۰۰۰۳۹۰۰۱۳۵۲,بدون برفک,بدون برفک,قابلیت انجماد سریع,۱۷۶.۵ سانتی‌متر,۸۶.۸ سانتی‌متر,۹۰.۸ سانتی‌متر,قابلیت سرمایش سریع,ساید بای ساید,60.0,,A++,۱۵۲ کیلوگرم,۷۳۲,۳۲,نوفراست,۵۰۰ لیتر,۴,۴,۲ عدد,۲۳۲ لیتر,۴,۳,۲,به سمت راست,به سمت چپ,,دارد,دارای بار خانگی / دارای فیلتر بوگیر و آب / دارای کمپرسور اینورتر دیجیتال,,,
SNOWA-SBS-ARS3D-M200-S,,,,,,,,,,,,,,,,,,,,,,,,,,,,,,,,,,,,,دارد,سامانه گردش هوای سه بعدی,,,,,,,,,,,,,,,,,,,,,,,,,,,,,,,,,,,,,,,,,,,,,,,,,,,,,,,,,,,,,,,,,,دارد,,,,,,مخفی,,,,,,,,,,,,,,,,,,,,,,,,,,,,,,,,,,,,,,,,,,,,,,,,,,,,,,,,,,,,,,,,,,,,,,,,,,,,,,,+A,,,,,,,,,2 عدد,,,,,,,,,,,,اینورتر دیجیتال,,,,3 عدد,,,,,,,,,,,,,,,,دارد,,,,,,,مجهز به سرمایش فلزی درب سوم,,,,,,,,,اسنوا,,اتوماتیک,دارد,دارد,دارد,یخ ساز اتوماتیک سه حالته,دارد,32 فوت,,,,دفترچه راهنما,3 درب مدیریت تنظیمات یخچال فریزر با گوشی موبایل از طریق اپلیکیشن اسمارت بوم مانیتورینگ 24 ساعته عملکرد یخچال فریزر از طریق اینترنت اعلام هشدارهای نگهداری مثل زمان تعویض فیلتر آب در اپلیکیشن اسمارت بوم کاربر می تواند تاریخ مصرف موادغذایی را در اپلیکیشن اسمارت بوم روی گوشی موبایل وارد کند سپس در زمان پایان تاریخ مصرف، اپلیکیشن به کاربر هشدار می دهد کاربر می تواند تنظیمات دمای دستگاه را از طریق گوشی موبایل انجام دهد کاربر می تواند عملکرد دستگاه را از طریق گوشی موبایل روی یکی از حالت های پیش فرض تازگی، مهمانی، مسافرت و اقتصادی تنظیم کند مجهز به درب سوم با سرمایش فلزی,,,بله,,,,,,,,,یخچال فریزر ساید بای ساید سه درب,,,,,,,,,,,,,,56.0,۸۶٫۵۰۰٫۰۰۰ تومان,,,,,,,5 عدد,6 عدد,,,4 عدد,3 عدد,,به سمت راست,به سمت چپ,,دارد,,181.6 سانتی متر,84 سانتی‌متر,
SNOWA-SBS-ARS3Di-L300-S,,,,,,,,,,,,,,,,,دارد,,,,,,,,,,,,,,,,,,,,دارد,,,,,,,,,,,,,,,,,,,,,,,,,,,,,,,,,,,,,,,,,,,,,,,,,,,,,,,,,,,,,,,,,,,دارد,,,,,,,,,,,,,,,,,,,,,,,,,,,,,,,,,,,,,,,,,,,,,,,,,,,,,,,,,,,,,,,,,,,,,,,,,,,,,,,,,,,,,,,,,,,,,,2 عدد,,,,,,,,,,,,اینورتر دیجیتال,,,,3 عدد,,,,,,,,,,,,,,,,دارد,,,,,,,,,,,,,,,,اسنوا,,دارد,دارد,دارد,دارد,خودکار دو پدال,دارد,35 فوت,,,,دفترچه راهنما,3 درب مدیریت تنظیمات یخچال فریزر با گوشی موبایل از طریق اپلیکیشن اسمارت بوم مانیتورینگ 24 ساعته عملکرد یخچال فریزر از طریق اینترنت اعلام هشدارهای نگهداری مثل زمان تعویض فیلتر آب در اپلیکیشن اسمارت بوم کاربر می تواند تاریخ مصرف موادغذایی را در اپلیکیشن اسمارت بوم روی گوشی موبایل وارد کند سپس در زمان پایان تاریخ مصرف، اپلیکیشن به کاربر هشدار می دهد کاربر می تواند تنظیمات دمای دستگاه را از طریق گوشی موبایل انجام دهد کاربر می تواند عملکرد دستگاه را از طریق گوشی موبایل روی یکی از حالت های پیش فرض تازگی، مهمانی، مسافرت و اقتصادی تنظیم کند مجهز به درب سوم با سرمایش فلزی,,,بله,,,,,,,,,ساید بای ساید,,,,بیش از ۷۰۰ لیتر,۲۹۰۳۲۸۳۶۰۰۵۱۷,آبسردکن,بدون برفک,,۱۸۱ سانتی‌متر,۹۲ سانتی‌متر,۹۱ سانتی‌متر,,ساید بای ساید,51.0,۹۵٫۵۰۰٫۰۰۰ تومان,A+,۹۰ کیلوگرم,۷۱۹,۳۵,نوفراست,۴۹۱ لیتر,5 عدد,6 عدد,۲ عدد,۲۲۸ لیتر,4 عدد,3 عدد,۳,به سمت راست,به سمت چپ,,دارد,مدیریت تنظیمات یخچال فریزر با گوشی موبایل از طریق اپلیکیشن اسمارت بوم / مانیتورینگ ۲۴ ساعته عملکرد یخچال فریزر از طریق اینترنت / اعلام هشدارهای نگهداری مثل زمان تعویض فیلتر آب در اپلیکیشن اسمارت بوم / کاربر می تواند تاریخ مصرف موادغذایی را در اپلیکیشن اسمارت بوم روی گوشی موبایل وارد کند سپس در زمان پایان تاریخ مصرف، اپلیکیشن به کاربر هشدار می دهد / کاربر می تواند تنظیمات دمای دستگاه را از طریق گوشی موبایل انجام دهد / کاربر می تواند عملکرد دستگاه را از طریق گوشی موبایل روی یکی از حالت های پیش فرض تازگی، مهمانی، مسافرت و اقتصادی تنظیم کند / مجهز به درب سوم با سرمایش فلزی /,181.6 سانتی متر,92 سانتی‌متر,
SNOWA-SBS-GALLERY-SN83320SS,,,,,,,,,,,,,,,,,,,,,,,,,,,,,,,,,,,,,,,,,,,,,,,,,,,,,,,,,,,,,,,,,,,,,,,,,,,,,,,,,,,,,,,,,,,,,,,,,,,,,,,,,,,,,,,,,,,,,,,,,,,,,,,,,,,,,,,,,,,,,,,,,,,,,,,,,,,,,,,,,,,,,,,,,,,,,,,,,,,,,,,,,,,,,,,,,,,,,,,,,,,,,,,,,,,,,,,,,,,,,,,,,,,,,,,,,,,,,,,,,,,,,,,,,,,,,,,,,,,,,,,,,,,,,,,,,,,۵۵۱ تا ۷۰۰,۲۹۰۰۱۷۶۵۰۱۱۸۰,نمایشگر,,روشنایی فریزر LED انجماد سريع فريزر,,,,روشنایی یخچال LED سرمایش هوشمند ۶ عدد حسگر هوشمند فيلتر ضد بو سه لایه طبقات شيشه اي بدون قاب محفظه چیلر Chiller Zone جالبنیاتی میوه و سبزیجات بار خانگی بزرگ یک تکه مجهز به متال کولینگ سرمایش سریع بار خانگی درب سوم به صورت شیشه‌ای و گالری سرمایش فلزی,,79.0,,A+,,۶۸۴,۳۲,نوفراست,۴۴۰ لیتر,۵,۶,۲ عدد,۲۴۴ لیتر,۴,۳,۳,چپ به راست,راست به چپ,۳۸,دارد,صفحه نمايش LED لمسی دستگیره در مخفی قفل صفحه نمایش کمپرسور اینورتر دیجیتال حسگرهای هوشمند داخلی سرمایش دوگانه one evaporator گردش هوای سه بعدی بدون برفک هشدار باز بودن در حسگرهوشمند تشخیص دمای بیرونی سامانه کنترل سرمایش الکترونیک یخساز خودکار دو پدال آبسردکن خودکار دو پدال آب سرد کن قفل یخساز فیلتر تصفیه آب لزوم اتصال به آب شهر,۱۸۱۶ سانتی‌متر,۸۴۰ سانتی‌متر,۹۱۶ سانتی‌متر
SNOWA-SBS-GALLERY-SN83350SS,,,,,,,,,,,,,,,,,,,,,,,,,,,,,,,,,,,,,,,,,,,,,,,,,,,,,,,,,,,,,,,,,,,,,,,,,,,,,,,,,,,,,,,,,,,,,,,,,,,,,,,,,,,,,,,,,,,,,,,,,,,,,,,,,,,,,,,,,,,,,,,,,,,,,,,,,,,,,,,,,,,,,,,,,,,,,,,,,,,,,,,,,,,,,,,,,,,,,,,,,,,,,,,,,,,,,,,,,,,,,,,,,,,,,,,,,,,,,,,,,,,,,,,,,,,,,,,,,,,,,,,,,,,,,,,,,,,بیش از ۷۰۰ لیتر,۲۹۰۰۱۷۶۵۰۱۱۶۶,نمایشگر,یخساز نیمه اتوماتیک (منبع آب),,,,,,,66.0,,A+,,۷۷۱,۳۵,,۴۹۴ لیتر,۴,,۲ عدد,۲۷۷ لیتر,۳,,۳,,,,بله,حسگرهوشمند تشخیص دمای بیرونی حسگرهای هوشمند داخلی سرمایش دوگانه one evaporator گردش هواي سه بعدي,۱۸۱۶ سانتی‌متر,۹۲۰ سانتی‌متر,۹۱۶ سانتی‌متر
SNOWA-SBS-HARMONY-SN82261GW,,,,,,,,,,,,,,,,,,,,,,,,,,,,,,,5,,,,,,,,,,,,,,,,,,,,,دارد,Smart Cooling,دارد,,تک اواپراتور,,,LED,دو لایه نانو کربن,دارد,,,بدون قاب,,دارد,به سمت راست,دارد,6,به سمت چپ,,,آنتی باکتریال با قابلیت تعویض,دارد,نمایشگر لمسی ال ای دی,,SN8-2034,هارمونی,مخفی,ندارد,ندارد,دارد,دارد,خودکار تک پدال,دیسکی (سامانه آرام بازشو),2.0,,,,,,,,,,,,,,,,,,,,,,,,,,,,,,,,,,,,,,,,,,,,,,,,,,,,,,,,,,,,,,,,,,,,,,,,,,,,,,,,,,,,,,,,,,,,,,,,,,,,,,,,,,,,,,,,,دارد,,,,,,,,,,,اینورتر دیجیتال,,,,3,دارد,,LED,ایران,دارد,,,,دارد,,دارد,,دارد,,,دارد,,,,,,,,,,,,,,,,,سفید براق,,,,دارد,خودکار تک پدال فوق باریک,دارد,,,,,,,,,,,,,,,,,,,,,اسنوا,۵۵۱ تا ۷۰۰,۲۹۰۰۱۷۶۵۰۶۰۷۹,,,,,,,,,52.0,۶۳٫۵۰۰٫۰۰۰ تومان,A+,۱۱۰ کیلوگرم,۶۳۰,۳۲,نوفراست,۴۴۰ لیتر,۵,۶,2,۲۴۴ لیتر,4,۲,۳,,,38 دسی بل,,,,,
SNOWA-SBS-S1D-M210-S,,,,,,,,,,,,,,,,,,,,,,,,,,,,,,,,,,,,LED,دارد,,,,,,,,,,,,,,,,,,,,,,,,,,,,,,,,,,,,,,,,,,,,,,,,,,,,,,,,,,,,,,A+,,,,,,,,,,,,دارد,32 فوت,ندارد,اتوماتیک,اتوماتیک,ضد برفک,LED,,,,,,,,,,,,,,,,,,,,,,,,,,,,,,,,,,,,,,,,,,,,,,,,,,,,,,,,,,,,,,,,,,,,,,,,,,,,,,,,,,,,,,,هارمونی Harmony,,,,,,اینورتر دیجیتال,,,,,دارد,,,,,,,,,,,,,,,,,,,,,,,,,,,,,,,,استیل,,,,,,دارد,,,,,,,,,,دارد,,,,,,,,,دارد,,اسنوا Snowa,۵۵۱ تا ۷۰۰,۲۹۰۰۱۷۶۵۰۹۲۳۰,آبسردکن,,,۱۸۱ سانتی‌متر,۸۴ سانتی‌متر,۹۱ سانتی‌متر,,ساید بای ساید,58.0,۷۱٫۰۰۰٫۰۰۰ تومان,A+,۹۰ کیلوگرم,۶۳۰,۳۲,نوفراست,۴۴۰ لیتر,۵,۶,۲ عدد,۱۹۰ لیتر,۴,,۳,به راست,,,دارد,سیستم کاهش صدا در شب / سامانه سرمایش هوشمند / دارای فیلتر تصفیه آب / سیستم سرمایش سریع / فناوری Metal cooling / سامانه مدیریت مصرف هنگام سفر / نوار درزگیر آنتی باکتریال با قابلیت تعویض / محفظه نگهداری میوه و سبزیجات / سرمایش هوشمند (Smart Cooling) / جالبنیاتی و جا بطری / دارای دستگیره در مخفی / فناوری کاهش مصرف انرژی / حسگرهوشمند تشخیص دمای بیرونی / سامانه مدیریت سرمایش Smart Cooling / سرمایش دوگانه one evaporator / حالت کاهش مصرف انرژی هوشمند / روشنایی یخچال و فریزر LED / گردش هوای سه بعدی Multiple Air Flow / شش عدد سنسور داخلی / نوع بار خانگی دیسکی (سامانه آرام بازشو) / فیلتر تصفیه هوای داخلی دولایه نانو کربن / نوع آبسردکن خودکار تک پدال / فیلتر جاذب اتیلن Fresh Max Filter / نوع طبقات شيشه ای بی قاب / مانیتورینگ ۲۴ ساعته عملکرد یخچال فریزر از طریق اینترنت / اعلام هشدارهاي نگهداري مثل زمان تعویض فیلتر آب در اپلیکیشن اسمارت بوم / کاربر می تواند عملکرد دستگاه را از طریق گوشی موبایل روی یکی از حالت های پیش فرض تازگی، مهمانی، مسافرت و اقتصادی تنظیم کند / کاهش چشمگیر انرژی به میزان ۲۳ درصد / بهبود گرید ABS وان محصولات جهت بهبود ظاهری و عمر محصول / مدیریت تنظیمات یخچال فریزر با گوشی موبایل از طریق اپلیکیشن SMARTBOOM / اعلام زمان پایان تاریخ مصرف موادغذایی در SMARTBOOM / مجهز به بار خانگی دیسکی با تکنولوژي Zone Platinium,,,
SNOWA-SBS-S1D-S110-GW,,,,,,,,,,,,,,,,,,,,,,,,,,,,,,,,,,,,,,,,,,,,,,,,,,,,,,,,,,,,,,,,,,,,,,,,,,,,,,,,,,,,,,,,,,,,,,,,,,,,,,,,,,,,,,,,,,,,,,,,,,,,,,,,,,,,,,,,,,,,,,,,,,,,,,,,,,,,,,,,,,,,,,,,,,,,,,,,,,,,,,,,,,,,,,,,,,,,,,,,,,,,,,,,,,,,,,,,,,,,,,,,,,,,,,,,,,,,,,,,,,,,,,,,,,,,,,,,,,,,,,,,,,,,,,,,,,,بیش از ۷۰۰ لیتر,۲۹۰۰۱۷۶۵۰۹۲۰۹,اخطار باز ماندن درب,بدون برفک,,۱۸۱ سانتی‌متر,۷۲ سانتی‌متر,۹۰ سانتی‌متر,,ساید بای ساید,67.0,,A+,۱۰۰ کیلوگرم,۷۸۰,۲۷,نوفراست,۳۹۴ لیتر,۴,۶,۲ عدد,۱۹۷ لیتر,۴,۲,۲,,,,,,,,
SNOWA-SBS-S1D-S110-S,,,,,,,,,,,,,,,,,,,,,,,,,181.6-72-91.6 cm,,,,169 لیتر,,4عدد,,,,,,,,,,,,,,,,,,,,,,,,,,,,,,,,,,,,,,,,,,,,,,,,,,,,,,,,,,,,دارد,ندارد,,,,,,,,,,,,,,,,,,,,,,,,,,,,,,,,,,,,,,,,,,,,,,,,,,,,,,,,,,,,,,,,,,,,,,,,,,,,,,,,,,,,,,,,,,,,,,,,ساید بای ساید,,,,,,,,,,,,,,,,,,,,,,اینورتر دیجیتال,,,,,,,,,,,,,,,,,,,,دارد,,,,,,,,,,,,,,,,,,دارد,,,,,,,,,,,,,,,,,,,,,,,,,,اسنوا SNOWA,بیش از ۷۰۰ لیتر,۲۹۰۰۱۷۶۵۰۹۲۰۹,اخطار باز ماندن درب,بدون برفک,,۱۸۱ سانتی‌متر,۷۲ سانتی‌متر,۹۰ سانتی‌متر,,ساید بای ساید,47.0,۶۴٫۰۰۰٫۰۰۰ تومان,A,91 کیلوگرم,۷۸۰,۲۷,نوفراست,394 لیتر,4 عدد,۶,2عدد,۱۹۷ لیتر,۴,۲,۲,سمت راست,به سمت چپ,,,سیستم کاهش صدا در شب سامانه سرمایش هوشمند دارای فیلتر تصفیه آب سامانه مدیریت مصرف هنگام سفر نوار درزگیر آنتی باکتریال با قابلیت تعویض,,,
SNOWA-SBS-S1Di-M210-S,,,,,,,,,,,,,,,,,,,,,,,,,720 * 916 * 1816,,,,,,,,,,,,,,,,,,,,,,,,,,,,,,,,,,,,,,,,,,,,,,,,,,,,,,,,,,,,,,,,,,,,+A,32 فوت,دارد (قابلیت IOT),دارد,دارد,,,,,,,,,,,,,,,,,,,,,,,,,,,,,,,,,,,,,,,,,,,,,,,,,,,,,,,,,,,,,,,,,,,,,,,,,,,,,,,,,,,,,,,,,,,,,,,,,,,,,,,,,,,,,,,,,,,,,,,,,,,,,,,,,,,,,,,,,,,,,,,,,,,,ساید بای ساید,,استیل,,,,,,,,,,,,,,,,,,,,,,,,,,,اسنوا,۵۵۱ تا ۷۰۰,۲۹۰۰۱۷۶۵۰۹۲۳۰,آبسردکن,,,۱۸۱ سانتی‌متر,۸۴ سانتی‌متر,۹۱ سانتی‌متر,,ساید بای ساید,54.0,۶۸٫۸۹۰٫۰۰۰ تومان,A+,۹۰ کیلوگرم,630 لیتر,۳۲,نوفراست,۴۴۰ لیتر,۵,۶,۲ عدد,۱۹۰ لیتر,۴,,۳,به راست,,,دارد,سیستم کاهش صدا در شب / سامانه سرمایش هوشمند / دارای فیلتر تصفیه آب / سیستم سرمایش سریع / فناوری Metal cooling / سامانه مدیریت مصرف هنگام سفر / نوار درزگیر آنتی باکتریال با قابلیت تعویض / محفظه نگهداری میوه و سبزیجات / سرمایش هوشمند (Smart Cooling) / جالبنیاتی و جا بطری / دارای دستگیره در مخفی / فناوری کاهش مصرف انرژی / حسگرهوشمند تشخیص دمای بیرونی / سامانه مدیریت سرمایش Smart Cooling / سرمایش دوگانه one evaporator / حالت کاهش مصرف انرژی هوشمند / روشنایی یخچال و فریزر LED / گردش هوای سه بعدی Multiple Air Flow / شش عدد سنسور داخلی / نوع بار خانگی دیسکی (سامانه آرام بازشو) / فیلتر تصفیه هوای داخلی دولایه نانو کربن / نوع آبسردکن خودکار تک پدال / فیلتر جاذب اتیلن Fresh Max Filter / نوع طبقات شيشه ای بی قاب / مانیتورینگ ۲۴ ساعته عملکرد یخچال فریزر از طریق اینترنت / اعلام هشدارهاي نگهداري مثل زمان تعویض فیلتر آب در اپلیکیشن اسمارت بوم / کاربر می تواند عملکرد دستگاه را از طریق گوشی موبایل روی یکی از حالت های پیش فرض تازگی، مهمانی، مسافرت و اقتصادی تنظیم کند / کاهش چشمگیر انرژی به میزان ۲۳ درصد / بهبود گرید ABS وان محصولات جهت بهبود ظاهری و عمر محصول / مدیریت تنظیمات یخچال فریزر با گوشی موبایل از طریق اپلیکیشن SMARTBOOM / اعلام زمان پایان تاریخ مصرف موادغذایی در SMARTBOOM / مجهز به بار خانگی دیسکی با تکنولوژي Zone Platinium,,,
SNOWA-SBS-S1Di-S110-S,,,,,,,,,,,,,,,,,,,,,,,,,,,,,,,,,,,,,,,,,,,,,,,,,,,,,,,,,,,,,,,,,,,,,,,,,,,,,,,,,,,,,,,,,,,,,,,,,,,,,,,,,,,,,,,,,,,,,,,,,,,,,,,,,,,,,,,,,,,,,,,,,,,,,,,,,,,,,,,,,,,,,,,,,,,,,,,,,,,,,,,,,,,,,,,,,,,,,,,,,,,,,,,,,,,,,,,,,,,,,,,,,,,,,,,,,,,,,,,,,,,,,,,,,,,,,,,,,,,,,,,,,,,,,,,,,,,بیش از ۷۰۰ لیتر,۲۹۰۰۱۷۶۵۰۹۲۰۹,اخطار باز ماندن درب,بدون برفک,,۱۸۱ سانتی‌متر,۷۲ سانتی‌متر,۹۰ سانتی‌متر,,ساید بای ساید,69.0,,A+,۱۰۰ کیلوگرم,۷۸۰,۲۷,نوفراست,۳۹۴ لیتر,۴,۶,۲ عدد,۱۹۷ لیتر,۴,۲,۲,,,,,,,,
SNOWA-SBS-S1Di-S110-W,,,,,,,,,,,,,,,,,,,,,,,,,,,,,,,,,,,,,,,,,,,,,,,,,,,,,,,,,,,,,,,,,,,,,,,,,,,,,,,,,,,,,,,,,,,,,,,,,,,,,,,,,,,,,,,,,,,,,,,,,,,,,,,,,,,,,,,,,,,,,,,,,,,,,,,,,,,,,,,,,,,,,,,,,,,,,,,,,,,,,,,,,,,,,,,,,,,,,,,,,,,,,,,,,,,,,,,,,,,,,,,,,,,,,,,,,,,,,,,,,,,,,,,,,,,,,,,,,,,,,,,,,,,,,,,,,,,بیش از ۷۰۰ لیتر,۲۹۰۰۱۷۶۵۰۹۲۰۹,اخطار باز ماندن درب,بدون برفک,,۱۸۱ سانتی‌متر,۷۲ سانتی‌متر,۹۰ سانتی‌متر,,ساید بای ساید,70.0,,A+,۱۰۰ کیلوگرم,۷۸۰,۲۷,نوفراست,۳۹۴ لیتر,۴,۶,۲ عدد,۱۹۷ لیتر,۴,۲,۲,,,,,,,,
SNOWA-SBS-S2D-L310-W,,,,,,,,,,,,,,,,,,,,,,,,,92 × 92 × 182 سانتیمتر,,,,,,چهار طبقه,دو طبقه,به سمت راست,,,دارد,,,,,,,,,,,,,,,,,,,,,,,,,,,,,,,,,,,,,,,,,,,,,,,,,,,,,,,,,,,,,,,+A,اتوماتیک (متصل به آب شهری),بلی,,,,,,,,,,,,,,,,,,,,,,,,,,,,,,,,,,,,,,,,,,,,,,,,,,,,,,,,,,,,,,,,,,,,,,,,,,,,,,,,,,,,,,,,,,,,,,,,,,,,,,دارد,,,,,,,,,,,,دارد,,,,,,,,,,,,,,,,,,,,,,,,,,,,,,,,استیل,,بلی,,,,,,,,,,,,,بلی,,,,,بلی,,,,ساید بای ساید,,,,,,,,,,,,,,49.0,۷۸٫۶۰۰٫۰۰۰ تومان,,,719,35,دارد,,,,3,,,,,,به سمت چپ,,,,1816,920,916
SNOWA-SBS-S2D-M210-S,,,,,,,,,,,,,,,,,,,,,,,,,,,,,,,,,,,,,,,,,,,,,,,,,,,,,,,,,,,,,,,,,,,,,,,,,,,,,,,,,,,,,,,,,,,,,,,,,,,,,,,,,,,,,,,,,,,,,,,,,,,,,,,,,,,,,,,,,,,,,,,,,,,,,,,,,,,,,,,,,,,,,,,,,,,,,,,,,,,,,,,,,,,,,,,,,,,,,,,,,,,,,,,,,,,,,,,,,,,,,,,,,,,,,,,,,,,,,,,,,,,,,,,,,,,,,,,,,,,,,,,,,,,,,,,,,,,۵۵۱ تا ۷۰۰,۲۹۰۰۱۷۶۵۰۹۴۰۷,آبسردکن,یخساز اتوماتیک (آب شهری),,۱۸۱.۶ سانتی‌متر,۸۴ سانتی‌متر,۹۱.۶ سانتی‌متر,,ساید بای ساید,73.0,"۸۵,۷۹۰,۰۰۰",A+,۱۱۰ کیلوگرم,۶۳۰,۲۸,نوفراست,۴۴۰ لیتر,۵,۶,۲ عدد,۱۹۰ لیتر,۳,,۳,به راست,به چپ,,دارد,دارای هوم بار / دستگیره درب مخفی / سامانه گردش هوای سه بعدی / سرمایش سریع یخچال / انجماد سریع فریزر / مجهز به سرمایش فلزی درب بار / قابلیت کنترل با اینترنت (IOT),,,
SNOWA-SBS-S2D-M210-W,,,,,,,,,,,,,,,,اصلی,,,,,,,,,181.6 * 91.6 * 84,,,,,,,,,,,,,,,,,,,,,,,,,,,,,,,,,,,,,,,,,,,,,,,,,,,,,,,,,,,,,,,,,,,,+A,32 فوت,دارد (قابلیت IOT),دارد,دارد,مخفی,,,,,,,,,,,,,,,,,,,,,,,,,,,,,,,,,,,,,,,,,,,,,,,,,,,,,,,,,,,,,,,,,,,,,,,,,,,,,,,,,,,,,,,,,,,,,,,,,,,,,,,,,,,,,,,,کمپرسور اینورتر دیجیتال,,,,,,,,,,,,,,,,,,,,,,,,,,,,,,,,,,,ساید بای ساید,,سفید متالیک,,,,,,,,,,,,,,,,,,,,,,,,,,,اسنوا,۵۵۱ تا ۷۰۰,۲۹۰۰۱۷۶۵۰۹۹۱۹,آبسردکن,بدون برفک,,۱۸۱ سانتی‌متر,۸۴ سانتی‌متر,۹۱ سانتی‌متر,ابسردکن خودکار تک پداله با قابلیت اتصال به آب شهری/ ارتقا کیفی سیستم الکترونیک/ اعلام زمان پایان تاریخ مصرف موادغذایی در SMARTBOOM/ بهبود بردهای الکترونیکی نمایشگر و کمپرسور/ تکنولوژی Metal Cooling/ درب سوم همراه با سامانه سرمایش فلزی Metal Ice Cooling دستگیره مخفی درب‌ها/ سامانه حفظ تازگی وماندگاری میوه وسبزیجات (green ray)/ سرمایش هوشمند(SMART COOLING) سيستم قدرتمند گردش هوای سه بعدی/ ظرفیت بسیار بالا/ فیلتر Tripple/ فیلتر جاذب اتیلن/ قابلیت کنترل با اینترنت(قابلیت IOT)/ کاهش چشمگیر انرژی به میزان ۲۳ درصد/ محفظه Chiller Zone/ مدیریت تنظیمات یخچال فریزر با گوشی موبایل از طریق اپلیکیشن SMARTBOOM/ نمايشگرLED با کنترل لمسی,ساید بای ساید,48.0,۷۶٫۵۰۰٫۰۰۰ تومان,A+,۱۱۰ کیلوگرم,630 لیتر,۳۲,نوفراست,۴۹۱ لیتر,۵,۵,۲ عدد,۲۲۸ لیتر,۳,,۳,,,,,,,,
SNOWA-SBS-S2Di-M210-S,,,,,,,,,,,,,,,,,,,,,,,,,,,,,,,,,,,,,,,,,,,,,,,,,,,,,,,,,,,,,,,,,,,,,,,,,,,,,,,,,,,,,,,,,,,,,,,,,,,,,,,,,,,,,,,,,,,,,,,,,,,,,,,,,,,,,,,,,,,,,,,,,,,,,,,,,,,,,,,,,,,,,,,,,,,,,,,,,,,,,,,,,,,,,,,,,,,,,,,,,,,,,,,,,,,,,,,,,,,,,,,,,,,,,,,,,,,,,,,,,,,,,,,,,,,,,,,,,,,,,,,,,,,,,,,,,,,۵۵۱ تا ۷۰۰,۲۹۰۰۱۷۶۵۰۹۴۰۷,آبسردکن,یخساز اتوماتیک (آب شهری),,۱۸۱.۶ سانتی‌متر,۸۴ سانتی‌متر,۹۱.۶ سانتی‌متر,,ساید بای ساید,64.0,"۸۵,۷۹۰,۰۰۰",A+,۱۱۰ کیلوگرم,۶۳۰,۲۸,نوفراست,۴۴۰ لیتر,۵,۶,۲ عدد,۱۹۰ لیتر,۳,,۳,به راست,به چپ,,دارد,دارای هوم بار / دستگیره درب مخفی / سامانه گردش هوای سه بعدی / سرمایش سریع یخچال / انجماد سریع فریزر / مجهز به سرمایش فلزی درب بار / قابلیت کنترل با اینترنت (IOT),,,
SNOWA-SBS-SN8-2028GW,,,,,,,,,,,,,,,,,دارد,,,,,,,,,,,27 فوت,,,,,,,,,,,,,,,,,,,,,,,یخچال فریزر ساید بای ساید,دارد,Smart Cooling,دارد,شش عدد سنسور داخلی,تک اواپراتور,دارد,دارد,LED,دو لایه نانو کربن,دارد,6 عدد,2 عدد,بدون قاب,دارد,دارد,به سمت راست,دارد,2 عدد,به سمت چپ,عرض: 916 میلیمتر عمق: 720 میلیمتر ارتفاع: 1816 میلیمتر,گنجایش یخچال: 394 لیتر گنجایش فریزر: 169 لیتر گنجایش کل: 563 لیتر,آنتی باکتریال با قابلیت تعویض,دارد,نمایشگر لمسی ال ای دی,مخفی,,,,,,,,,,,,,,,,,,,,,,,,,,,,,,,,,,,,,,,,,,,,,,,,,,,,,,,,,,,,,,,,,,,,,,,,,,,,,,,,,,,,,,,,,,,,,,,,,,,,,,,,,,,,,,,,,,,,,,,,,,,دارد,,,,,,,,,,,اینورتر دیجیتال,,,,,دارد,,LED,,,,,,دارد,,دارد,,دارد,,,دارد خودکار تک پدال فوق باریک,,,,,,,,,,,,,,,,,"استیل, سفید براق, سفید متالیک",دارد خودکار تک پدال,,,دارد از نوع دیسکی (سامانه آرام بازشو),,دارد,,,,,,,,,,,,,,,,,,,,,اسنوا,,۲۹۰۰۱۷۶۵۰۵۰۳۴,,,,,,,,,44.0,۶۳٫۰۰۰٫۰۰۰ تومان,A+,۱۲۰ کیلوگرم,,۲۷,نوفراست,۳۹۴ لیتر,4 عدد,۶,۲ عدد,۱۹۷ لیتر,4 عدد,۲,2 عدد,,,38 دسی بل,,,۱۸۱ سانتی‌متر,۷۲ سانتی‌متر,۹۱ سانتی‌متر
SNOWA-SBS-SN8-2032SS,,,,,,,,,,,,,,,,,,,,,,,,,,,,,,,,,,,,,,,,,,,,,,,,,,,,,,,,,,,,,,,,,,,,,,,,,,,,,,,,,,,,,,,,,,,,,,,,,,,,,,,,,,,,,,,,,,,,,,,,,,,,,,,,,,,,,,,,,,,,,,,,,,,,,,,,,,,,,,,,,,,,,,,,,,,,,,,,,,,,,,,,,,,,,,,,,,,,,,,,,,,,,,,,,,,,,,,,,,,,,,,,,,,,,,,,,,,,,,,,,,,,,,,,,,,,,,,,,,,,,,,,,,,,,,,,,,,,۲۹۰۰۱۷۶۵۰۵۰۶۵,,,,,,,,,68.0,,A+,۱۲۰ کیلوگرم,,۳۲,نوفراست,۴۴۰ لیتر,۵,۶,۲ عدد,۲۳۳ لیتر,۴,۳,۳,,,,,,۱۸۱ سانتی‌متر,۹۱ سانتی‌متر,۸۴ سانتی‌متر
SNOWA-SBS-SN8-2034GW,,,,,,,,,,,,,,,,,,,,,,,,,,,,,,,5,,,,,,,,,,,,,,,,,,,,,دارد,Smart Cooling,دارد,,تک اواپراتور,,,LED,دو لایه نانو کربن,دارد,,,بدون قاب,,دارد,به سمت راست,دارد,6,به سمت چپ,,,آنتی باکتریال با قابلیت تعویض,دارد,نمایشگر لمسی ال ای دی,,SN8-2034,هارمونی,مخفی,ندارد,ندارد,دارد,دارد,خودکار تک پدال,دیسکی (سامانه آرام بازشو),2.0,,,,,,,,,,,,,,,,,,,,,,,,,,,,,,,,,,,,,,,,,,,,,,,,,,,,,,,,,,,,,,,,,,,,,,,,,,,,,,,,,,,,,,,,,,,,,,,,,,,,,,,,,,,,,,,,,دارد,,,,,,,,,,,اینورتر دیجیتال,,,,3,دارد,,LED,ایران,دارد,,,,دارد,,دارد,,دارد,,,دارد,,,,,,,,,,,,,,,,,سفید براق,,,,دارد,خودکار تک پدال فوق باریک,دارد,,,,,,,,,,,,,,,,,,,,,اسنوا,۵۵۱ تا ۷۰۰,۲۹۰۰۱۷۶۵۰۶۰۸۶,,,- آبسردکن - دارای یخساز - انجماد سریع - نوع یخساز: خودکار تک پدال فوق باریک - قفل یخساز - بدون برفک - جهت باز شدن درب فریزر به سمت چپ,,,,- اخطار باز ماندن درب,,45.0,۶۳٫۵۰۰٫۰۰۰ تومان,A+,۱۱۰ کیلوگرم,۶۳۰,۳۲,نوفراست,۴۴۰ لیتر لیتر,۵ عدد,۶ عدد,2,۲۴۴ لیتر لیتر,4,۲ عدد,۳ عدد,,,38 دسی بل,,- لزوم اتصال به شیر آب برای تولید یخ و آب سرد - سیستم کاهش صدا در شب - سامانه سرمایش هوشمند - دارای فیلتر تصفیه آب - سیستم سرمایش سریع - مجهز به سامانه بار خانگی - کمپرسور اینورتر دیجیتال - سامانه مدیریت مصرف هنگام سفر - نوار درزگیر آنتی باکتریال با قابلیت تعویض - سيستم انجماد سريع فريزر - محفظه نگهداری میوه و سبزیجات - LED لمسی - سرمایش هوشمند (Smart Cooling) - جا لبنیاتی و جابطری - هشدار باز بودن درب - دارای روشنایی فریزر LED - دارای دستگیره در مخفی - فناوری کاهش مصرف انرژی - حسگرهوشمند تشخیص دمای بیرونی - سامانه مدیریت سرمایش Smart Cooling - سرمایش دوگانه one evaporator - حالت کاهش مصرف انرژی هوشمند - گردش هواي سه بعدي Multiple Air Flow - روشنایی یخچال و فریزر LED - قابلیت اتصال به آب شهری - شش عدد سنسور داخلی - نوع بار خانگی دیسکی (سامانه آرام بازشو) - گرید انرژی: A+ - فیلتر تصفیه هوای داخلی دولایه نانو کربن - نوع آبسردکن خودکار تک پدال - دارای سیستم قفل یخساز - بهینه سازی ساختار مواد - طراحی استاندارد مطابق با کابینت آشپزخانه و حمل آسان - یخساز فوق باریک - نوع طبقات شيشه ای بی قاب,,,
SNOWA-SBS-SN8-2035GW,,,,,,,,,,,,,,,,,,,,,,,,,,,,,,,,,,,,,,,,,,,,,,,,,,,,,,,,,,,,,,,,,,,,,,,,,,,,,,,,,,,,,,,,,,,,,,,,,,,,,,,,,,,,,,,,,,,,,,,,,,,,,,,,,,,,,,,,,,,,,,,,,,,,,,,,,,,,,,,,,,,,,,,,,,,,,,,,,,,,,,,,,,,,,,,,,,,,,,,,,,,,,,,,,,,,,,,,,,,,,,,,,,,,,,,,,,,,,,,,,,,,,,,,,,,,,,,,,,,,,,,,,,,,,,,,,,,بیش از ۷۰۰ لیتر,۲۹۰۰۱۷۶۵۰۶۰۹۳,,,,,,,,,80.0,,A+,۱۲۰ کیلوگرم,۷۷۷,۳۵,نوفراست,۵۰۰ لیتر,۵,۶,۲ عدد,۲۷۷ لیتر,۴,۳,۳,,,,,,,,
SNOWA-SBS-SN8-2261SW,,,,,,,,,,,,,,,,,,,,,,,,ندارد,,,,,,,,,,,,,,,,,,,,,,,,,,,,,,,,,,,,,,,,,,,,,,,,,,,,,,,,,,,,,,,دارد,دارد,دارد,ندارد,,,,,,,,,,,,,,,,,,,,,,,,,,,,,,,,,,,,,,,,,,,,,,,,,,,,,,,,,,,,,,,,,,,,,,,,,,,,,,,,,,,,,,,,,,,,,,,,,,یخچال فریزر ساید بای ساید,A+,394 لیتر,197 لیتر,,,181.6سانتی متر,72سانتی متر,91.6سانتی متر,110کیلوگرم,2عدد,بله,دارد,اتوماتیک متصل به آب شهری,دارد,روشناییLED,هارمونی(Harmony),دارد,دارد,دارد,,,اینورتر دیجیتال(DI),LEDهمراه با دکمه های لمسی,27فوت,,2عدد,دارد,38 دسی بل,,ایران,,,,,,,,,,,,اتوماتیک(متصل به آب شهری),,,8 سال,,,,,,591لیتر,,,,,,,,,,,,,,,,,,,,,دارد,,,,,,,بله,,,,,دارد,,,۵۵۱ تا ۷۰۰,۶۲۶۱۶۴۰۶۰۹۰۷۵,نمایشگر,,,,,,,,46.0,۶۵٫۰۰۰٫۰۰۰ تومان,A+,۱۱۰ کیلوگرم,۵۹۱,۲۷,نوفراست,۳۹۴ لیتر,4عدد,4عدد,۲ عدد,۱۹۷ لیتر,4عدد,2عدد,۲,به سمت راست,به سمت چپ,۳۸,,سیستم هوشمند سرمایش دوگانه ۲۷ فوت مجهز به محفظه ی بار,,,
SNOWA-SBS-SN8-2343GW,,,,,,,,,,,,,,,,,yes,,,,,,,,,,,,,,5 عدد,6 عدد,به سمت راست,,,,yes,,,,,,,,,,,,,,,,,,,,,,,,,,,,,,,,,,,,,,,,,,,,,,,,,,,,,,,,,,,,,,,,,,,,اسنوا,,,,,,,,,,,,,,,,,,,,,,,,,,,,,,,,,,,,,,,,,,,,,,,,,,,,,,,,,,,,,,,,,,,,,,,,,,,,,,,,,,,,,,,,,,,,,,yes,,,,,,,,,,,اینورتر دیجیتال,,,,,,,,,,,,,,,,,,,,yes,,,,,,,,,,,,,,,,,,yes,yes,yes,,خودکار تک پدال فوق باریک,yes,32 فوت,1920 میلیمتر,990 میلیمتر,930 میلیمتر,دفترچه راهنما,"بهینه سازی ساختار مواد, دارای گرید انرژی A, سامانه سرمایش هوشمند, فیلتر جاذب اتیلن Fresh Max Filter, کمپرسور اینورتر دیجیتال",,,,,,,,,,,,ساید بای ساید,,,,,,,,,,,,,,53.0,ناموجود,A+,,,,,400 لیتر,,,2 عدد,190 لیتر,,,,,به سمت چپ,,,,1816 میلی‌متر,840 میلیمتر,916 میلی متر
SNOWA-SBS-SN8-2343SS,,,,,,,,,,,,,,,,,,,ندارد,,,,,,,,,,,,,,,,,,,,,,,,,,,,,,,,,,,,,,,,,,,,,,,,,,,,,,,,,,,,,,,,,,,,,,,,,,,,,,,,,,,,,,,سفید متالیک,دارد,اتوماتیک,دارد,,,,,,,,,,,,,,,,,,,,,,,,,,,,,,,,,,,,,,,,,,,,,,,,,,,,,,,,,,,,,,,,,,,,,,,,,,,,,,,ساید بای ساید,A+,,,,,,,,,2 کشو,,,,,,,,,,,,,,,,3 کشو,,,,,,,,,,,,,,,,,,,,,,,,,,,,,,,,,,,,,,اتوماتیک,,667 لیتر,,,,,,,,,,,,,,,,,,,,اسنوا,,,,,,,,,,,55.0,۷۹٫۸۴۶٫۸۰۰ تومان,,,,,,434 لیتر,5 طبقه,6 طبقه,,233 لیتر,4 طبقه,2 طبقه,,,,,دارد,"32 فوت, حالت کاهش مصرف انرژی هوشمند, حسگر هوشمند تشخیص دمای بیرونی, دارای فیلتر تصفیه آب, سامانه سرمایش سریع, سامانه مدیریت سرمایش Smart Cooling, سامانه مدیریت مصرف هنگام سفر, سیستم انجماد سریع, سیستم هوشمند سرمایش دوگانه, شش عدد سنسور داخلی, صفحه نمايش LED لمسی, طبقات شیشه‌ای بدون قاب, فناوری کاهش مصرف انرژی, فیلتر تصفیه هوای داخلی دولایه نانو کربن, کمپرسور اینورتر دیجیتال",181.6 سانتی‌متر,84 سانتی‌متر,91.6 سانتی‌متر
SNOWA-SBS-SN8-2353GW,,,,,,,,,,,,,,,,,,,دارد,,,,,,,,,,,,,,,,,,,,,,,,,,,,,,,,,,,,,,,,,,,,,,,,,,,,,,,,,,,,,,,,,,,,,,,,,,,,,,,,,,,,,,,سفید متالیک,دارد,اتوماتیک,دارد,,,,,,,,,,,,,,,,,,,,,,,,,,,,,,,,,,,,,,,,,,,,,,,,,,,,,,,,,,,,,,,,,,,,,,,,,,,,,,,ساید بای ساید,A+,,,,,,,,,2 کشو,,,,,,,,,,,,,,,,3 کشو,,,,,,,,,,,,,,,,,,,,,,,,,,,,,,,,,,,,,,اتوماتیک,,777 لیتر,,,,,,,,,,,,,,,,,,,,اسنوا,,,,,,,,,,,57.0,ناموجود,,,,,,500 لیتر,5 طبقه,6 طبقه,,277 لیتر,4 طبقه,3 طبقه,,,,,دارد,"35 فوت, حالت ذخیره انرژی هوشمند, حسگر هوشمند تشخیص دمای بیرونی, حسگرهای هوشمند تشخیص دمای داخلی, دارای فیلتر تصفیه آب, سامانه گردش هوای چندگانه, سامانه مدیریت سرمایش Smart Cooling, سیستم بدون برفک, سیستم سرمایش دوگانه, سیستم قدرتمند گردش هوای سه بعدی, سیستم کاهش صدا در شب, طبقات شیشه‌ای بدون قاب, کمپرسور اینورتر دیجیتال, لامپ LED, هشدار باز بودن درب",181.6 سانتی‌متر,92 سانتی‌متر,91.6 سانتی‌متر
SNOWA-SBS-SN8-3035GW,,,,,,,,,,,,,,,,,,,,,,,,,,,,,,,,,,,,,,,,,,,,,91.6 سانتی متر,,,,,,,,,,,,,,,,,,,,,,,,,,,,,,,,,,,,,,,,,,,,,,,,,,,,,,,,,دارد,اینورتر دیجیتال,,,,,,,,,,,,,,,,,,,,,,,,,,,,,,,,,,,,,,,,,,,,,,,,,,,,,,,,,,,,,,,,,,,,,,,,,,,,,,,,,,,,,,,,,,,,,,,2 عدد,,,,,,سری گالری,,,,,,,,,,3 عدد,,,,,,,,,,,,,,,,دارد/ خودکار دو پدال,,,,,,,,,,,,,,,,اسنوا,سفید متالیک,دارد,,,,,دارد,,,,,,,,,بله,دارد,دارد,ندارد,دارد,بله,دارد,4 عدد,"- سیستم کاهش صدا در شب, - سامانه مدیریت مصرف هنگام سفر, - محفظه نگهداری میوه و سبزیجات, - حسگرهوشمند تشخیص دمای بیرونی, - دارای فناوری کاهش مصرف انرژی, - سامانه مدیریت سرمایش Smart Cooling, - حالت کاهش مصرف انرژی هوشمند, - گردش هوای سه بعدی Multiple Air Flow, - شش عدد سنسور داخلی, - محفظه خنک کننده‌ی ویژه, - فیلتر سه لایه کریستال بلو",,دارد,,,بیش از ۷۰۰ لیتر,۲۹۰۰۱۷۶۵۰۵۹۸۰,,یخساز اتوماتیک (آب شهری),,۱۸۰ سانتی‌متر,۹۲ سانتی‌متر,۹۳ سانتی‌متر,آبسردکن اتوماتيك با اتصال به آب شهری,ساید بای ساید,50.0,۸۵٫۰۰۰٫۰۰۰ تومان,++A,۱۲۰ کیلوگرم,۷۷۱,۳۵,نوفراست,۴۹۴ لیتر,5 عدد,6 عدد,۲ عدد,۲۷۷ لیتر,۴,3 عدد,۳,به سمت راست,به سمت چپ,,دارد,,181.6سانتی متر,92 سانتی متر,
TCL-SBS-S545,,,,,,,,,,,,,,,,,,,,,,,,ندارد,,,19 فوت,,,,,,,,,,,,,,,,,,,,,,,,,,,,,,,,,,,,,,,,,,,,,,,,,,,,,,,,,,,,,,,,,,,,,,,,,,,,,,,,,,,,,,,,,,,4 عدد,1 عدد,بله,دارد,لامپ LED,به سمت راست,1 عدد,به سمت چپ,ندارد,ندارد,دارد,دارد,"سیستم انجماد سریع (Super Freezing), سیستم سرمایش سریع (Super Cooling), سیستم کنترل هوشمند دیجیتال, گردش هوای چندگانه (Multi Airflow), مجهز به تکنولوژی AAt, یخساز دستی",,,,,,,,,,,,,,,,,,,,,,,,,,,,,,,,,,,,,,,,,,,,,,,,,,,,,,,,,,,,,,,,,,,,,,,,,,,,,,,,,دارد,,,,,,,,,,,,,,,,,,,,,,,,,,,,,,,,,,ساید بای ساید,,,دارد,دارد,,,,,,,,,,,,LED,,,,,,,,,,,دارد,,,۳۵۱ تا ۴۹۰,۲۹۰۰۹۹۳۷۰۲۶۴۷,بدون برفک,,,,,,,,59.0,۳۳٫۰۰۰٫۰۰۰ تومان,+A,۸۳ کیلوگرم,۴۵۹,۲۸,نوفراست,۳۲۱ لیتر,۴,۴,۱ عدد,۱۳۸ لیتر,4 عدد,,۱,به سمت راست,,,,دارای یخساز دستی,1770 میلی متر,638 میلی متر,920 میلی متر
X.VISION-SBS-HS550-ASD,,,,,,,,,,,,,,,,,,,,,,,,,,,,,,,,,,,,دارد,,,,,,,,,910 میلی متر,,,,,,,,,,,,,دارد,,,,,,,,,,,,,,,,,,,,,,,,,,,,,,,,,,,,,,,,,,,,,,,,سفید,,اتوماتیک,,,,,,,,,,,,,,,,,به سمت چپ,,,,,,دارد,LED,۴ طبقه در یخچال,شیشه ای,دارد,"۲ کشو شفاف, ۴ طبقه در فریزر",LED,159 لیتر,342 لیتر,501 لیتر,"اتوماتیک (آب شهری), دارد",دارد,فیلتر ضد باكتری (Anti Bacteria System),اینورتر,+A,دارد,بله,اینورتر,ساید بای ساید,,,,,,,,,,,,,,,,,,,,,,,,,,,,,,,,,,,,,,,,,,,,,,,,,,,,,,,,,,,,مخفی,,,,,,,,,,,,,,,,,,,,,,,,,,,,,,,,,,,,,,,دارد,,,,,,,,,,,,,,,,ندارد,,,,,,,,دارد,,ایکس ویژن,,,,,,,,,,,60.0,۵۲٫۰۰۰٫۰۰۰ تومان,,93 کیلوگرم,,,,,4 طبقه در یخچال,,2 عدد,,,,,,,,,,1770 میلی متر,710 میلی متر,
X.VISION-SBS-HS550-AWD,,,,,,,,,,,,,,,,,,,,,,,,,,,,,,,,,,,,دارد,,,,,,,,,910 میلی متر,,,,,,,,,,,,,دارد,,,,,,,,,,,,,,,,,,,,,,,,,,,,,,,,,,,,,,,,,,,,,,,,سفید,,اتوماتیک,,,,,,,,,,,,,,,,,به سمت چپ,,,,,,دارد,LED,۴ طبقه در یخچال,شیشه ای,دارد,"۲ کشو شفاف, ۴ طبقه در فریزر",LED,159 لیتر,342 لیتر,501 لیتر,"اتوماتیک (آب شهری), دارد",دارد,فیلتر ضد باكتری (Anti Bacteria System),اینورتر,+A,دارد,بله,اینورتر,ساید بای ساید,,,,,,,,,,,,,,,,,,,,,,,,,,,,,,,,,,,,,,,,,,,,,,,,,,,,,,,,,,,,مخفی,,,,,,,,,,,,,,,,,,,,,,,,,,,,,,,,,,,,,,,دارد,,,,,,,,,,,,,,,,ندارد,,,,,,,,دارد,,ایکس ویژن,,,,,,,,,,,72.0,۵۲٫۰۰۰٫۰۰۰ تومان,,93 کیلوگرم,,,,,4 طبقه در یخچال,,2 عدد,,,,,,,,,,1770 میلی متر,710 میلی متر,
X.VISION-SBS-S7,,,,,,,,,,,,,,,,,,,,,,,,,,,,,,A+,4,,,,,,,,,,,,,,,,,,,,,,,,,,,,,,,,,,,,,,,,,,,,,,,,,,,,,,,,,,,,,,,,,,,,,,,,,,,,,,,,,,,,,نوفراست,,,,,,,,,,,,,,,,,,,,,,,,,,,,,,,,,,,دارد,,,,,R600a,,,,,,دارد,دارد,,ساید بای ساید,,,,,,,,,,,,,,دارد,556.0,372.0,184.0,دارد,2.0,دارد,دارد,دارد,,,,,,,,,,,,,,,,,,,,,,,اینورتر,,,,2,,,,,,,,,,,,,,,,,,,,,,,,,,,,,,,,,,,,,,,,,,,,,,,,,,,,,,دارد,,,,دارد,,ایکس ویژن,,,,,,,,,,,71.0,۵۹٫۵۲۰٫۰۰۰ تومان,,,,,,,4,,2,,,,,,,,,,,,
X.VISION-SBS-TF541-AMD,,,,,,,,,,,,,,,,,,,,,,,,,,,,,,,3 عدد,,,,نوفراست (بدون برفک),,,,,,,,,,86cm,,,,,,,,,,,,,,,,,,,,,,,,,,,,,,,,,,,,,,,,,,,,,,,,,,,,,,,,,,,,,,,,,,,,,,,,,,,,,,,,,,,,,,,,,,,,,,,,,,,,,,,,,,دارد,,,,,,,,,,,,,,,,,,R600a,,,,,,,,,,,,,,,,,,,,,,,,,,,,,,,,,,,,,,,,,,,,,,,,,,,,,,,,,,,,,دستی,,,,,,,,,,,,,,,,,"سفید, استیل",,بله,,,,,,,,,,,,,,,,,,,,,,یخچال و فریزر ساید بای ساید چهار در,,,ایکس ویژن,,,,,,,,,,,64.0,۳۷٫۲۰۰٫۰۰۰ تومان,,95 کیلوگرم,,,,296 لیتر,,,6 عدد,133 لیتر,,,,,,,,"- انجماد سریع, - سرمایش سریع, - فناوری AAT, - عملکرد تعطیلات, - روشنایی داخلی LED, - گردش هوای چندگانه, -",185cm,67cm,
X.VISION-SBS-TF541-AWD,,,,,,,,,,,,,,,,,,,,,,,,,,,,,,,3 عدد,,,,نوفراست (بدون برفک),,,,,,,,,,86cm,,,,,,,,,,,,,,,,,,,,,,,,,,,,,,,,,,,,,,,,,,,,,,,,,,,,,,,,,,,,,,,,,,,,,,,,,,,,,,,,,,,,,,,,,,,,,,,,,,,,,,,,,,دارد,,,,,,,,,,,,,,,,,,R600a,,,,,,,,,,,,,,,,,,,,,,,,,,,,,,,,,,,,,,,,,,,,,,,,,,,,,,,,,,,,,دستی,,,,,,,,,,,,,,,,,"سفید, استیل",,بله,,,,,,,,,,,,,,,,,,,,,,یخچال و فریزر ساید بای ساید چهار در,,,ایکس ویژن,,,,,,,,,,,67.0,۳۷٫۲۰۰٫۰۰۰ تومان,,95 کیلوگرم,,,,296 لیتر,,,6 عدد,133 لیتر,,,,,,,,"- انجماد سریع, - سرمایش سریع, - فناوری AAT, - عملکرد تعطیلات, - روشنایی داخلی LED, - گردش هوای چندگانه, -",185cm,67cm,
X.VISION-SBS-TS550-ASD,,,,,,,,,,,,,,,,,,,,,,,,,,,,,,,5 عدد,5 عدد,,,,روی درب,,,,,,,میلی‌متر,,,,,,,,,,,,,,,,,,,,,,,,,,,,,,,,,,,,,,,,,,,,,,,,,,,,,,,,,,,,,,,"سفید, استيل",,,,,,,,,,,,,,,,,,,,,,,,,,,,,,,,,,,,,بوزدا,,,,,,,ایران,,,,,,,,,,,,,,,,,,,,TS550-AWD/ASD,تک پنل,2 درب,463 لیتر,آبسردکن نيمه اتوماتيك با مخزن آب,شیشه ای مستحکم,يخ ساز نيمه اتوماتيك با مخزن آب,A,630 میلی‌متر,,,,,,,,,,,کیلو وات ساعت,,,,,,,,,,,,,,,,,,,,,,,,,,,,,,,,,,,,,,,,,نیمه اتوماتیک,,,,,,,,,,,,,,,یخچال ساید بای ساید,,,,,,,,,,,,,دفترچه راهنما,,,LED,,,,,,,,,,,,,x-vision,۳۵۱ تا ۴۹۰,۲۹۰۰۹۹۳۷۰۲۴۷۰,آبسردکن,,يخ ساز نيمه اتوماتيك با مخزن آب,,,,آبسردکن نيمه اتوماتيك با مخزن آب,,68.0,۳۴٫۱۰۰٫۰۰۰ تومان,A,92 کیلوگرم,۴۶۳,۱۷,نوفراست,332 لیتر,۵,۴,عدد,131 لیتر,۵,,۱,به سمت راست,به سمت چپ,دسی بل,,دارای یخساز دستی,1765 میلی‌متر,۶۳ سانتی‌متر,920 میلی‌متر
X.VISION-SBS-TS551-AWD,,,,,,,,,,,,,,,,,,,,,,,,,,,,,,,,,,,,,,,,,,,,,,,,,,,,,,,,,,,,,,,,,,,,,,,,,,,,,,,,,,,,,,,,,,,,,,,,,,,,,,,,,,,,,,,,,,,,,,,,,,,,,,,,,,,,,,,,,,,,,,,,,,,,,,,,,,,,,,,,,,,,,,,,,,,,,,,,,,,,,,,,,,,,,,,,,,,,,,,,,,,,,,,,,,,,,,,,,,,,,,,,,,,,,,دستی,,,,,,,,,,,,,,,,,سفید,,,,,,,,,,,,,,,,,,,,,,,,,,,ایکس ویژن,۵۵۱ تا ۷۰۰,۲۹۰۰۹۹۳۷۰۳۵۶۹,بدون برفک,,دارای انجماد سریع,۱۷۶.۸ سانتی‌متر,۶۳ سانتی‌متر,۹۲ سانتی‌متر,دارای محفظه ویژه میوه و سبزیجات,ساید بای ساید,69.0,۳۳٫۸۰۰٫۰۰۰ تومان,A,۸۴ کیلوگرم,۵۵۱,۲۰,نوفراست,۳۸۰ لیتر,۵,۳,۱ عدد,۱۷۱ لیتر,۵,,۱,,,,,مجهز به صفحه نمایش LED با پنل لمسی / مجهز به سیستم گردش هوا (Swing Flow) / دارای طبقات بسیار مقاوم و زیبا / سیستم گردش هوای چندگانه,,,
X.VISION-SBS-TS552-ASD,,,,,,,,,,,,,,,,,,,,,,,دستی,,ارتفاع 176.8 سانتیمتر عرض 92 سانتیمتر عمق 63 سانتیمتر,,,28 فوت,,A,,,,,,,دارد,,,,,,,,,,,,,,,,,,,,,,,,,,,,,,,,,,,,,,,,,,,,,,,,,,,,,,,,,,,,,,,,,,,,,,,,,,,,,,,,,,,,,,,,,,,,,,,,,,,,,,,,,,,,,,,,,ایران,دارد,547 لیتر,485 لیتر,321 لیتر,164 لیتر,R600a,3 عدد,4 عدد,دارد,دارد,دارد,دارد,دارد,84 کیلوگرم,,,,,,,,,,,,,,,,,,,,,,,,,,,,,,,,,,,دارد,,,,,,,,,,,,,,,,,,,,,,,,,,,,,,,,,,,,,,,,,,,,,,ساید بای ساید,,استیل,,,,,,دارد,,,,,,,,,,,,,,,,,,,دارد,,ایکس ویژن,,,,,,,,,,,61.0,۳۳٫۵۰۰٫۰۰۰ تومان,,,,,,,5 طبقه,,1 عدد,,5 عدد,,,,,42 دسی بل,,,,,
X.VISION-SBS-TS665,,,,,,,,,,,,,,,,,,,ندارد,,,,,,,,,,,,,,,,,,,,,,,,,,,,,,,,,,,,,,,,,,,,,,,,,,,,,,,,,,,,,,,,,,,,,,,,,,,,,,,,,,,,,,,تیتانیوم,نوفراست,دستی,دارد,,,,,,,,,,,,,,,,,,,,,,,,,,,,,,,,,,,,,,,,,,,,,,,,,,,,,,,,,,,,,,,,,,,,,,,,,,,,,,,ساید بای ساید,A+,,,,,,,,,2 کشو,,,,,,,,,,,,,,,,2 کشو,,,,,,,,,,,,,,,,,,,,,,,,,,,,,,,,,,,,,,دستی,,597 لیتر,,,,,,,,,,,,,,,,,,دارد,,ایکس ویژن,,,,,,,,,,,66.0,۳۶٫۱۰۰٫۰۰۰ تومان,,,,,,390 لیتر,4 طبقه,3 طبقه,,207 لیتر,4 طبقه,4 طبقه,,,,,ندارد,"دریچه گردش هوای هوشمند, سیستم سرمایش و انجماد سریع, سیستم نوفراست, گردش هوای چندگانه, مجهز به فیلتر ضد باكتری (Anti Bacteria System), مجهز به کمپرسور اینورتر",176.8 سانتی‌متر,73.5سانتی‌متر,92 سانتی‌متر
X.VISION-SBS-TS665-ASD,,,,,,,,,,,,,,,,,,,ندارد,,,,,,,,,,,,,,,,,,,,,,,,,,,,,,,,,,,,,,,,,,,,,,,,,,,,,,,,,,,,,,,,,,,,,,,,,,,,,,,,,,,,,,,تیتانیوم,نوفراست,دستی,دارد,,,,,,,,,,,,,,,,,,,,,,,,,,,,,,,,,,,,,,,,,,,,,,,,,,,,,,,,,,,,,,,,,,,,,,,,,,,,,,,ساید بای ساید,A+,,,,,,,,,2 کشو,,,,,,,,,,,,,,,,2 کشو,,,,,,,,,,,,,,,,,,,,,,,,,,,,,,,,,,,,,,دستی,,597 لیتر,,,,,,,,,,,,,,,,,,دارد,,ایکس ویژن,,,,,,,,,,,70.0,۳۶٫۱۰۰٫۰۰۰ تومان,,,,,,390 لیتر,4 طبقه,3 طبقه,,207 لیتر,4 طبقه,4 طبقه,,,,,ندارد,"دریچه گردش هوای هوشمند, سیستم سرمایش و انجماد سریع, سیستم نوفراست, گردش هوای چندگانه, مجهز به فیلتر ضد باكتری (Anti Bacteria System), مجهز به کمپرسور اینورتر",176.8 سانتی‌متر,73.5سانتی‌متر,92 سانتی‌متر
X.VISION-SBS-TS665-AWD,,,,,,,,,,,,,,,,,,,ندارد,,,,,,,,,,,,,,,,,,,,,,,,,,,,,,,,,,,,,,,,,,,,,,,,,,,,,,,,,,,,,,,,,,,,,,,,,,,,,,,,,,,,,,,تیتانیوم,نوفراست,دستی,دارد,,,,,,,,,,,,,,,,,,,,,,,,,,,,,,,,,,,,,,,,,,,,,,,,,,,,,,,,,,,,,,,,,,,,,,,,,,,,,,,ساید بای ساید,A+,,,,,,,,,2 کشو,,,,,,,,,,,,,,,,2 کشو,,,,,,,,,,,,,,,,,,,,,,,,,,,,,,,,,,,,,,دستی,,597 لیتر,,,,,,,,,,,,,,,,,,دارد,,ایکس ویژن,,,,,,,,,,,74.0,۳۶٫۱۰۰٫۰۰۰ تومان,,,,,,390 لیتر,4 طبقه,3 طبقه,,207 لیتر,4 طبقه,4 طبقه,,,,,ندارد,"دریچه گردش هوای هوشمند, سیستم سرمایش و انجماد سریع, سیستم نوفراست, گردش هوای چندگانه, مجهز به فیلتر ضد باكتری (Anti Bacteria System), مجهز به کمپرسور اینورتر",176.8 سانتی‌متر,73.5سانتی‌متر,92 سانتی‌متر
X.VISION-SBS-TS666-ASD,,,,,,,,,,,,,,,,,,,,,,,,,ارتفاع 176.8 سانتیمتر عرض 92 سانتیمتر عمق 73.5 سانتیمتر,,,30 فوت,,+A,,,,,,,دارد,,,,,,,,,,,,,,,,,,,,,,,,,,2 عدد,,,,,,,,,,,,,,,,,,,,,,,,,,,,,,,,,,,,,,,,,,,,,,,,,,,,,,,,,,,,,2 عدد,,,,,,,,,,,,,,,,,,,,,,,,,,ایران,دارد,666 لیتر,597 لیتر,390 لیتر,207 لیتر,R600a,3 عدد,4 عدد,,دارد,دارد,دارد,دارد,95 کیلوگرم,ساید بای ساید,دارد,دارد,دارد,,,,,,,,,,,,,,,,,,,,,,,,,,,,,,,,,,,,,,,,,,,,,,,,,,,,,,,,,,,,,,,,,,,,,,,,,,,,,,,استیل,,,,,,دارد,,,,,,,,,,,,,,,,,,,دارد,,ایکس ویژن,,,,,,,,,,,63.0,۳۶٫۴۹۰٫۰۰۰ تومان,,,,,,,4 عدد,,,,4 عدد,,,,,42 دسی بل,,,,,
X.VISION-SBS-TS666-AWD,,,,,,,,,,,,,,,,,,,,,,,,,ارتفاع 176.8 سانتیمتر عرض 92 سانتیمتر عمق 73.5 سانتیمتر,,,30 فوت,,+A,,,,,,,دارد,,,,,,,,,,,,,,,,,,,,,,,,,,2 عدد,,,,,,,,,,,,,,,,,,,,,,,,,,,,,,,,,,,,,,,,,,,,,,,,,,,,,,,,,,,,,2 عدد,,,,,,,,,,,,,,,,,,,,,,,,,,ایران,دارد,666 لیتر,597 لیتر,390 لیتر,207 لیتر,R600a,3 عدد,4 عدد,,دارد,دارد,دارد,دارد,95 کیلوگرم,ساید بای ساید,دارد,دارد,دارد,,,,,,,,,,,,,,,,,,,,,,,,,,,,,,,,,,,,,,,,,,,,,,,,,,,,,,,,,,,,,,,,,,,,,,,,,,,,,,,استیل,,,,,,دارد,,,,,,,,,,,,,,,,,,,دارد,,ایکس ویژن,,,,,,,,,,,62.0,۳۶٫۴۹۰٫۰۰۰ تومان,,,,,,,4 عدد,,,,4 عدد,,,,,42 دسی بل,,,,,
X.VISION-SBS-TS666ASD,,,,,,,,,,,,,,,,,,,,,,,,,ارتفاع 176.8 سانتیمتر عرض 92 سانتیمتر عمق 73.5 سانتیمتر,,,30 فوت,,+A,,,,,,,دارد,,,,,,,,,,,,,,,,,,,,,,,,,,2 عدد,,,,,,,,,,,,,,,,,,,,,,,,,,,,,,,,,,,,,,,,,,,,,,,,,,,,,,,,,,,,,2 عدد,,,,,,,,,,,,,,,,,,,,,,,,,,ایران,دارد,666 لیتر,597 لیتر,390 لیتر,207 لیتر,R600a,3 عدد,4 عدد,,دارد,دارد,دارد,دارد,95 کیلوگرم,ساید بای ساید,دارد,دارد,دارد,,,,,,,,,,,,,,,,,,,,,,,,,,,,,,,,,,,,,,,,,,,,,,,,,,,,,,,,,,,,,,,,,,,,,,,,,,,,,,,استیل,,,,,,دارد,,,,,,,,,,,,,,,,,,,دارد,,ایکس ویژن,,,,,,,,,,,73.0,۳۶٫۴۹۰٫۰۰۰ تومان,,,,,,,4 عدد,,,,4 عدد,,,,,42 دسی بل,,,,,
X.VISION-SBS-TT580-ASD,,,,,,,,,,,,,,,,,,,دارد,,,,,,,,,,,,,,,,,,,,,,,,,,,,,,,,,,,,,,,,,,,,,,,,,,,,,,,,,,,,,,,,,,,,,,,,,,,,,,,,,,,,,,,تیتانیوم,نوفراست,دستی,دارد,,,,,,,,,,,,,,,,,,,,,,,,,,,,,,,,,,,,,,,,,,,,,,,,,,,,,,,,,,,,,,,,,,,,,,,,,,,,,,,یخچال فریزر بالا,A+,,,,,,,,,2 کشو,,,,,,,,,,,,,,,,ندارد,,,,,,,,,,,,,,,,,,,,,,,,,,,,,,,,,,,,,,دستی,,534 لیتر,,,,,,,,,,,,,,,,,,دارد,,ایکس ویژن,۴۹۱ تا ۵۵۰,۲۹۰۰۹۹۳۷۰۲۴۹۴,آبسردکن,,يخ ساز نيمه اتوماتيك با مخزن آب,,,,آبسردکن نيمه اتوماتيك با مخزن آب,,65.0,۲۵٫۰۰۰٫۰۰۰ تومان,A+,,۵۱۸,۲۶,نوفراست,395 لیتر,3 طبقه,3 طبقه,۲ عدد,139 لیتر,1 طبقه,2 طبقه,ندارد,به سمت راست,,,ندارد,"بدنه استیل ضد لک, برنامه ویژه شستشوی لباس کودک BABY CARE, بهره گیری از سیستم گردش هوای هوشمند (Swing Flow), صفحه نمایش LED با پنل لمسی, مجهز به سیستم گردش هوای چندگانه غذایی Multi Air Flow",184.8 سانتی‌متر,66.8 سانتی‌متر,83.6 سانتی‌متر
