model_code,price,tank_type,motor_speed,drum_capacity,door_opening_direction,height,depth,width,motor_type,energy_label,safety_system,brand
ABSAL-WM-REN7012,16451500.0,Front Load,1200.0,7.0,left,85.0,55.0,59.0,Unknown,3.0,1.0,ABSAL
ABSAL-WM-REN7112,16451500.0,Front Load,1200.0,7.0,left,85.0,55.0,59.0,Universal,1.0,0.0,ABSAL
ABSAL-WM-WRE-7412,15610000.0,Front Load,1200.0,7.0,left,85.0,55.0,59.0,Universal,3.0,1.0,ABSAL
ABSAL-WM-WRE6310,16451500.0,Front Load,1000.0,6.0,left,85.0,55.0,59.0,Belt Drive,0.0,1.0,ABSAL
ABSAL-WM-WRE7212,16598000.0,Front Load,1200.0,7.0,left,85.0,55.0,59.0,Belt Drive,3.0,1.0,ABSAL
ABSAL-WM-WRE7212-W,16598000.0,Front Load,1200.0,7.0,left,85.0,55.0,59.0,Belt Drive,3.0,1.0,ABSAL
ABSAL-WM-WRE7312,17000000.0,Front Load,1200.0,7.0,left,85.0,55.0,59.0,Belt Drive,3.0,1.0,ABSAL
BEKO-WM-WTV8736XS,29800000.0,Stainless Steel,1400.0,8.0,left,84.0,59.0,60.0,Beltless,3.0,1.0,BEKO
BLANTON-WM-WM8403,28500000.0,Honeycomb Drum (Water Magic Cube),1400.0,8.0,left,85.0,60.0,59.5,Semi-Gearbox,3.0,1.0,BLANTON
BLANTON-WM-WM9403,26960000.0,Unknown,1400.0,9.0,left,85.0,60.0,59.5,BLDC Inverter,3.0,1.0,BLANTON
BOSCH-WM-WAJ20170GC,31500000.0,Unknown,1000.0,7.0,left,84.8,59.0,59.8,BLDC,3.0,1.0,BOSCH
BOSCH-WM-WAJ2017SGC,31000000.0,Stainless Steel,1000.0,7.0,left,84.8,59.0,59.8,EcoSilence Drive,3.0,1.0,BOSCH
BOSCH-WM-WAJ20180GC,33200000.0,Front Load,1000.0,8.0,left,84.8,59.0,59.8,Unknown,3.0,1.0,BOSCH
BOSCH-WM-WAT24461IR,37000000.0,Front Load,1200.0,9.0,left,84.8,59.0,59.8,BLDC,3.0,1.0,BOSCH
BOSCH-WM-WAT28682ME,50442404.166666664,Unknown,1400.0,9.0,left,84.0,59.0,59.0,EcoSilence Drive,3.0,1.0,BOSCH
BOSCH-WM-WAT28780IR,43000000.0,Stainless Steel,1400.0,9.0,left,84.8,59.0,59.8,EcoSilence Drive,3.0,1.0,BOSCH
BOSCH-WM-WAV28K90ME,50500000.0,Front Load,1400.0,9.0,left,85.0,60.0,60.0,EcoSilence Drive,3.0,1.0,BOSCH
BOSCH-WM-WAV28M80ME,45000000.0,Stainless Steel,1400.0,9.0,left,84.5,59.0,60.0,EcoSilence Drive,3.0,1.0,BOSCH
BOSCH-WM-WAW2876XIR,60000000.0,Stainless Steel,1400.0,9.0,left,84.7,59.1,59.7,BLDC,3.0,1.0,BOSCH
BOSCH-WM-WAW32560GC,59000000.0,Stainless Steel,1600.0,9.0,left,84.8,59.0,59.8,EcoSilence Drive,3.0,1.0,BOSCH
BOSCH-WM-WAW3256XGC,61777700.0,Stainless Steel,1600.0,9.0,left,84.8,59.0,59.8,EcoSilence Drive,3.0,1.0,BOSCH
BOSCH-WM-WAW32760ME,58000000.0,Stainless Steel,1600.0,9.0,left,84.7,59.1,59.7,EcoSilence Drive,3.0,1.0,BOSCH
BOSCH-WM-WAX32E90,63000000.0,Stainless Steel,1600.0,10.0,left,84.8,59.0,59.8,EcoSilence Drive,3.0,1.0,BOSCH
BOSCH-WM-WAX32MXO,56000000.0,Stainless Steel,1600.0,10.0,left,84.8,59.0,59.8,EcoSilence Drive,3.0,1.0,BOSCH
BOSCH-WM-WAY32841IR,67000000.0,Unknown,1600.0,9.0,left,84.7,59.1,59.7,Beltless,3.0,1.0,BOSCH
BOSCH-WM-WBG244AOGC,65500000.0,Unknown,1400.0,9.0,left,84.7,59.1,59.7,EcoSilence Drive,3.0,1.0,BOSCH
BOSCH-WM-WBG244AXGC,65500000.0,Unknown,1400.0,9.0,left,84.7,59.1,59.7,EcoSilence Drive,3.0,1.0,BOSCH
BOSCH-WM-WGA142X0GC,34340000.0,Unknown,1600.0,9.0,left,84.0,59.0,59.0,EcoSilence Drive,3.0,1.0,BOSCH
BOSCH-WM-WGA242X0ME,31300000.0,Front Load,1200.0,9.0,left,84.8,59.0,59.8,EcoSilence Drive,3.0,1.0,BOSCH
BOSCH-WM-WGA24400ME,42500000.0,Stainless Steel,1400.0,9.0,left,84.7,59.1,59.7,EcoSilence Drive,3.0,1.0,BOSCH
BOSCH-WM-WGA2440XME,42500000.0,Stainless Steel,1400.0,9.0,left,84.7,59.1,59.7,EcoSilence Drive,3.0,1.0,BOSCH
BOSCH-WM-WGB2560,71500000.0,Stainless Steel,1600.0,10.0,left,84.7,59.1,59.7,EcoSilence Drive,3.0,1.0,BOSCH
BOSCH-WM-WGB256A90,73000000.0,Stainless Steel,1600.0,10.0,left,84.7,59.1,59.7,EcoSilence Drive,3.0,1.0,BOSCH
BOSCH-WM-WGG244M90,49500000.0,Stainless Steel,1400.0,9.0,left,84.8,59.0,59.8,EcoSilence Drive,3.0,1.0,BOSCH
BOST-WM-BW-702-10,16900000.0,Front Load,1000.0,7.0,left,81.9,54.5,59.7,Universal,3.0,1.0,BOST
BOST-WM-BWD-7120,15900000.0,Front Load,1000.0,7.0,left,82.5,55.0,59.5,Belt Drive,3.0,1.0,BOST
BOST-WM-BWD-7121,17270481.818181816,Front Load,1000.0,7.0,left,82.0,55.0,59.0,Belt Drive,3.0,1.0,BOST
BOST-WM-BWD-7131,16500000.0,Front Load,1000.0,7.0,left,82.5,55.0,59.5,Belt Drive,1.0,1.0,BOST
BOST-WM-BWD-7133,15800000.0,Unknown,1000.0,7.0,left,84.0,59.0,58.0,Universal,3.0,1.0,BOST
BOST-WM-BWD-7150N,15500000.0,Front Load,1000.0,7.0,left,82.5,59.5,59.5,Universal,3.0,1.0,BOST
BOST-WM-BWD-7151N,16300000.0,Front Load,1000.0,7.0,left,87.5,62.0,65.0,Universal,3.0,1.0,BOST
BOST-WM-BWD-7152N,16950000.0,Front Load,1000.0,7.0,left,82.5,55.0,59.5,Universal,3.0,0.0,BOST
BOST-WM-BWD-7171N,19975300.0,Front Load,1000.0,7.0,right,82.5,55.0,59.5,Belt Drive,1.0,1.0,BOST
BOST-WM-BWD-7173N,17270481.818181816,Front Load,1400.0,7.0,left,84.0,58.0,59.0,Universal,3.0,1.0,BOST
BOST-WM-BWD-8114,17270481.818181816,Front Load,1000.0,8.0,left,79.3,50.0,59.5,Belt Drive,3.0,1.0,BOST
BOST-WM-BWD-8115,17270481.818181816,Front Load,1000.0,8.0,left,79.3,50.0,59.5,Universal,3.0,1.0,BOST
BOST-WM-BWD-8227,18900000.0,Front Load,1200.0,8.0,left,79.0,50.0,59.0,Belt Drive,3.0,1.0,BOST
BOST-WM-BWD-8236,18900000.0,Front Load,1200.0,8.0,left,79.3,50.0,59.5,Universal,3.0,1.0,BOST
BOST-WM-BWD-8237,18350000.0,Front Load,1200.0,8.0,left,79.3,50.0,59.5,Belt Drive,3.0,1.0,BOST
CANDY-WM-GBT-1459W,22400000.0,Front Load,1400.0,9.0,left,85.0,60.0,60.0,Belt Drive,3.0,1.0,CANDY
CANDY-WM-PFC-846S,22500000.0,Diamond Drum,1400.0,8.0,left,85.0,60.0,54.0,Belt Drive,3.0,1.0,CANDY
CANDY-WM-PFC-846W,22500000.0,Diamond Drum,1400.0,8.0,left,85.0,60.0,54.0,Belt Drive,3.0,1.0,CANDY
CANDY-WM-PFC-944S,21500000.0,Front Load,1400.0,9.0,left,85.0,54.0,60.0,Inverter,3.0,1.0,CANDY
CANDY-WM-PFC-944W,21500000.0,Front Load,1400.0,9.0,left,85.0,54.0,60.0,Inverter,3.0,1.0,CANDY
CANDY-WM-PFC-946S,22500000.0,Front Load,1400.0,9.0,left,85.0,60.0,60.0,BLDC Belt Drive,2.0,1.0,CANDY
CANDY-WM-PFC-946W,22500000.0,Front Load,1400.0,9.0,left,85.0,60.0,60.0,BLDC Belt Drive,2.0,1.0,CANDY
CANDY-WM-PFC-PFC-822 W,23800000.0,Front Load,1200.0,8.0,left,85.0,54.0,60.0,Inverter,2.0,1.0,CANDY
DAEWOO-WM- DWK-CH821C,25529325.0,Front Load,1400.0,8.0,left,82.5,60.0,60.0,Belt Drive,3.0,1.0,DAEWOO
DAEWOO-WM- DWK-CH821S,21800000.0,Front Load,1400.0,8.0,left,82.5,60.0,60.0,Belt Drive,3.0,1.0,DAEWOO
DAEWOO-WM- DWK-UN810C,20450000.0,Front Load,1200.0,8.0,left,82.5,60.0,59.5,Universal,3.0,1.0,DAEWOO
DAEWOO-WM- DWK-UN810S,25529325.0,Front Load,1200.0,8.0,left,82.0,63.0,59.0,Universal,3.0,1.0,DAEWOO
DAEWOO-WM- DWK2-PR880C,25390000.0,Emerald Drum,1400.0,8.0,left,85.0,63.5,59.5,Direct Drive,3.0,1.0,DAEWOO
DAEWOO-WM- DWK2-PR880S,25390000.0,Front Load,1400.0,8.0,left,85.0,64.0,60.0,Direct Drive,3.0,1.0,DAEWOO
DAEWOO-WM- DWK2-PR980C,28000000.0,Front Load,1400.0,9.0,left,85.0,63.5,59.5,Direct Drive,3.0,1.0,DAEWOO
DAEWOO-WM- LM-720S,20450000.0,Stainless Steel,1000.0,7.0,left,82.5,57.0,59.5,Digital Inverter,3.0,1.0,DAEWOO
DAEWOO-WM- LM-830S,25529325.0,Front Load,1200.0,8.0,left,82.0,60.0,60.0,Belt Drive,3.0,1.0,DAEWOO
DAEWOO-WM- LM-830W,22000000.0,Front Load,1400.0,8.0,left,82.5,63.0,60.0,Direct Drive,3.0,1.0,DAEWOO
DAEWOO-WM- LM-840W,25529325.0,Front Load,1400.0,8.0,left,82.5,60.0,59.5,Direct Drive,3.0,1.0,DAEWOO
DAEWOO-WM- LM-850SB,24444000.0,Emerald Drum,1400.0,8.0,left,82.5,63.0,59.5,Smart Direct Drive,3.0,1.0,DAEWOO
DAEWOO-WM- LM-850WB,24444000.0,Emerald Drum,1400.0,8.0,left,82.5,63.0,59.5,Smart Direct Drive,3.0,1.0,DAEWOO
DAEWOO-WM- LM-850WW,24444000.0,Emerald Drum,1400.0,8.0,left,82.5,63.0,59.5,Smart Direct Drive,3.0,1.0,DAEWOO
DAEWOO-WM- LM-860SS,25720000.0,Emerald Drum,1400.0,8.0,left,82.5,63.0,59.5,Direct Drive,3.0,1.0,DAEWOO
DAEWOO-WM- LM-860WB,25720000.0,Emerald Drum,1400.0,8.0,left,82.5,63.0,59.5,Direct Drive,3.0,1.0,DAEWOO
DAEWOO-WM- LM-860WS,25720000.0,Emerald Drum,1400.0,8.0,left,82.5,63.0,59.5,Direct Drive,3.0,1.0,DAEWOO
DAEWOO-WM-DWK-7001S,25652200.0,Front Load,1000.0,7.0,left,85.0,60.0,60.0,Belt Drive,3.0,1.0,DAEWOO
DAEWOO-WM-DWK-7100,25529325.0,Front Load,1000.0,7.0,right,82.5,60.0,59.5,Unknown,3.0,1.0,DAEWOO
DAEWOO-WM-DWK-8440,30500000.0,Front Load,1400.0,8.0,left,83.0,60.0,60.0,Direct Drive,3.0,1.0,DAEWOO
DAEWOO-WM-DWK-CH700C,25529325.0,Front Load,1000.0,7.0,left,82.5,57.0,59.5,Belt Drive,3.0,1.0,DAEWOO
DAEWOO-WM-DWK-CH700S,20000000.0,Front Load,1000.0,7.0,left,85.0,64.0,60.0,Belt Drive,3.0,1.0,DAEWOO
DAEWOO-WM-DWK-CH701C,20000000.0,Cluster Drum,1000.0,7.0,left,82.5,57.0,59.5,Belt Drive,3.0,1.0,DAEWOO
DAEWOO-WM-DWK-CH701S,20000000.0,Front Load,1000.0,7.0,left,85.0,60.0,60.0,Belt Drive,3.0,1.0,DAEWOO
DAEWOO-WM-DWK-CH820C,22000000.0,Front Load,1200.0,8.0,left,85.0,60.0,67.0,Belt Drive,3.0,1.0,DAEWOO
DAEWOO-WM-DWK-CH820S,22000000.0,Front Load,1200.0,8.0,left,85.0,57.0,67.0,Belt Drive,3.0,1.0,DAEWOO
DAEWOO-WM-DWK-CH821C,21800000.0,Front Load,1400.0,8.0,left,82.5,60.0,60.0,Belt Drive,3.0,1.0,DAEWOO
DAEWOO-WM-DWK-CH840C,24000000.0,Front Load,1400.0,8.0,left,83.0,60.0,60.0,Direct Drive,3.0,1.0,DAEWOO
DAEWOO-WM-DWK-CH840S,24000000.0,Stainless Steel,1400.0,8.0,left,82.5,57.0,59.5,Direct Drive,3.0,1.0,DAEWOO
DAEWOO-WM-DWK-LIFE821GB,25529325.0,Front Load,1400.0,8.0,left,82.5,63.0,60.0,Unknown,3.0,1.0,DAEWOO
DAEWOO-WM-DWK-Life822TS,25529325.0,Front Load,1400.0,8.0,left,84.5,59.0,59.5,Direct Drive,3.0,1.0,DAEWOO
DAEWOO-WM-DWK-PR880C,32120000.0,Front Load,1400.0,8.0,left,85.0,63.0,59.5,Direct Drive,3.0,1.0,DAEWOO
DAEWOO-WM-DWK-PR880S,25390000.0,Emerald Drum,1400.0,8.0,left,85.0,63.5,59.5,Direct Drive,3.0,1.0,DAEWOO
DAEWOO-WM-DWK-PR980C,28000000.0,Front Load,1400.0,9.0,left,85.0,63.5,59.5,Direct Drive,3.0,1.0,DAEWOO
DAEWOO-WM-DWK-PR980S,28000000.0,Emerald Drum,1400.0,9.0,left,85.0,63.5,59.5,Direct Drive,3.0,1.0,DAEWOO
DAEWOO-WM-DWK-PRO850SB,25529325.0,Top Load,1400.0,8.0,left,82.0,62.0,59.0,Unknown,3.0,1.0,DAEWOO
DAEWOO-WM-DWK-SE990C,31000000.0,Front Load,1400.0,9.0,left,85.0,63.4,59.5,Direct Drive,3.0,1.0,DAEWOO
DAEWOO-WM-DWK-SE990S,31000000.0,Front Load,1400.0,9.0,left,85.0,63.4,59.5,Direct Drive,3.0,1.0,DAEWOO
DAEWOO-WM-DWK-SE991C,31000000.0,Front Load,1400.0,9.0,left,85.0,63.4,59.5,Direct Drive,3.0,1.0,DAEWOO
DAEWOO-WM-DWK-SE991S,31000000.0,Front Load,1400.0,9.0,left,85.0,63.4,59.5,Direct Drive,3.0,1.0,DAEWOO
DAEWOO-WM-DWK-ZL860CB,24650000.0,Front Load,1400.0,8.0,left,82.5,63.0,59.5,Beltless,3.0,1.0,DAEWOO
DAEWOO-WM-DWK-ZL860CC,24650000.0,Emerald Drum,1400.0,8.0,left,82.5,63.0,59.5,Direct Drive,3.0,1.0,DAEWOO
DAEWOO-WM-DWK-ZL860CS,24650000.0,Front Load,1400.0,8.0,left,82.5,63.0,59.5,Direct Drive,3.0,1.0,DAEWOO
DAEWOO-WM-DWK-ZL860SB,24650000.0,Front Load,1400.0,8.0,left,82.5,63.0,59.5,Direct Drive,3.0,1.0,DAEWOO
DAEWOO-WM-DWK-ZP870CB,24990000.0,Front Load,1400.0,8.0,left,82.5,63.0,59.5,Direct Drive,3.0,1.0,DAEWOO
DAEWOO-WM-DWK-ZP870CS,24990000.0,Front Load,1400.0,8.0,left,82.5,63.0,59.5,Direct Drive,3.0,1.0,DAEWOO
DAEWOO-WM-DWK1-CH840C,24000000.0,Front Load,1400.0,8.0,left,83.0,60.0,60.0,Direct Drive,3.0,1.0,DAEWOO
DAEWOO-WM-DWK1-CH840S,24000000.0,Stainless Steel,1400.0,8.0,left,82.5,57.0,59.5,Direct Drive,3.0,1.0,DAEWOO
DAEWOO-WM-DWK1-PR880C,32120000.0,Front Load,1400.0,8.0,left,85.0,63.0,59.5,Direct Drive,3.0,1.0,DAEWOO
DAEWOO-WM-LM-810S,20500000.0,Front Load,1200.0,8.0,left,82.0,60.0,60.0,Universal,3.0,1.0,DAEWOO
DAEWOO-WM-LM-840S,24800000.0,Stainless Steel,1400.0,8.0,left,82.5,57.0,59.5,Digital Inverter,3.0,1.0,DAEWOO
DAEWOO-WM-LM-840W,25529325.0,Front Load,1400.0,8.0,left,82.5,60.0,59.5,Direct Drive,3.0,1.0,DAEWOO
DAEWOO-WM-LM-850WB,24444000.0,Emerald Drum,1400.0,8.0,left,82.5,63.0,59.5,Smart Direct Drive,3.0,1.0,DAEWOO
DAEWOO-WM-LM-860SS,25720000.0,Emerald Drum,1400.0,8.0,left,82.5,63.0,59.5,Direct Drive,3.0,1.0,DAEWOO
DAEWOO-WM-LM-880,26000000.0,Front Load,1400.0,8.0,left,85.0,64.0,60.0,Direct Drive,3.0,1.0,DAEWOO
DAEWOO-WM-LM-880S,26000000.0,Front Load,1400.0,8.0,left,85.0,64.0,60.0,Direct Drive,3.0,1.0,DAEWOO
DAEWOO-WM-LM-980S,26500000.0,Emerald Drum,1400.0,9.0,left,85.0,63.5,59.5,Direct Drive,3.0,1.0,DAEWOO
DAEWOO-WM-LM-980W,26500000.0,Front Load,1400.0,9.0,left,85.0,63.5,59.5,Direct Drive,3.0,1.0,DAEWOO
DAEWOO-WM-LM-990W,32500000.0,Emerald Drum,1400.0,9.0,left,85.0,63.5,59.5,Direct Drive,3.0,1.0,DAEWOO
DAEWOO-WM-LM1-980S,28890000.0,Unknown,1400.0,9.0,left,85.0,63.5,59.5,Direct Drive,3.0,1.0,DAEWOO
DAEWOO-WM-LM840S,24800000.0,Stainless Steel,1400.0,8.0,left,82.5,57.0,59.5,Digital Inverter,3.0,1.0,DAEWOO
DAEWOO-WM-LM840W,24800000.0,Front Load,1400.0,8.0,left,82.5,60.0,59.5,Direct Drive,3.0,1.0,DAEWOO
DAEWOO-WM-LM850WW,24444000.0,Emerald Drum,1400.0,8.0,left,82.5,63.0,59.5,Smart Direct Drive,3.0,1.0,DAEWOO
DAEWOO-WM-LM860SB,25720000.0,Emerald Drum,1400.0,8.0,left,82.5,63.0,59.5,Direct Drive,3.0,1.0,DAEWOO
DAEWOO-WM-LM880W,25390000.0,Emerald Drum,1400.0,8.0,left,85.0,63.5,59.5,Direct Drive,3.0,1.0,DAEWOO
DAEWOO-WM-LM990W,32500000.0,Emerald Drum,1400.0,9.0,left,85.0,63.5,59.5,Direct Drive,3.0,1.0,DAEWOO
GPLUS-WM-GWM-K8220T,23500000.0,Front Load,1200.0,8.0,left,85.0,59.5,60.0,Belt Drive,3.0,1.0,GPLUS
GPLUS-WM-GWM-K8220W,23500000.0,Front Load,1400.0,8.0,left,85.0,59.5,60.0,Belt Drive,3.0,1.0,GPLUS
GPLUS-WM-GWM-K8340W,27999000.0,Front Load,1400.0,8.0,left,85.0,60.0,60.0,Belt Drive,3.0,1.0,GPLUS
GPLUS-WM-GWM-K8540T,26386827.586206898,Front Load,1400.0,8.0,left,85.0,60.0,58.0,Belt Drive,3.0,1.0,GPLUS
GPLUS-WM-GWM-K8540W,26300000.0,Front Load,1400.0,8.0,left,85.0,60.0,58.0,Belt Drive,3.0,1.0,GPLUS
GPLUS-WM-GWM-K9341W,25000000.0,Front Load,1400.0,9.0,left,85.0,59.5,60.0,Belt Drive,3.0,1.0,GPLUS
GPLUS-WM-GWM-L730W,17100000.0,Front Load,1200.0,7.0,left,85.0,51.0,59.5,Direct Drive,3.0,1.0,GPLUS
GPLUS-WM-GWM-L808S,21400000.0,Front Load,1400.0,8.0,left,85.0,56.0,60.0,Inverter,3.0,1.0,GPLUS
GPLUS-WM-GWM-L870S,29500000.0,Front Load,1200.0,8.0,left,85.0,56.0,60.0,Beltless,3.0,1.0,GPLUS
GPLUS-WM-GWM-L880S,27100000.0,Front Load,1400.0,8.0,left,85.0,63.5,59.5,Direct Drive,3.0,1.0,GPLUS
GPLUS-WM-GWM-L880W,27100000.0,Front Load,1400.0,8.0,left,85.0,63.5,59.5,Direct Drive,3.0,1.0,GPLUS
GPLUS-WM-GWM-L88S,27100000.0,Front Load,1400.0,8.0,left,85.0,56.0,60.0,Direct Drive,3.0,1.0,GPLUS
GPLUS-WM-GWM-L99SW,28990000.0,Front Load,1400.0,9.0,left,85.0,56.0,60.0,Direct Drive,3.0,1.0,GPLUS
GPLUS-WM-GWM-M104W,26386827.586206898,Front Load,1400.0,10.5,left,85.0,58.0,59.5,Belt Drive,3.0,1.0,GPLUS
GPLUS-WM-GWM-M730T,26386827.586206898,Front Load,1200.0,7.0,left,85.0,51.0,59.5,Direct Drive,3.0,1.0,GPLUS
GPLUS-WM-GWM-M9341T,25500000.0,Front Load,1400.0,9.0,left,85.0,60.0,60.0,Inverter,3.0,1.0,GPLUS
GPLUS-WM-GWM-M9540T,22155000.0,Front Load,1400.0,9.0,right,85.0,58.0,60.0,Belt Drive,3.0,1.0,GPLUS
GPLUS-WM-GWM-M9540W,26386827.586206898,Front Load,1400.0,9.0,right,85.0,58.0,60.0,Belt Drive,3.0,1.0,GPLUS
GPLUS-WM-GWM-M9542T,23835000.0,Front Load,1400.0,9.0,right,85.0,58.0,60.0,Belt Drive,3.0,1.0,GPLUS
GPLUS-WM-GWM-M9542W,23835000.0,Front Load,1400.0,9.0,right,85.0,58.0,60.0,Belt Drive,3.0,1.0,GPLUS
GPLUS-WM-GWM-MD106T,34500000.0,Front Load,1400.0,10.5,left,85.0,58.0,59.5,Inverter,3.0,1.0,GPLUS
GPLUS-WM-GWM-MD106W,34500000.0,Front Load,1400.0,10.5,left,85.0,58.0,59.5,Inverter,3.0,1.0,GPLUS
GPLUS-WM-GWM-MD109BS,26386827.586206898,Front Load,1400.0,10.5,left,85.0,58.0,59.5,Unknown,3.0,1.0,GPLUS
GPLUS-WM-GWM-P870S,25270000.0,Front Load,1200.0,8.0,left,85.0,56.0,60.0,Inverter,3.0,1.0,GPLUS
GPLUS-WM-GWM-P870W,25270000.0,Top Load,1200.0,8.0,left,85.0,56.0,60.0,Direct Drive,3.0,1.0,GPLUS
GPLUS-WM-GWM-P87W,25270000.0,Front Load,1200.0,8.0,left,85.0,56.0,60.0,Direct Drive,3.0,1.0,GPLUS
GPLUS-WM-GWM-P880S,27900000.0,Front Load,1400.0,8.0,left,85.0,56.0,60.0,Inverter,3.0,1.0,GPLUS
GPLUS-WM-GWM-P880W,27900000.0,Front Load,1400.0,8.0,left,85.0,56.0,60.0,Direct Drive,3.0,1.0,GPLUS
GPLUS-WM-GWM-P88W,17100000.0,Front Load,1400.0,8.0,left,85.0,56.0,60.0,Direct Drive,3.0,1.0,GPLUS
GPLUS-WM-GWM-P990S,33220000.0,Front Load,1400.0,9.0,left,85.0,56.0,60.0,Direct Drive,3.0,1.0,GPLUS
GPLUS-WM-GWM-P990W,33220000.0,Front Load,1400.0,9.0,left,85.0,56.0,60.0,Direct Drive,3.0,1.0,GPLUS
GPLUS-WM-GWM-P99S,27027000.0,Unknown,1400.0,9.0,left,82.0,58.0,60.0,Direct Drive Inverter,3.0,1.0,GPLUS
GPLUS-WM-GWM-P99W,27027000.0,Unknown,1400.0,9.0,left,82.0,58.0,60.0,Direct Drive Inverter,3.0,1.0,GPLUS
GPLUS-WM-GWM-PD107BS,26386827.586206898,Front Load,1400.0,10.5,left,85.0,58.0,59.5,Unknown,3.0,1.0,GPLUS
GPLUS-WM-L87W,26386827.586206898,Front Load,1200.0,8.0,left,85.0,56.0,60.0,Direct Drive,3.0,1.0,GPLUS
GPLUS-WM-L88W,27100000.0,Front Load,1400.0,8.0,left,85.0,63.5,59.5,Direct Drive,3.0,1.0,GPLUS
KENWOOD-WM-KWM-8260,27700000.0,Stainless Steel,1400.0,8.0,left,85.0,65.0,60.0,BLDC,3.0,1.0,KENWOOD
KENWOOD-WM-KWM6841W,28800000.0,Front Load,1400.0,8.0,left,85.0,50.0,60.0,BLDC,3.0,1.0,KENWOOD
KENWOOD-WM-KWM6941S,28800000.0,Front Load,1400.0,8.0,left,85.0,50.0,60.0,BLDC,3.0,1.0,KENWOOD
PAKSHOMA-WM-40901,26000000.0,Front Load,1400.0,9.0,left,85.0,60.0,60.0,Belt Drive,2.0,1.0,PAKSHOMA
PAKSHOMA-WM-BWF-40103iST,25490000.0,Front Load,1400.0,9.0,left,85.0,60.0,60.0,BLDC,3.0,1.0,PAKSHOMA
PAKSHOMA-WM-BWF-40103iWT,25490000.0,Front Load,1400.0,9.0,left,85.0,60.0,60.0,BLDC,3.0,1.0,PAKSHOMA
PAKSHOMA-WM-BWF-40107ST,28100000.0,Bubble Diamond Drum,1400.0,9.0,left,84.4,58.7,61.3,BLDC,2.0,1.0,PAKSHOMA
PAKSHOMA-WM-BWF-40107WT,28100000.0,Front Load,1400.0,9.0,left,85.0,60.0,60.0,BLDC,2.0,1.0,PAKSHOMA
PAKSHOMA-WM-BWF-40107iST,28100000.0,Front Load,1400.0,9.0,left,85.0,60.0,60.0,Belt Drive,2.0,1.0,PAKSHOMA
PAKSHOMA-WM-BWF-40107iWT,28100000.0,Front Load,1400.0,9.0,left,85.0,60.0,60.0,BLDC,2.0,1.0,PAKSHOMA
PAKSHOMA-WM-BWF-40108WT,25700000.0,Front Load,1400.0,9.0,left,85.0,60.0,60.0,BLDC,3.0,1.0,PAKSHOMA
PAKSHOMA-WM-BWF-40108iST,25700000.0,Front Load,1400.0,9.0,left,85.0,60.0,60.0,BLDC,3.0,1.0,PAKSHOMA
PAKSHOMA-WM-BWF-40108iWT,25700000.0,Front Load,1400.0,9.0,left,85.0,60.0,60.0,BLDC,3.0,1.0,PAKSHOMA
PAKSHOMA-WM-BWF-40113WT,25000000.0,Front Load,1400.0,9.0,left,85.0,60.0,61.3,BLDC Inverter,3.0,1.0,PAKSHOMA
PAKSHOMA-WM-BWF-40116iST,25500000.0,Front Load,1400.0,9.0,left,85.0,60.0,60.0,Belt Drive,2.0,1.0,PAKSHOMA
PAKSHOMA-WM-BWF-40116iWT,25500000.0,Front Load,1400.0,9.0,left,85.0,60.0,70.0,Belt Drive,2.0,1.0,PAKSHOMA
PAKSHOMA-WM-BWF-40118iWT,26300000.0,Front Load,1400.0,9.0,left,85.0,60.0,60.0,BLDC,2.0,1.0,PAKSHOMA
PAKSHOMA-WM-BWF-40702ST,24498346.93877551,Front Load,1400.0,7.0,left,85.0,54.0,60.0,Belt Drive,2.0,1.0,PAKSHOMA
PAKSHOMA-WM-BWF-40708ST,24498346.93877551,Front Load,1400.0,7.0,left,85.0,60.0,60.0,Belt Drive,3.0,1.0,PAKSHOMA
PAKSHOMA-WM-BWF-40801ST,23500000.0,Unknown,1400.0,8.0,left,84.4,58.7,61.3,BLDC Inverter,2.0,1.0,PAKSHOMA
PAKSHOMA-WM-BWF-40801WT,23500000.0,Unknown,1400.0,8.0,left,84.4,58.7,61.3,BLDC Inverter,2.0,1.0,PAKSHOMA
PAKSHOMA-WM-BWF-40801iWT,23500000.0,Unknown,1400.0,8.0,left,84.4,58.7,61.3,BLDC Inverter,2.0,1.0,PAKSHOMA
PAKSHOMA-WM-BWF-40802,25000000.0,Front Load,1400.0,8.0,left,84.4,58.7,61.3,BLDC,2.0,1.0,PAKSHOMA
PAKSHOMA-WM-BWF-40802WT,25000000.0,Front Load,1400.0,8.0,left,84.4,58.7,61.3,BLDC,2.0,1.0,PAKSHOMA
PAKSHOMA-WM-BWF-40802iWT,25000000.0,Front Load,1400.0,8.0,left,84.4,58.7,61.3,BLDC,2.0,1.0,PAKSHOMA
PAKSHOMA-WM-BWF-40803iWT,24500000.0,Front Load,1400.0,8.0,left,85.0,60.0,50.0,Inverter,3.0,1.0,PAKSHOMA
PAKSHOMA-WM-BWF-40804WT,25000000.0,Front Load,1400.0,8.0,left,60.0,54.0,85.0,Belt Drive,2.0,1.0,PAKSHOMA
PAKSHOMA-WM-BWF-40804iWT,24498346.93877551,Front Load,1400.0,8.0,left,60.0,54.0,85.0,Belt Drive,3.0,1.0,PAKSHOMA
PAKSHOMA-WM-BWF-40806WT,24490000.0,Diamond Drum,1400.0,8.0,left,84.4,58.7,61.3,BLDC,3.0,1.0,PAKSHOMA
PAKSHOMA-WM-BWF-40807ST,24498346.93877551,Front Load,1400.0,8.0,left,82.0,60.0,60.0,Belt Drive,3.0,1.0,PAKSHOMA
PAKSHOMA-WM-BWF-40807WT,26000000.0,Front Load,1400.0,8.0,left,82.0,60.0,60.0,Belt Drive,2.0,1.0,PAKSHOMA
PAKSHOMA-WM-BWF-40808ST,25900000.0,Front Load,1400.0,8.0,left,85.0,60.0,60.0,Belt Drive,2.0,1.0,PAKSHOMA
PAKSHOMA-WM-BWF-40808WT,25900000.0,Front Load,1400.0,8.0,left,85.0,60.0,60.0,Belt Drive,2.0,1.0,PAKSHOMA
PAKSHOMA-WM-BWF-40808iST,25900000.0,Unknown,1400.0,8.0,left,85.0,60.0,60.0,BLDC Inverter,2.0,1.0,PAKSHOMA
PAKSHOMA-WM-BWF-40808iWT,25900000.0,Front Load,1400.0,8.0,left,85.0,60.0,60.0,Belt Drive,2.0,1.0,PAKSHOMA
PAKSHOMA-WM-BWF-40811ST,24999000.0,Unknown,1400.0,8.0,left,80.0,65.0,65.0,BLDC,3.0,1.0,PAKSHOMA
PAKSHOMA-WM-BWF-40901ST,24498346.93877551,Front Load,1400.0,9.0,left,85.0,60.0,60.0,Belt Drive,2.0,1.0,PAKSHOMA
PAKSHOMA-WM-BWF-40901W,24498346.93877551,Front Load,1400.0,9.0,left,85.0,60.0,60.0,Belt Drive,2.0,1.0,PAKSHOMA
PAKSHOMA-WM-BWF-40901WT,26000000.0,Front Load,1400.0,9.0,left,85.0,60.0,60.0,Belt Drive,2.0,1.0,PAKSHOMA
PAKSHOMA-WM-BWF-40902ST,24900000.0,Front Load,1400.0,9.0,left,85.0,60.0,60.0,BLDC Belt Drive,2.0,1.0,PAKSHOMA
PAKSHOMA-WM-BWF-40902WT,24900000.0,Front Load,1400.0,9.0,left,85.0,60.0,60.0,Belt Drive,2.0,1.0,PAKSHOMA
PAKSHOMA-WM-BWF-40902iST,24900000.0,Front Load,1400.0,9.0,left,85.0,60.0,60.0,BLDC Belt Drive,2.0,1.0,PAKSHOMA
PAKSHOMA-WM-BWF-40902iWT,24900000.0,Front Load,1400.0,9.0,left,85.0,60.0,60.0,BLDC Belt Drive,2.0,1.0,PAKSHOMA
PAKSHOMA-WM-BWF-40904ST,25000000.0,Front Load,1400.0,9.0,left,85.0,60.0,60.0,Inverter,2.0,1.0,PAKSHOMA
PAKSHOMA-WM-BWF-40904WT,25000000.0,Front Load,1400.0,9.0,left,85.0,60.0,60.0,BLDC,2.0,1.0,PAKSHOMA
PAKSHOMA-WM-BWF-40904iST,24800000.0,Diamond Drum,1400.0,9.0,left,85.0,60.0,60.0,BLDC,3.0,1.0,PAKSHOMA
PAKSHOMA-WM-BWF40802WT,25000000.0,Front Load,1400.0,8.0,left,84.4,58.7,61.3,BLDC,2.0,1.0,PAKSHOMA
PAKSHOMA-WM-BWF40804ST,25000000.0,Front Load,1400.0,8.0,left,84.4,58.7,61.3,BLDC,2.0,1.0,PAKSHOMA
PAKSHOMA-WM-TFB-86401,37200000.0,Diamond Drum,1400.0,8.0,left,84.4,58.7,61.3,BLDC,2.0,1.0,PAKSHOMA
PAKSHOMA-WM-TFB-96418WT,26800000.0,Front Load,1400.0,9.0,left,85.0,60.0,60.0,Belt Drive,3.0,1.0,PAKSHOMA
PAKSHOMA-WM-TFB86402,24498346.93877551,Front Load,1400.0,8.0,left,85.0,55.0,60.0,Belt Drive,2.0,1.0,PAKSHOMA
PAKSHOMA-WM-TFU-84406,24498346.93877551,Unknown,1400.0,8.0,left,84.4,58.7,61.3,Unknown,3.0,1.0,PAKSHOMA
PAKSHOMA-WM-TLAB-1201iS,15700000.0,Top Load,1300.0,12.0,up,103.0,65.0,66.0,BLDC,1.0,1.0,PAKSHOMA
PAKSHOMA-WM-TLX-7001iW,8450000.0,Top Load,1400.0,7.0,up,100.0,55.0,55.0,Belt Drive,1.0,1.0,PAKSHOMA
PAKSHOMA-WM-UFW-10700WT,18800000.0,Front Load,1000.0,7.0,left,85.0,50.0,60.0,Belt Drive,2.0,1.0,PAKSHOMA
PAKSHOMA-WM-UFW-20800W,20300000.0,Front Load,1200.0,8.0,left,85.0,54.0,60.0,Universal,2.0,1.0,PAKSHOMA
PAKSHOMA-WM-UWF-20800ST,20300000.0,Front Load,1200.0,8.0,left,85.0,54.0,60.0,Universal,2.0,1.0,PAKSHOMA
PAKSHOMA-WM-UWF-20800WT,20300000.0,Front Load,1200.0,8.0,left,85.0,54.0,60.0,Universal,2.0,1.0,PAKSHOMA
PAKSHOMA-WM-UWF-20800iWT,20300000.0,Front Load,1200.0,8.0,left,85.0,54.0,60.0,Universal,2.0,1.0,PAKSHOMA
PAKSHOMA-WM-UWF-20801,19000000.0,Unknown,1200.0,8.0,left,85.0,54.0,60.0,Unknown,3.0,1.0,PAKSHOMA
SAM-WM-BL-P1465,18900000.0,Unknown,1400.0,9.0,left,85.0,60.0,60.0,BLDC Belt Drive,3.0,1.0,SAM
SAM-WM-BL-P1485,24700000.0,Unknown,1400.0,9.0,left,85.0,60.0,59.5,Direct Drive,3.0,1.0,SAM
SAM-WM-BL-P1485I,24700000.0,Front Load,1400.0,9.0,left,85.0,60.0,59.5,Direct Drive,3.0,1.0,SAM
SAM-WM-BL-Q1465/IN,18900000.0,Front Load,1400.0,8.0,left,85.0,60.0,59.5,Belt Drive,3.0,1.0,SAM
SAM-WM-BL-Q1465/W,18900000.0,Front Load,1400.0,8.0,left,85.0,60.0,59.7,Belt Drive,3.0,1.0,SAM
SAM-WM-BL-Q1465W,21706250.0,Front Load,1400.0,8.0,left,85.0,60.0,59.7,Belt Drive,3.0,1.0,SAM
SAM-WM-BL-Q1475/IN,19900000.0,Front Load,1400.0,8.0,left,85.0,60.0,59.7,Belt Drive,3.0,1.0,SAM
SAM-WM-BL-Q1475/WW,19900000.0,Unknown,1400.0,8.0,left,85.0,60.0,59.7,BLDC,3.0,1.0,SAM
SAM-WM-DD-P1485/IN,24700000.0,Unknown,1400.0,9.0,left,85.0,60.0,59.5,Direct Drive,3.0,1.0,SAM
SAM-WM-DD-P1485/W,24700000.0,Unknown,1400.0,9.0,left,85.0,60.0,59.5,Direct Drive,3.0,1.0,SAM
SAM-WM-Q1435W,19600000.0,Front Load,1400.0,8.0,left,85.0,60.0,60.0,Belt Drive,3.0,1.0,SAM
SAM-WM-UN-Q1435/I,19600000.0,Unknown,1400.0,8.0,left,85.0,60.0,59.7,Belt Drive,3.0,1.0,SAM
SAM-WM-UN-Q1435/W,19600000.0,Front Load,1400.0,8.0,left,85.0,60.0,60.0,Belt Drive,3.0,1.0,SAM
SAM-WM-UN-Q1435I,19600000.0,Unknown,1400.0,8.0,left,85.0,60.0,59.7,Belt Drive,3.0,1.0,SAM
SAM-WM-UN-Q1435S,19600000.0,Unknown,1400.0,8.0,left,85.0,60.0,59.7,Belt Drive,3.0,1.0,SAM
SNOWA-WM- SWM-81S‏20,18700000.0,Front Load,1000.0,8.0,left,82.5,60.0,59.5,Universal,3.0,1.0,SNOWA
SNOWA-WM- SWM-81W‏20,19000000.0,Front Load,1000.0,8.0,right,82.5,60.0,59.5,Universal,3.0,1.0,SNOWA
SNOWA-WM- SWM-84W‏40,19500000.0,Front Load,1400.0,8.0,left,85.0,63.0,59.0,Digital Inverter,3.0,1.0,SNOWA
SNOWA-WM-SWM-71S10,19700000.0,Front Load,1000.0,7.0,left,85.0,57.0,50.0,Belt Drive,3.0,1.0,SNOWA
SNOWA-WM-SWM-71W10,20000000.0,Front Load,1000.0,7.0,left,85.0,57.0,63.0,Belt Drive,3.0,1.0,SNOWA
SNOWA-WM-SWM-84S30,22580000.0,Front Load,1400.0,8.0,left,85.0,63.0,59.0,Belt Drive,3.0,1.0,SNOWA
SNOWA-WM-SWM-84W30,22500000.0,Front Load,1400.0,8.0,left,85.0,63.0,59.0,Belt Drive,3.0,1.0,SNOWA
SNOWA-WM-SWM-94S50,25990000.0,Front Load,1400.0,9.0,left,85.0,59.5,63.5,BLDC,3.0,1.0,SNOWA
SNOWA-WM-SWM-94S51,24780046.0,Front Load,1400.0,9.0,left,88.0,59.5,66.0,Direct Drive,3.0,1.0,SNOWA
SNOWA-WM-SWM-94W51,23000000.0,Front Load,1400.0,9.0,left,85.0,63.5,59.5,Digital Inverter,3.0,1.0,SNOWA
SNOWA-WM-SWM-94W60,29000000.0,Front Load,1400.0,9.0,left,85.0,63.0,60.0,Q-BLDC Drive,3.0,1.0,SNOWA
SNOWA-WM-SWM-A70S,20000000.0,Front Load,1000.0,7.0,left,84.0,57.0,59.0,Direct Drive,3.0,1.0,SNOWA
SNOWA-WM-SWM-A70W,20000000.0,Stainless Steel,1000.0,7.0,left,84.0,57.0,59.0,Digital Inverter,3.0,1.0,SNOWA
SNOWA-WM-SWM-B80S,22900000.0,Stainless Steel,1400.0,8.0,left,82.5,60.0,59.5,Digital Inverter,3.0,1.0,SNOWA
SNOWA-WM-SWM-C80W,19300000.0,Front Load,1000.0,8.0,left,82.5,60.0,59.5,Universal,3.0,1.0,SNOWA
SNOWA-WM-SWM-D80W,23400000.0,Front Load,1400.0,8.0,left,85.0,63.5,59.5,Belt Drive,3.0,1.0,SNOWA
SNOWA-WM-SWM-E92S,27000000.0,Unknown,1400.0,9.0,left,80.0,60.0,59.8,Unknown,3.0,1.0,SNOWA
SNOWA-WM-SWM-F92S,27900000.0,Front Load,1400.0,9.0,left,85.0,63.5,59.5,Q-BLDC Drive,3.0,1.0,SNOWA
SNOWA-WM-SWM-F92W,27900000.0,Front Load,1400.0,9.0,left,85.0,63.5,59.5,Q-BLDC Drive,3.0,1.0,SNOWA
SNOWA-WM-SWM1-84S40,19500000.0,Front Load,1400.0,8.0,left,85.0,57.0,63.0,BLDC,3.0,1.0,SNOWA
SNOWA-WM-SWM1-84W40,23161365.727272727,Front Load,1400.0,8.0,left,85.0,63.5,59.5,Unknown,3.0,1.0,SNOWA
SNOWA-WM-SWM1-94W60,29000000.0,Front Load,1400.0,9.0,left,85.0,63.0,60.0,Q-BLDC Drive,3.0,1.0,SNOWA
SNOWA-WM-SWM1-94s60,27900000.0,Front Load,1400.0,9.0,left,85.0,63.5,59.5,Belt Drive,3.0,1.0,SNOWA
X.VISION-WM-TE62,17300000.0,Crystal Honeycomb Drum,1400.0,6.0,left,85.0,47.0,59.5,BLDC Inverter,3.0,1.0,X.VISION
X.VISION-WM-TE62-ASBL,17300000.0,Crystal Honeycomb Drum,1400.0,6.0,left,85.0,47.0,59.5,BLDC Inverter,3.0,1.0,X.VISION
X.VISION-WM-TE62-AWBL,17300000.0,Crystal Honeycomb Drum,1400.0,6.0,left,85.0,47.0,59.5,BLDC Inverter,3.0,1.0,X.VISION
X.VISION-WM-TE72,20692857.14285714,Stainless Steel,1200.0,7.0,left,85.0,49.5,59.5,Universal Belt Drive,3.0,1.0,X.VISION
X.VISION-WM-TF84-ASBL,20400000.0,Unknown,1400.0,8.0,left,59.5,52.0,85.0,BLDC Inverter,3.0,1.0,X.VISION
X.VISION-WM-TF84-AWBL,20400000.0,Unknown,1400.0,8.0,left,59.5,52.0,85.0,BLDC Inverter,3.0,1.0,X.VISION
X.VISION-WM-TF84AWBL,20400000.0,Unknown,1400.0,8.0,left,59.5,52.0,85.0,BLDC Inverter,3.0,1.0,X.VISION
X.VISION-WM-TF94-ASBL,23000000.0,Unknown,1400.0,9.0,left,85.0,56.0,59.5,BLDC Inverter,3.0,1.0,X.VISION
X.VISION-WM-TF94-AWBL,23000000.0,Unknown,1400.0,9.0,left,85.0,56.0,59.5,BLDC Inverter,3.0,1.0,X.VISION
X.VISION-WM-TG72-BS,19300000.0,Stainless Steel,1200.0,7.0,left,85.0,52.0,59.5,Universal,3.0,1.0,X.VISION
X.VISION-WM-TG72-BW,19300000.0,Stainless Steel,1200.0,7.0,left,85.0,52.0,59.5,Universal,3.0,1.0,X.VISION
X.VISION-WM-TG72-BW-BS,19300000.0,Stainless Steel,1200.0,7.0,left,85.0,52.0,59.5,Universal,3.0,1.0,X.VISION
X.VISION-WM-TG82AS,19600000.0,Unknown,1400.0,8.0,left,85.0,52.0,59.5,Universal,3.0,1.0,X.VISION
X.VISION-WM-TG82AW,19600000.0,Unknown,1400.0,8.0,left,85.0,52.0,59.5,Universal,3.0,1.0,X.VISION
X.VISION-WM-TV102-AWD,33500000.0,Unknown,1400.0,10.0,left,85.0,62.0,59.5,Direct Drive Inverter,3.0,1.0,X.VISION
