id,model_code,price,دستگاه نمایش وضعیت,نوع مخزن,سرعت چرخش موتور,ظرفیت دیگ,جهت بازشدن در,میزان صدای آبکشی,پشتیبانی از برنامه‌ها و حالت‌های خاص,شناسه,میزان صدا,ارتفاع,عمق,پهنا,ابعاد,سایر توضیحات,نوع موتور,میزان مصرف آب,میزان مصرف برق,نوع ماشین لباسشویی,عملکرد ماشین لباسشویی,نمودار مصرف انرژی,امکانات,زاویه باز شدن در,سیستم ایمنی,تعداد برنامه شستشو,اندازه دهانه در,جنس بدنه
1,ABSAL-WM-REN7112,,صفحه نمایش,درب از جلو,۱۲۰۰ دور در دقیقه,۷ کیلوگرم,به سمت چپ,۷۶,آبکشی + چرخش,۲۹۰۱۲۰۱۰۰۰۰۶۷,۶۲,۸۵۰ سانتی‌متر,۵۵۰ سانتی‌متر,۵۹۰ سانتی‌متر,۵۹۰x۵۵۰x۸۵۰ سانتی‌متر,فقط ورودی آب گرم دارد,,,,,,,,,,,,
2,ABSAL-WM-WRE6310,,صفحه نمایش,درب از جلو,۱۰۰۰ دور در دقیقه,۶ کیلوگرم,به سمت چپ,,آبکشی + چرخش,۲۹۰۱۲۰۱۰۰۰۶۴۷,,۸۵۰ سانتی‌متر,۵۵۰ سانتی‌متر,۵۹۰ سانتی‌متر,۵۹۰x۵۵۰x۸۵۰ سانتی‌متر,- طراحی ایتالیا با قطعات برقی ساخت اروپا - امکان انتخاب دور خشک کن تا ۱۰۰۰ دور در دقیقه - طراحی به روز رسانی شده برای بهترین مصرف آب و انرژی - رابط کاربری جدید با اعلان موزیکال - مکانیزم محافظت موتور در برابر بار اضافی - سیستم عیب یابی خودکار و اعلان خرابی روی صفحه نمایش - تنظیم خودکار حجم آب ورودی متناسب با وزن و نوع لباس ها، جهت صرفه جویی در مصرف آب و برق - طراحی ویژه لاستیک دور درب برای تمیزی بیشتر و جلوگیری از جمع شدن آب - مخزن کامپوزیت مقاوم در برابر پوسیدگی، خوردگی و عایق الکتریسیته - مجهز به قفل کودک - بدنه فسفاته با آستر الکتروفورز و رنگ آمیزی نهایی الکترواستاتیک - برنامه های متنوع و به روز برای شستشوی هر نوع البسه: شستشوی سریع ۱۹ دقیقه ای امکان انتخاب تاخیر در شروع برنامه تا ۱۲ ساعت تشدید شستشو اتو کشی آسان آبکشی اضافه ضد چروک حذف دور خشک کن,تسمه‌ای,C,A,,,,,,,,,
3,ABSAL-WM-WRE7312,,صفحه نمایش,درب از جلو,۱۲۰۰ دور در دقیقه,۷ کیلوگرم,به سمت چپ,۷۵,صرفه‌جویی (ECO),۲۹۰۱۲۰۱۰۰۰۷۰۸,۵۶,۸۵۰ سانتی‌متر,۵۵۰ سانتی‌متر,۵۹۰ سانتی‌متر,,طراحی پیشرفته رابط کاربری با صفحه نمایش بزرگ و کنترل لمسی / اعلان صوتی برای انتخاب برنامه، گزینه‌ها و اتمام شست‌وشو / برنامه‌های متنوع و به‌روز برای شست‌وشوی هر نوع البسه / برنامه شست‌وشوی سریع ۱۹ دقیقه‌ای / امکان تنظیم دور خشک‌کن تا ۱۲۰۰ دور بر دقیقه / امکان انتخاب تاخیر در شروع برنامه تا ۱۲ ساعت / مکانیزم محافظت از موتور در برابر بار اضافی / تنظیم خودکار آب مصرفی متناسب با وزن و نوع لباس‌ها، جهت صرفه جویی در مصرف آب و برق / دسترسی آسان به فیلتر پمپ / طراحی ویژه لاستیک دور درب برای تمیزی بیشتر و جلوگیری از جمع شدن آب / مخزن کامپوزیت مقاوم در برابر پوسیدگی، خوردگی و عایق الکتریسیته / دارای بدنه فسفاته با آستر الکتروفورز و رنگ آمیزی نهایی الکترواستاتیک,تسمه‌ای,A,,درب از جلو,اتوماتیک,A+++,نمایشگر,۱۸۰,عیب‌یابی خودکار,۱۱ عدد,,
4,ABSAL-WM-REN7012,,صفحه نمایش,درب از جلو,۱۲۰۰ دور در دقیقه,۷ کیلوگرم,به سمت چپ,۷۵,صرفه‌جویی (ECO),۲۹۰۱۲۰۱۰۰۰۱۰۴,۵۶,۸۵۰ سانتی‌متر,۵۵۰ سانتی‌متر,۵۹۰ سانتی‌متر,۵۹۰x۵۵۰x۸۵۰ سانتی‌متر,- طراحی شده در ایتالیا - قطعات برقی اروپایی - طراحی پیشرفته رابط کاربری با صفحه نمایش بزرگ و کنترل لمسی - بهترین نسبت مصرف آب و عملکرد شستشو - اعلان صوتی برای انتخاب برنامه، گزینه ها و اتمام شستشو - برنامه های متنوع و به روز برای شستشوی هر نوع البسه - برنامه شستشوی سریع ۱۹ دقیقه ای - برنامه ویژه شستشوی اقتصادی(ECO) برای شستشوی سریع، موثر و ارزان - امکان انتخاب دور خشک کن تا ۱۲۰۰ دور بر دقیقه - درب قابل باز شدن تا ۱۸۰ درجه - امکان انتخاب تاخیر در شروع برنامه تا ۱۲ ساعت - مکانیزم محافظت از موتور در برابر بار اضافی - سیستم عیب یابی خودکار و اعلان خرابی روی صفحه نمایش - تنظیم خودکار آب مصرفی متناسب با وزن و نوع لباس ها، جهت صرفه جویی در مصرف آب و برق - دسترسی آسان به فیلتر پمپ - طراحی ویژه لاستیک دور درب برای تمیزی بیشتر و جلوگیری از جمع شدن آب - مخزن کامپوزیت مقاوم در برابر پوسیدگی، خوردگی و عایق الکتریسیته - بدنه فسفاته با آستر الکتروفورز و رنگ آمیزی نهایی الکترواستاتیک,,,,,,,,,,,,
5,ABSAL-WM-WRE7212,,صفحه نمایش,درب از جلو,۱۲۰۰ دور در دقیقه,۷ کیلوگرم,به سمت چپ,۷۶,آبکشی + چرخش,۲۹۰۱۲۰۱۰۰۰۶۷۸,۶۲,۸۵ سانتی‌متر,۵۵ سانتی‌متر,۵۹ سانتی‌متر,۵۹x۵۵x۸۵ سانتی‌متر,فقط ورودی آب گرم دارد - ۱۱ برنامه,,A,A+++,,,,,,,,,
6,ABSAL-WM-WRE7212-W,,صفحه نمایش,درب از جلو,۱۲۰۰ دور در دقیقه,۷ کیلوگرم,به سمت چپ,۷۶,آبکشی + چرخش,۲۹۰۱۲۰۱۰۰۰۶۷۸,۶۲,۸۵ سانتی‌متر,۵۵ سانتی‌متر,۵۹ سانتی‌متر,۵۹x۵۵x۸۵ سانتی‌متر,فقط ورودی آب گرم دارد - ۱۱ برنامه,,A,A+++,,,,,,,,,
7,BOST-WM-BWD-7120,,,درب از جلو,۱۰۰۰ دور در دقیقه,۷ کیلوگرم,به سمت چپ,,شست‌وشوی سریع,۲۹۰۰۲۴۸۳۰۲۵۳۰,,۸۲.۵ سانتی‌متر,۵۵ سانتی‌متر,۵۹.۵ سانتی‌متر,۵۵.۰x۵۹.۵x۸۲.۵ سانتی‌متر,فناوری شستشو با بخار درام نسل جدید هگزا (Hexa Drum) انتخاب برنامه ها با زبان فارسی دارای بدنه بادیگارد برای کاهش صدا و لرزش فناوری نانو سیلور جهت باکتری زدایی شستشوی سریع در ۱۹ دقیقه حداکثر دور خشک کن ۱۰۰۰ دور در دقیقه سیستم بالانس اتوماتیک البسه قابلیت تنظیم دما با توجه به برنامه انتخابی تا ۹۵ درجه سانتیگراد آبکشی شرعی به منظور تطهیر لباس ها قابلیت تنظیم دور خشک کن,تسمه‌ای,,,,,,,,,,,
8,BOST-WM-BWD-7171N,,,درب از جلو,۱۰۰۰ دور در دقیقه,۷ کیلوگرم,به سمت راست,,,۲۹۰۰۲۴۸۳۰۳۳۱۵,,۸۲.۵ سانتی‌متر,۵۵ سانتی‌متر,۵۹.۵ سانتی‌متر,۸۲.۵x۵۹.۵x۵۵ سانتی‌متر,۱۰ برنامه,تسمه‌ای,C,A+,,,,,,,,,
9,BOST-WM-BWD-7131,,صفحه نمایش,درب از جلو,۱۰۰۰ دور در دقیقه,۷ کیلوگرم,به سمت چپ,,شست‌وشوی سریع,۲۹۰۰۲۴۸۳۰۱۷۳۱,,۸۲۵ سانتی‌متر,۵۵۰ سانتی‌متر,۵۹۵ سانتی‌متر,۵۹۵x۵۵۰x۸۲۵ سانتی‌متر,-آبکشی شرعی - بدنه جدید ضدلرزش Bodyguard - درام جدید لانه زنبوری Hexa Drum - طراحی جدید صفحه نمایش LED بر روی ولوم برنامه ها - تکنولوژی نانوسیلور جهت باكتری زدایی - سیستم بالانس اتوماتیک البسه - پیش شستشو - تنظیم دما از آب سرد تا ۹۵ درجه با توجه به برنامه انتخابی - شستشوی سریع ۳۰ دقیقه ای - كنترل پانل با راهنمای فارسی برنامه ها و آپشن ها - ۱۰ برنامه,تسمه‌ای,C,A+,,,,,,,,۳۰۰,
10,BOST-WM-BWD-8115,,,درب از جلو,۱۰۰۰ دور در دقیقه,۸ کیلوگرم,به سمت چپ,,,۲۹۰۰۲۴۸۳۰۳۰۴۹,,۷۹.۳ سانتی‌متر,۵۰ سانتی‌متر,۵۹.۵ سانتی‌متر,,وزن: ۵۷ - تعداد برنامه ها: ۱۵ - عملکرد دکمه ها: مکانیکی - نوع قفل درب: حرارتی - دریچه ورودی آب: ۱ - دورخشک کن قابل تنظیم - سامانه عیب یاب خودکار - قفل کودک - - نوع دیگ: درام هگزا - برنامه‌ها: آبکشی شرعی، آبکشی و خشک کن،الیاف مصنوعی، انواع لباس‌ها، تخلیه، حریر و ظریف، خشک کن، سیستم تمیز کننده خودکار، شستشوی اقتصادی، لباس‌های تیره، لباس‌های کودک، نخی پنبه‌ای، ولوم انتخاب برنامه، پشمی، کاموایی، پیراهن و تیشرت،پیش شستشو - شستشوی سریع: ۱۵ دقیقه،موتور تسمه اي، ۱۰۰۰ rpm، رتبه مصرف آب C، گريد انرژي A+++، ۱۵ برنامه، داراي بخار شوي،,,,,,,,,,,,,
11,BOST-WM-BWD-8114,,,درب از جلو,۱۰۰۰ دور در دقیقه,۸ کیلوگرم,به سمت چپ,,,۲۹۰۰۲۴۸۳۰۳۰۶۳,,۷۹.۳ سانتی‌متر,۵۰ سانتی‌متر,۵۹.۵ سانتی‌متر,۷۹.۳x۵۹.۵x۵۰ سانتی‌متر,وزن: ۵۷ - تعداد برنامه ها: ۱۵ - عملکرد دکمه ها: مکانیکی - نوع قفل درب: حرارتی - دریچه ورودی آب: ۱ - دورخشک کن قابل تنظیم - سامانه عیب یاب خودکار - قفل کودک - - نوع دیگ: درام هگزا - برنامه‌ها: آبکشی شرعی، آبکشی و خشک کن،الیاف مصنوعی، انواع لباس‌ها، تخلیه، حریر و ظریف، خشک کن، سیستم تمیز کننده خودکار، شستشوی اقتصادی، لباس‌های تیره، لباس‌های کودک، نخی پنبه‌ای، ولوم انتخاب برنامه، پشمی، کاموایی، پیراهن و تیشرت،پیش شستشو - شستشوی سریع: ۱۵ دقیقه،موتور تسمه اي، ۱۰۰۰ rpm، رتبه مصرف آب C، گريد انرژي A+++، ۱۵ برنامه، داراي بخار شوي,تسمه‌ای,C,A+++,,,,,,قفل کودک,,,
12,BOST-WM-BWD-7150N,,اخطار باز ماندن درب,درب از جلو,۱۰۰۰ دور در دقیقه,۷ کیلوگرم,به سمت چپ,کم,چرخه اضافی,۲۹۰۰۲۴۸۳۰۳۲۹۲,,۸۲.۵ سانتی‌متر,۵۹.۵ سانتی‌متر,۵۹.۵ سانتی‌متر,۸۲۵x۵۹۵x۵۵۰ سانتی‌متر,آبکشی شرعی: بله آبکشی و خشک کن: بله الیاف مصنوعی: دارد انواع لباس‌ها: Mix تخلیه: بله تعداد برنامه های شستشو: ۱۵,Universal,متوسط,کم,درب از جلو,اتوماتیک,,لوله ورودی آب سرد و گرم,۱۵۰,سیستم خاموشی خودکار,۱۵ عدد,,
13,BOST-WM-BWD-7151N,,,درب از جلو,۱۰۰۰ دور در دقیقه,۷ کیلوگرم,به سمت چپ,کم,,۲۹۰۰۲۴۸۳۰۳۲۸۵,,۸۷۵ سانتی‌متر,۶۲۰ سانتی‌متر,۶۵۰ سانتی‌متر,,,Universal,متوسط,,,اتوماتیک,,بدون امکانات ویژه,۱۵۰,دکمه توقف عملیات,,,
14,BOST-WM-BWD-8237,,نشانگر LED,درب از جلو,۱۲۰۰ دور در دقیقه,۸ کیلوگرم,به سمت چپ,,,۲۹۰۰۲۴۸۳۰۳۴۷۶,,۷۹.۳ سانتی‌متر,۵۰ سانتی‌متر,۵۹.۵ سانتی‌متر سانتی‌متر,۷۹.۳x۵۹.۵x۵۰ سانتی‌متر,- وزن: ۵۵ - تعداد برنامه ها: ۱۵ - عملکرد دکمه ها: مکانیکی - نوع قفل درب: حرارتی - دریچه ورودی آب: ۱ - دورخشک کن قابل تنظیم - سامانه عیب یاب خودکار - قفل کودک - نانو سیلور - نوع دیگ: درام هگزا - برنامه‌ها: آبکشی شرعی، آبکشی و خشک کن،الیاف مصنوعی، انواع لباس‌ها، تخلیه، حریر و ظریف، خشک کن، سیستم تمیز کننده خودکار، شستشوی اقتصادی، لباس‌های تیره، لباس‌های کودک، نخی پنبه‌ای، ولوم انتخاب برنامه، پشمی، کاموایی، پیراهن و تیشرت،پیش شستشو - شستشوی سریع: ۱۹ دقیقه,تسمه‌ای,C,A+++,,,,,۱۸۰,,,,
15,BOST-WM-BWD-8236,,نشانگر LED,درب از جلو,۱۲۰۰ دور در دقیقه,۸ کیلوگرم,به سمت چپ,,,۲۹۰۰۲۴۸۳۰۳۴۶۹,,۷۹.۳ سانتی‌متر,۵۰ سانتی‌متر,۵۹.۵ سانتی‌متر سانتی‌متر,,- وزن: ۵۵ - تعداد برنامه ها: ۱۵ - عملکرد دکمه ها: مکانیکی - نوع قفل درب: حرارتی - حداکثر دور خشک کن: ۱۰۰۰ - دریچه ورودی آب: ۱ - دورخشک کن قابل تنظیم - سیستم بخارشوی: Steam Pro - سامانه عیب یاب خودکار - قفل کودک - نانو سیلور - نوع دیگ: درام هگزا - برنامه‌ها: آبکشی شرعی، آبکشی و خشک کن،الیاف مصنوعی، انواع لباس‌ها، تخلیه، حریر و ظریف، خشک کن، سیستم تمیز کننده خودکار، شستشوی اقتصادی، لباس‌های تیره، لباس‌های کودک، نخی پنبه‌ای، ولوم انتخاب برنامه، پشمی، کاموایی، پیراهن و تیشرت،پیش شستشو - شستشوی سریع: ۱۹ دقیقه,Universal,,,,,,,۱۸۰,,,,
16,BOST-WM-BWD-8227,,,درب از جلو,۱۲۰۰ دور در دقیقه,۸ کیلوگرم,به سمت چپ,,,۲۹۰۰۲۴۸۳۰۳۰۵۶,,۷۹ سانتی‌متر,۵۰ سانتی‌متر,۵۹ سانتی‌متر,۷۹x۵۹x۵۰ سانتی‌متر,- ۱۵ برنامه - داراي بخار شوي,تسمه‌ای,C,A+++,,,,,,,,,
17,BOST-WM-BWD-7152N,,,درب از جلو,۱۰۰۰ دور در دقیقه,۷ کیلوگرم,به سمت چپ,,,۲۹۰۰۲۴۸۳۰۳۲۷۸,,۸۲.۵ سانتی‌متر,۵۵ سانتی‌متر,۵۹.۵ سانتی‌متر,,- وزن: ۵۵ - تعداد برنامه ها: ۱۵ - عملکرد دکمه ها: مکانیکی - نوع قفل درب: حرارتی - حداکثر دور خشک کن: ۱۰۰۰ - دریچه ورودی آب: ۱ - دورخشک کن قابل تنظیم - سامانه عیب یاب خودکار - قفل کودک - نانو سیلور - نوع دیگ: درام هگزا - برنامه‌ها: آبکشی شرعی، آبکشی و خشک کن،الیاف مصنوعی، انواع لباس‌ها، تخلیه، حریر و ظریف، خشک کن، سیستم تمیز کننده خودکار، شستشوی اقتصادی، لباس‌های تیره، لباس‌های کودک، نخی پنبه‌ای، ولوم انتخاب برنامه، پشمی، کاموایی، پیراهن و تیشرت،پیش شستشو - شستشوی سریع: ۱۹ دقیقه,Universal,,,,,,,,,,,
18,BOST-WM-BWD-7173N,,نشانگر LED,درب از جلو,۱۴۰۰ دور در دقیقه,۷ کیلوگرم,به سمت چپ,,,۲۹۰۰۲۴۸۳۰۳۳۰۸,,۸۴ سانتی‌متر,۵۸ سانتی‌متر,۵۹ سانتی‌متر,۸۴ سانتی‌متر,- وزن: ۵۶ - تعداد برنامه ها: ۱۴ - عملکرد دکمه ها: مکانیکی - نوع قفل درب: حرارتی - حداکثر دور خشک کن: ۱۰۰۰ - دریچه ورودی آب: ۱ - دورخشک کن قابل تنظیم - سامانه عیب یاب خودکار - قفل کودک - نانو سیلور - نوع دیگ: درام هگزا - برنامه‌ها: آبکشی شرعی، آبکشی و خشک کن،الیاف مصنوعی، انواع لباس‌ها، تخلیه، حریر و ظریف، خشک کن، سیستم تمیز کننده خودکار، شستشوی اقتصادی، لباس‌های تیره، لباس‌های کودک، نخی پنبه‌ای، ولوم انتخاب برنامه، پشمی، کاموایی، پیراهن و تیشرت،پیش شستشو - شستشوی سریع: ۳۰ دقیقه,Universal,,,,,,,۱۵۰,,,,
19,CANDY-WM-GBT-1459W,,,درب از جلو,۱۴۰۰ دور در دقیقه,۹ کیلوگرم,به سمت چپ,,,۲۹۰۰۹۴۹۰۱۵۷۰۸,,۸۵ سانتی‌متر,۶۰ سانتی‌متر,۶۰ سانتی‌متر,,تایمر تاخیر شروع: دارد سیستم ضد چروک: دارد قابلیت اضافه کردن لباس حین کار: دارد قفل کودک: دارد شستشوی سریع: دارد برنامه شستشو: ۲۱,تسمه‌ای,,,,,,لوله ورودی آب سرد و گرم,,,,,
20,CANDY-WM-PFC-944W,,نشانگر روی پنل,درب از جلو,۱۴۰۰ دور در دقیقه,۹ کیلوگرم,به سمت چپ,,صرفه‌جویی (ECO),۲۹۰۰۹۴۹۰۲۰۶۸۹,,۸۵ سانتی‌متر,۵۴ سانتی‌متر,۶۰ سانتی‌متر,۶۰x۵۴x۸۵ سانتی‌متر,مجهز به تکنولوژی NFC جهت اتصال لباسشویی به گوشی / مجهز به سیستم ضد سرریز فناوری حباب ساز (Bubble Soak) / قابلیت اضافه کردن لباس حین کار / شتسشوی لباس بچه (Baby Care) / برنامه شستشوی اقتصادی (ECO) / برنامه شست‌وشوی سریع / برنامه شستشوی البسه مشکی / برنامه آبکشی + چرخش اضافه / دارای پنل تاچ لمسی,اینورتر (Inverter),,,,,A+++,سیستم ایمنی هوشمند,,دکمه توقف عملیات,,,
21,CANDY-WM-PFC-PFC-822 W,,نشانگر روی پنل,درب از جلو,۱۲۰۰ دور در دقیقه,۸ کیلوگرم,به سمت چپ,,صرفه‌جویی (ECO),۲۹۰۰۹۴۹۰۲۰۶۷۲,,۸۵ سانتی‌متر,۵۴ سانتی‌متر,۶۰ سانتی‌متر,۵۴x۶۰x۸۵ سانتی‌متر,برنامه تاخیر در زمان شستشو / برنامه شستشوی اقتصادی / سیستم کنترل کف و جلوگیری از سرریز آب / شستشوی سریع ۱۴ دقیقه‌ای / شستشوی کامل در ۳۰ دقیقه و شستشوی البسه نخی / قابلیت حذف و اضافه کردن لباس حین کار / قابلیت شستشوی مختلط / مجهز به تکنولوژی NFC,اینورتر (Inverter),,,,,A++,نمایشگر,,دکمه توقف عملیات,,,
22,CANDY-WM-PFC-944S,,نشانگر روی پنل,درب از جلو,۱۴۰۰ دور در دقیقه,۹ کیلوگرم,به سمت چپ,,لباس بچه (Baby Care),۲۹۰۰۹۴۹۰۲۰۶۹۶,,۸۵ سانتی‌متر,۵۴ سانتی‌متر,۶۰ سانتی‌متر,۶۰x۵۴x۸۵ سانتی‌متر,فناوری حباب ساز (Bubble Soak) / قابلیت اضافه کردن لباس حین کار / شتسشوی بهداشتی‌تر لباس بچه (Baby Care) / برنامه شستشوی اقتصادی (ECO) / برنامه شست‌وشوی سریع / برنامه شستشوی البسه مشکی / برنامه آبکشی + چرخش اضافه / دارای پنل لمسی / کم مصرف با گرید انرژی +++A / مجهز به سیستم ضد سرریز / قابلیت تاخیر در زمان شستشو / مجهز به تکنولوژی NFC / مجهز به تکنولوژی موتور Inverter با چرخش ۱۴۰۰ دور در دقیقه,اینورتر (Inverter),,,,,A+++,نمایشگر,,دکمه توقف عملیات,,,
23,DAEWOO-WM-DWK-CH820C,,,درب از جلو,۱۲۰۰ دور در دقیقه,۸ کیلوگرم,به سمت چپ,۷۶,آبکشی + چرخش,۲۹۰۰۲۴۸۳۰۳۹۳۳,,۸۵ سانتی‌متر,۶۰ سانتی‌متر,۶۷ سانتی‌متر,۵۷x۶۷x۸۵ سانتی‌متر,- صفحه نمایشگر LED - نوع دیگ :(Emerald) درام زمردی - نوع نمایشگر : دکمه های مکانیکی - بدنه طرح ECO - رتبه مصرف آب C - دارای ۱۵ برنامه شستشو - داراي بخار شوي,تسمه‌ای,C,A+++,,,,,۱۵۰,,,,
24,DAEWOO-WM-DWK-CH700C,,صفحه نمایش,درب از جلو,۱۰۰۰ دور در دقیقه,۷ کیلوگرم,به سمت چپ,۷۶,شست‌وشوی سریع,۲۹۰۰۲۴۸۳۰۳۸۲۷,۵۵,۸۲.۵ سانتی‌متر,۵۷.۰ سانتی‌متر,۵۹.۵ سانتی‌متر,۵۷.۰x۵۹.۵x۸۲.۵ سانتی‌متر,نوع دیگ: درام کلاستر (Cluster) سیستم خودکار تشخیص خطا شستشوی سریع پیش شستشو سیستم بخارشوی:Steam Care بهبود موتور یونیورسال - ۱۵ برنامه - داراي بخار شوي,تسمه‌ای,D,A+++,,,,,۱۵۰,,,,
25,DAEWOO-WM-DWK-LIFE821GB,,صفحه نمایش,درب از جلو,۱۴۰۰ دور در دقیقه,۸ کیلوگرم,به سمت چپ,۷۴,لباس بچه (Baby Care),۲۹۰۰۲۴۸۳۰۱۶۸۷,۵۲,۸۲۵ سانتی‌متر,۶۳۰ سانتی‌متر,۶۰۰ سانتی‌متر,۶۰۰x۶۳۰x۸۲۵ سانتی‌متر,,,,,,,,,۱۵۰,,,,
26,DAEWOO-WM-DWK-CH840C,,صفحه نمایش,درب از جلو,۱۴۰۰ دور در دقیقه,۸ کیلوگرم,به سمت چپ,۷۶,,۲۹۰۰۲۴۸۳۰۳۹۱۹,۴۷,۸۳ سانتی‌متر,۶۰ سانتی‌متر,۶۰ سانتی‌متر,۸۳x۶۰x۶۰ سانتی‌متر,فناوری نانوسیلور جاپودری دو حالته: پودر، مایع سیستم شستشوی تاخیری محفظه شستشوی زمردی فناوری شستشوی همراه بابخار: Steam Care,دایرکت درایو (Direct Drive),,,,,,بخارشوی,۱۵۰,قفل کودک,,,
27,DAEWOO-WM- DWK-UN810C,,نشانگر LED,درب از جلو,۱۲۰۰ دور در دقیقه,۸ کیلوگرم,به سمت چپ,,,۲۹۰۰۲۴۸۳۰۵۰۴۳,,۸۲.۵ سانتی‌متر,۶۰ سانتی‌متر,۵۹.۵ سانتی‌متر,,,Universal,,,,اتوماتیک,A+++,نمایشگر,,,,,
28,DAEWOO-WM- LM-840W,,نشانگر LED,درب از جلو,۱۴۰۰ دور در دقیقه,۸ کیلوگرم,به سمت چپ,,,۲۹۰۰۲۴۸۳۰۵۶۳۰,,۸۲.۵ سانتی‌متر,۶۰ سانتی‌متر,۵۹.۵ سانتی‌متر,,سیستم تاخیر در شستشو / حالت شستشو با بخار / حالت لکه بری,دایرکت درایو (Direct Drive),,,درب از جلو,اتوماتیک,A+++,نمایشگر,,,۱۵ عدد,,
29,DAEWOO-WM-DWK-CH821C,,صفحه نمایش,درب از جلو,۱۴۰۰ دور در دقیقه,۸ کیلوگرم,به سمت چپ,,,۲۹۰۰۲۴۸۳۰۵۵۱۷,,۸۲.۵ سانتی‌متر,۶۰ سانتی‌متر,۶۰ سانتی‌متر,,مجهز به فناوری نانو سیلور / مجهز به دیگ درام زمردی,تسمه‌ای,A,,درب از جلو,اتوماتیک,A+++,نمایشگر,۱۵۰ درجه,قفل کودک,۱۵ عدد,,
30,DAEWOO-WM- LM-830W,,,درب از جلو,۱۴۰۰ دور در دقیقه,۸ کیلوگرم,به سمت چپ,,شست‌وشوی سریع,۲۹۰۰۲۴۸۳۰۵۵۸۶,,۸۲.۵ سانتی‌متر,۶۳ سانتی‌متر,۶۰ سانتی‌متر,,مخزن درام الماسه نسل جدید / مجهز به سیستم عیب یابی خودکار / دارای سیستم پیش شستشو / مجهز به سیستم آبکشی / مجهز به سیستم بخار شوی / مجهز به فناوری Potector-I برای محافظت از موتور / برنامه شستشوی سریع در ۱۹ دقيقه / فناوری شستشوی با تاخير / شستشوی لباس های ظریف و حساس / امکان ادامه شستشو در صورت قطع برق / محفظه شستشوی زمردی فناوری پيشرفته شستشو همراه با بخار Care Steam / مجهز به فناوری نانو سيلور,دایرکت درایو (Direct Drive),,,,اتوماتیک,A+++,نمایشگر,۱۸۰ درجه,قفل کودک,۱۵ عدد,,
31,DAEWOO-WM-DWK1-PR880C,"۳۲,۱۲۰,۰۰۰",,درب از جلو,۱۴۰۰ دور در دقیقه,۸ کیلوگرم,به سمت چپ,۷۴,لباس بچه (Baby Care),۲۹۰۰۲۴۸۳۰۴۰۸۴,۵۲,۸۵.۰ سانتی‌متر,۶۳.۰ سانتی‌متر,۵۹.۵ سانتی‌متر,۸۵x۵۹x۶۳ سانتی‌متر,برنامه شستشوی اقتصادی برنامه ویژه شستشوی لباس کودک BABY CARE سیستم اسپری آب و مواد شوینده سیستم پاکسازی دستگاه سیستم شستشو و خشک کن هوشمند سیستم شستشوی ضد آلرژی سیستم شستشوی ضد لکه شستشو دستی عملکرد لمسی آبکشی اضافه و پیش شستشو خشک کن با قابلیت تنظیم دور دارای درب کاور دار ذخیره تنظیمات دلخواه سیستم تاخیر در شستشو سیستم حباب ساز سیستم خودکار تشخیص خطا سیستم ذخیره زمانی سیستم شستشوی پاششی سیستم شستشوی ضد چروک سیستم عیب یاب هوشمند شستشوی سریع ۲۲ دقیقه ای مجهز به سیستم ضد چروک، اتوکشی اسان محفظه شستشوی زمردی,دایرکت درایو (Direct Drive),C,A+++,,,,,۱۲۰,,,,
32,DAEWOO-WM-LM-880S,,لمسی,درب از جلو,۱۴۰۰ دور در دقیقه,۸ کیلوگرم,به سمت چپ,,صرفه‌جویی (ECO),۲۹۰۰۲۴۸۳۰۵۷۲۲,,۸۵ سانتی‌متر,۶۴ سانتی‌متر,۶۰ سانتی‌متر,,دارای دور خشک‌کن قابل تنظیم / شست‌وشوی سریع ۲۲ دقیقه‌ای / مجهز به تکنولوژی نانو سیلور / بدنه طرح اکو (ECO BODY) / برنامه آبکشی اضافه / دارای برنامه پیش شست‌وشو / دارای سیستم خودکار تشخیص خطا / دارای دیگ (Emerald) درام زمردی / دارای سیستم اسپری آب و مواد شوینده / دارای برنامه آبکشی بهداشتی / دارای ولوم انتخاب برنامه / دارای سیستم ضد حساسیت / برنامه شست‌وشوی الیاف مصنوعی / برنامه شست‌وشوی حریر و لباس ظریف / سیستم ضد چروک / برنامه شست‌وشوی لباس‌های ورزشی,دایرکت درایو (Direct Drive),B,,درب از جلو,اتوماتیک,A+++,نمایشگر,۱۲۰ درجه,قفل کودک,۱۴ عدد,,
33,DAEWOO-WM- DWK2-PR980C,,صفحه نمایش,درب از جلو,۱۴۰۰ دور در دقیقه,۹ کیلوگرم,به سمت چپ,۷۴ دسی‌بل,صرفه‌جویی (ECO),۲۹۰۰۲۴۸۳۰۴۷۳۲,۵۲ دسی‌بل,۸۵۰ سانتی‌متر,۶۳۵ سانتی‌متر,۵۹۵ سانتی‌متر,۶۳.۵x۵۹.۵x۸۵.۰ سانتی‌متر,,دایرکت درایو (Direct Drive),,,درب از جلو,اتوماتیک,,بدون امکانات ویژه,,,۱۴ عدد,,
34,DAEWOO-WM-LM-980W,,نشانگر LED,درب از جلو,۱۴۰۰ دور در دقیقه,۹ کیلوگرم,به سمت چپ,,,۲۹۰۰۲۴۸۳۰۵۴۱۸,,۸۵ سانتی‌متر,۶۳.۵ سانتی‌متر,۵۹.۵ سانتی‌متر,,مجهز به حباب ساز / مجهز به نانو سیلور / شستشوی سریع در ۱۹ دقیقه‌ / پشتیبانی از شستشو با تاخیر / مجهز به سیستم ضد چروک البسه,دایرکت درایو (Direct Drive),,,,اتوماتیک,A+++,اضافه کردن لباس حین کار,,قفل کودک,۱۴ عدد,,استیل ضد زنگ
35,DAEWOO-WM-LM-880,,لمسی,درب از جلو,۱۴۰۰ دور در دقیقه,۸ کیلوگرم,به سمت چپ,,صرفه‌جویی (ECO),۲۹۰۰۲۴۸۳۰۵۷۲۲,,۸۵ سانتی‌متر,۶۴ سانتی‌متر,۶۰ سانتی‌متر,,دارای دور خشک‌کن قابل تنظیم / شست‌وشوی سریع ۲۲ دقیقه‌ای / مجهز به تکنولوژی نانو سیلور / بدنه طرح اکو (ECO BODY) / برنامه آبکشی اضافه / دارای برنامه پیش شست‌وشو / دارای سیستم خودکار تشخیص خطا / دارای دیگ (Emerald) درام زمردی / دارای سیستم اسپری آب و مواد شوینده / دارای برنامه آبکشی بهداشتی / دارای ولوم انتخاب برنامه / دارای سیستم ضد حساسیت / برنامه شست‌وشوی الیاف مصنوعی / برنامه شست‌وشوی حریر و لباس ظریف / سیستم ضد چروک / برنامه شست‌وشوی لباس‌های ورزشی,دایرکت درایو (Direct Drive),B,,درب از جلو,اتوماتیک,A+++,نمایشگر,۱۲۰ درجه,قفل کودک,۱۴ عدد,,
36,DAEWOO-WM-DWK-SE990S,,صفحه نمایش,درب از جلو,۱۴۰۰ دور در دقیقه,۹ کیلوگرم,به سمت چپ,۷۴,آبکشی + چرخش,۲۹۰۰۲۴۸۳۰۳۸۶۵,۵۲,۸۵.۰ سانتی‌متر,۶۳.۴ سانتی‌متر,۵۹.۵ سانتی‌متر,۶۳.۴x۵۹.۵x۸۵.۰ سانتی‌متر,هفت حرکت جادویی شستشو سیستم هوشمند کاهش لرزش و صدا با استفاده از سنسور MEMS (Emerald Drum) درام زمردي سیستم بالانس اتوماتیک البسه داراي تکنولوژي نانوسیلور امکان تنظیم جاپودري جهت استفاده از پودر یا مایع شستشو Night Wash: شستشو با کمترین میزان صدا - ۴ برنامه,دایرکت درایو (Direct Drive),A,A+++,,,,,۱۲۰,,,,
37,DAEWOO-WM-DWK-SE991C,,صفحه نمایش,درب از جلو,۱۴۰۰ دور در دقیقه,۹ کیلوگرم,به سمت چپ,۷۴ دسی‌بل,آبکشی + چرخش,۲۹۰۰۲۴۸۳۰۴۴۷۳-۲۹۰۰۲۴۸۳۰۴۲۵۱,۵۲ دسی‌بل,۸۵ سانتی‌متر,۶۳.۴ سانتی‌متر,۵۹.۵ سانتی‌متر,۶۳۴x۵۹۵x۸۵۰ سانتی‌متر,هفت حرکت جادویی شستشو / سیستم هوشمند کاهش لرزش و صدا با استفاده از سنسور MEMS / (Emerald Drum) درام زمردی / سیستم بالانس اتوماتیک البسه / داراي تکنولوژي نانوسیلور / امکان تنظیم جاپودری جهت استفاده از پودر یا مایع شستشو / شستشو در شب با کمترین میزان صدا / سیستم بخارشوی Steam Wash,دایرکت درایو (Direct Drive),,,درب از جلو,اتوماتیک,A+++,نمایشگر,۱۲۰,,۱۴ عدد,,
38,DAEWOO-WM-DWK-SE991S,,صفحه نمایش,درب از جلو,۱۴۰۰ دور در دقیقه,۹ کیلوگرم,به سمت چپ,۷۴ دسیبل,آبکشی + چرخش,۲۹۰۰۲۴۸۳۰۴۴۷۳,۵۲,۸۵۰ سانتی‌متر,۶۳۴ سانتی‌متر,۵۹۵ سانتی‌متر,۶۳۴x۵۹۵x۸۵۰ سانتی‌متر,سری Senior با طراحی جدید / مجهز به موتور Smart Direct Drive اینورتر نسل سوم New Motch کره جنوبی / قابلیت کنترل از راه دور از طریق اینترنت / قابلیت اتصال به WIFI / شستشو با فوم جادویی (Magic Foam) / فناوری شستشوی همراه با بخار / هفت حرکت جادویی شستشو (۷ Mode) / برنامه ی شستشوی سریع در ۱۴ دقیقه / هیتر سرامیکی با خاصیت ضد زنگ بودن و مقاومت بسیار بالا / ۱۴ برنامه شستشوی کاربردی / سنسور هوشمند Mems(کاهش صدا و لرزش) / سیستم شستشوی پاششی دوگانه Twin Jet Shower / شستشوی نانو سیلور Nano Silver / جاپودری دو حالته ی مایع و پودر/ صفحه نمایش LED با عملکرد لمسی,دایرکت درایو (Direct Drive),,,,,A+++,نمایشگر,۱۲۰,,,,
39,DAEWOO-WM-DWK-CH701S,,,درب از جلو,۱۰۰۰ دور در دقیقه,۷ کیلوگرم,به سمت چپ,۷۶ دسی‌بل,شست‌وشوی سریع,۲۹۰۰۲۴۸۳۰۵۳۳۳,۷۶,۸۵ سانتی‌متر,۶۰ سانتی‌متر,۶۰ سانتی‌متر,,دارای برنامه آبکشی و خشک‌کن / مجهز به سیستم بخارشوی Steam Care / دارای سیستم خودکار تشخیص خطا / دارای شست‌وشوی قوی / دارای ولوم انتخاب برنامه / مجهز به فناوری پیشرفته شست‌وشو همراه با بخار (Steam Care) / قابلیت ادامه شست‌وشو در صورت قطع و وصل برق / دارای جاپودری دو حالته / دارای بدنه ضد لرزش / مجهز به سیستم خودکار تشخیص خطا / دارای تکنولوژی I-Protector برای محافظت از موتور,تسمه‌ای,D,,درب از جلو,اتوماتیک,A+++,بدون امکانات ویژه,۱۵۰ درجه,قفل کودک,۱۰ عدد,,
40,DAEWOO-WM-LM-810S,,نشانگر LED,درب از جلو,۱۲۰۰ دور در دقیقه,۸ کیلوگرم,به سمت چپ,,تاخیر در شستشو تا ۲۴ ساعت,۲۹۰۰۲۴۸۳۰۵۴۰۱,,۸۲ سانتی‌متر,۶۰ سانتی‌متر,۶۰ سانتی‌متر,,دارای برنامه لکه بری/ مجهز به برنامه پیش شست‌وشو / مجهز به فناوری نانو سیلور,Universal,,,درب از جلو,اتوماتیک,A+++,نمایشگر,,عیب‌یابی خودکار,۱۵ عدد,,
41,DAEWOO-WM- DWK-CH821S,,صفحه نمایش,درب از جلو,۱۴۰۰ دور در دقیقه,۸ کیلوگرم,به سمت چپ,,,۲۹۰۰۲۴۸۳۰۵۵۲۴,,۸۲.۵ سانتی‌متر,۶۰ سانتی‌متر,۶۰ سانتی‌متر,,,تسمه‌ای,A,,درب از جلو,اتوماتیک,A+++,نمایشگر,۱۵۰ درجه,قفل کودک,۱۶ برنامه اصلی و ۷ برنامه تکمیلی عدد,,
42,DAEWOO-WM-DWK-ZL860SB,,نشانگر LED,درب از جلو,۱۴۰۰ دور در دقیقه,۸ کیلوگرم,به سمت چپ,۷۴,شست‌وشوی سریع,۲۹۰۰۲۴۸۳۰۳۹۰۲,۵۱,۸۲.۵ سانتی‌متر,۶۳ سانتی‌متر,۵۹.۵ سانتی‌متر,۸۲.۵x۶۳x۵۹.۵ سانتی‌متر,قابلیت شست‌وشوی سریع ۱۹ دقیقه‌ای / سیستم ذخیره تنظیمات دلخواه / دارای برنامه شست‌وشوی ترکیبی (Mix) / قابلیت اسپری آب و مواد شوینده روی لباس / دارای دیگ جدید زمردی / مجهز به هیتر سرامیکی / دارای پیش شست‌وشو / امکان شروع شست‌وشو با تاخیر / آبکشی اضافه / بالانس اتوماتیک لباس‌ها به منظور کاهش لرزش و صدا / دور خشک‌کن قابل تنظیم / سیستم ضد چروک / اتوکشی آسان / قابلیت شست‌وشوی لباس‌های نخی، پنبه‌ای، پشمی، کاموایی، حریر، الیاف مصنوعی، روتختی و تکه‌های بزرگ,دایرکت درایو (Direct Drive),A,,درب از جلو,اتوماتیک,A+++,تایمر,۱۵۰,,۱۴ عدد,,
43,DAEWOO-WM-DWK-ZL860CB,,صفحه نمایش,درب از جلو,۱۴۰۰ دور در دقیقه,۸ کیلوگرم,به سمت چپ,,لباس بچه (Baby Care),۲۹۰۰۲۴۸۳۰۴۰۴۶,۵۲,۸۲.۵ سانتی‌متر,۶۳ سانتی‌متر,۵۹.۵ سانتی‌متر,۶۳.۰x۵۹.۵x۸۲.۵ سانتی‌متر,تراز مصرف انرژی: +++A شروع شستشو با تاخیر شستشوی سریع لکه بری درام زمردی نانو سیلور تعداد برنامه اصلی شستشو: ۱۴ دکمه های لمسی,بدون تسمه,,,,,,بخارشوی,۱۵۰,قفل کودک,,,
44,DAEWOO-WM-LM-840W,,نشانگر LED,درب از جلو,۱۴۰۰ دور در دقیقه,۸ کیلوگرم,به سمت چپ,,,۲۹۰۰۲۴۸۳۰۵۶۳۰,,۸۲.۵ سانتی‌متر,۶۰ سانتی‌متر,۵۹.۵ سانتی‌متر,,سیستم تاخیر در شستشو / حالت شستشو با بخار / حالت لکه بری,دایرکت درایو (Direct Drive),,,درب از جلو,اتوماتیک,A+++,نمایشگر,,,۱۵ عدد,,
45,DAEWOO-WM-DWK-ZL860CS,,نشانگر LED,درب از جلو,۱۴۰۰ دور در دقیقه,۸ کیلوگرم,به سمت چپ,۷۴,,۲۹۰۰۲۴۸۳۰۴۰۲۲,,۸۲.۵ سانتی‌متر,۶۳ سانتی‌متر,۵۹.۵ سانتی‌متر,۵۹.۵x۶۳.۰x۸۳.۵ سانتی‌متر,- وزن: ۶۸ کیلوگرم - گرید انرژی:A+++ - تعداد برنامه: ۱۴ - سیستم ذخیره تنظیمات دلخواه - دارای برنامه شستشوی ترکیبی - اسپری آب و مواد شوینده روی البسه - درام جدید زمردی - هیتر سرامیکی - پیش شستشو، شروع شستشو با تاخیر، آبکشی اضافه - بالانس اتوماتیک لباس ها به منظور کاهش لرزش و صدا - سیستم حباب ساز برای افزایش کیفیت شستشو - صفحه نمایش LED همراه با دکمه های لمسی - نوع قفل درب: کششی - دور خشک کن قابل تنظیم - سیستم ضد چروک، اتوکشی آسان - ولوم انتخاب برنامه - پیش شستشو - شستشوی سریع: ۱۹ دقیقه - آبکشی اضافه - نخی پنبه‌ای نخی پنبه‌ای (Cotton)، پشمی کاموایی، حریر و ظریف، الیاف مصنوعی، برنامه شستشوی لباس‌های تیره، روتختی و تکه‌های بزرگ، لباس‌های زیر، برنامه شستشوی لباس کودک - لکه بری - انواع لباس‌ها: MIX - پیراهن و تیشرت: Summer Wash,دایرکت درایو (Direct Drive),,,,,,,۱۵۰,,,,
46,DAEWOO-WM-DWK-ZP870CS,,نشانگر LED,درب از جلو,۱۴۰۰ دور در دقیقه,۸ کیلوگرم,به سمت چپ,۷۴,,۲۹۰۰۲۴۸۳۰۳۹۸۸,۵۲,۸۲.۵ سانتی‌متر,۶۳ سانتی‌متر,۵۹.۵ سانتی‌متر,۸۲.۵ سانتی‌متر,- وزن: ۶۸ - تعداد برنامه: ۱۴ - سیستم ذخیره تنظیمات دلخواه - دارای برنامه شستشوی ترکیبی - اسپری آب و مواد شوینده روی البسه - درام جدید زمردی - هیتر سرامیکی - پیش شستشو، شروع شستشو با تاخیر، آبکشی اضافه - بالانس اتوماتیک لباس ها به منظور کاهش لرزش و صدا - سیستم حباب ساز برای افزایش کیفیت شستشو - صفحه نمایش LED همراه با دکمه های لمسی - نوع قفل درب: کششی - دور خشک کن قابل تنظیم - سیستم ضد چروک، اتوکشی آسان - ولوم انتخاب برنامه - پیش شستشو - شستشوی سریع: ۱۹ دقیقه - آبکشی اضافه - نخی پنبه‌ای نخی پنبه‌ای (Cotton)، پشمی کاموایی، حریر و ظریف، الیاف مصنوعی، برنامه شستشوی لباس‌های تیره، روتختی و تکه‌های بزرگ، لباس‌های زیر، برنامه شستشوی لباس کودک - لکه بری - انواع لباس‌ها: MIX - پیراهن و تیشرت: Summer Wash,,,,,,,,۱۵۰,,,,
47,DAEWOO-WM-DWK-PR880C,"۳۲,۱۲۰,۰۰۰",,درب از جلو,۱۴۰۰ دور در دقیقه,۸ کیلوگرم,به سمت چپ,۷۴,لباس بچه (Baby Care),۲۹۰۰۲۴۸۳۰۴۰۸۴,۵۲,۸۵.۰ سانتی‌متر,۶۳.۰ سانتی‌متر,۵۹.۵ سانتی‌متر,۸۵x۵۹x۶۳ سانتی‌متر,برنامه شستشوی اقتصادی برنامه ویژه شستشوی لباس کودک BABY CARE سیستم اسپری آب و مواد شوینده سیستم پاکسازی دستگاه سیستم شستشو و خشک کن هوشمند سیستم شستشوی ضد آلرژی سیستم شستشوی ضد لکه شستشو دستی عملکرد لمسی آبکشی اضافه و پیش شستشو خشک کن با قابلیت تنظیم دور دارای درب کاور دار ذخیره تنظیمات دلخواه سیستم تاخیر در شستشو سیستم حباب ساز سیستم خودکار تشخیص خطا سیستم ذخیره زمانی سیستم شستشوی پاششی سیستم شستشوی ضد چروک سیستم عیب یاب هوشمند شستشوی سریع ۲۲ دقیقه ای مجهز به سیستم ضد چروک، اتوکشی اسان محفظه شستشوی زمردی,دایرکت درایو (Direct Drive),C,A+++,,,,,۱۲۰,,,,
48,DAEWOO-WM- LM-830S,,نشانگر LED,درب از جلو,۱۲۰۰ دور در دقیقه,۸ کیلوگرم,به سمت چپ,,تاخیر در شستشو تا ۲۴ ساعت,۲۹۰۰۲۴۸۳۰۵۵۷۹,,۸۲ سانتی‌متر,۶۰ سانتی‌متر,۶۰ سانتی‌متر,,مجهز به سیستم شستشو دستی/دارای برنامه لکه بری/مجهز به برنامه پیش شستشو/سیستم شروع شستشو با تاخیر/سیستم خودکار تشخیص خطا/مجهز به فناوری نانو سیلور,تسمه‌ای,,,,اتوماتیک,A+++,نمایشگر,,عیب‌یابی خودکار,۱۵ عدد,,
49,DAEWOO-WM-DWK1-CH840C,,صفحه نمایش,درب از جلو,۱۴۰۰ دور در دقیقه,۸ کیلوگرم,به سمت چپ,۷۶,,۲۹۰۰۲۴۸۳۰۳۹۱۹,۴۷,۸۳ سانتی‌متر,۶۰ سانتی‌متر,۶۰ سانتی‌متر,۸۳x۶۰x۶۰ سانتی‌متر,فناوری نانوسیلور جاپودری دو حالته: پودر، مایع سیستم شستشوی تاخیری محفظه شستشوی زمردی فناوری شستشوی همراه بابخار: Steam Care,دایرکت درایو (Direct Drive),,,,,,بخارشوی,۱۵۰,قفل کودک,,,
50,DAEWOO-WM- DWK-UN810S,,نشانگر LED,درب از جلو,۱۲۰۰ دور در دقیقه,۸ کیلوگرم,به سمت چپ,,,۲۹۰۰۲۴۸۳۰۵۰۱۲,,۸۲ سانتی‌متر,۶۳ سانتی‌متر,۵۹ سانتی‌متر,,سیستم شستشو با تاخیر / مجهز به فناوری نانو سیلور,Universal,,,درب از جلو,اتوماتیک,A+++,نمایشگر,,,۱۵ عدد,,
51,DAEWOO-WM-DWK-CH700S,,,درب از جلو,۱۰۰۰ دور در دقیقه,۷ کیلوگرم,به سمت چپ,۷۶ دسیبل,شست‌وشوی سریع,۲۹۰۰۲۴۸۳۰۳۸۳۴,در هنگام شستشو ۵۵ دسی‌بل,۸۵ سانتی‌متر,۶۴ سانتی‌متر,۶۰ سانتی‌متر,۸۵x۶۰x۶۰ سانتی‌متر,دارای آبکشی و خشک کن / دارای سیستم بخارشوی Steam Care / دارای سیستم خودکار تشخیص خطا / دارای شستشوی اتوماتیک مخزن / دارای شستشوی قوی / دارای قفل كودك / دارای ولوم انتخاب برنامه / موتور یونیورسال / شستشوی سریع ۱۹ دقیقه‌ای,تسمه‌ای,,,درب از جلو,اتوماتیک,A+++,بدون امکانات ویژه,۱۵۰ درجه,قفل کودک,۱۵ عدد,,
52,DAEWOO-WM- DWK-CH821C,,صفحه نمایش,درب از جلو,۱۴۰۰ دور در دقیقه,۸ کیلوگرم,به سمت چپ,,,۲۹۰۰۲۴۸۳۰۵۵۱۷,,۸۲.۵ سانتی‌متر,۶۰ سانتی‌متر,۶۰ سانتی‌متر,,مجهز به فناوری نانو سیلور / مجهز به دیگ درام زمردی,تسمه‌ای,A,,درب از جلو,اتوماتیک,A+++,نمایشگر,۱۵۰ درجه,قفل کودک,۱۵ عدد,,
53,DAEWOO-WM-DWK-PRO850SB,,,درب از بالا,۱۴۰۰ دور در دقیقه,۸ کیلوگرم,به سمت چپ,,,۲۹۰۰۲۴۸۳۰۳۶۵۰,,۸۲ سانتی‌متر,۶۲ سانتی‌متر,۵۹ سانتی‌متر,,,,,,,,,,,,,,
54,DAEWOO-WM-LM840W,,نشانگر LED,درب از جلو,۱۴۰۰ دور در دقیقه,۸ کیلوگرم,به سمت چپ,,,۲۹۰۰۲۴۸۳۰۵۶۳۰,,۸۲.۵ سانتی‌متر,۶۰ سانتی‌متر,۵۹.۵ سانتی‌متر,,سیستم تاخیر در شستشو / حالت شستشو با بخار / حالت لکه بری,دایرکت درایو (Direct Drive),,,درب از جلو,اتوماتیک,A+++,نمایشگر,,,۱۵ عدد,,
55,DAEWOO-WM-DWK-ZP870CB,,,درب از جلو,۱۴۰۰ دور در دقیقه,۸ کیلوگرم,به سمت چپ,,,۲۹۰۰۲۴۸۳۰۴۰۰۸,,۸۲.۵ سانتی‌متر,۶۳ سانتی‌متر,۵۹.۵ سانتی‌متر,,,دایرکت درایو (Direct Drive),,,,,,,,,,,
56,DAEWOO-WM- DWK2-PR880S,,لمسی,درب از جلو,۱۴۰۰ دور در دقیقه,۸ کیلوگرم,به سمت چپ,,,۲۹۰۰۲۴۸۳۰۴۷۴۹,۵۲ دسی‌بل,۸۵ سانتی‌متر,۶۴ سانتی‌متر,۶۰ سانتی‌متر,,سیستم بالانس اتوماتیک البسه / دارای سیستم حباب ساز برای افزایش کیفیت شستشو / جلوگیری از چروک شدن البسه,دایرکت درایو (Direct Drive),,,درب از جلو,اتوماتیک,A+++,نمایشگر,۱۵۰ درجه,قفل کودک,۱۴ عدد,,
57,DAEWOO-WM-DWK-SE990C,,صفحه نمایش,درب از جلو,۱۴۰۰ دور در دقیقه,۹ کیلوگرم,به سمت چپ,,آبکشی + چرخش,۲۹۰۰۲۴۸۳۰۳۸۵۸,,۸۵.۰ سانتی‌متر,۶۳.۴ سانتی‌متر,۵۹.۵ سانتی‌متر,۶۳.۴x۵۹.۵x۸۵.۰ سانتی‌متر,هفت حرکت جادویی شستشو سیستم هوشمند کاهش لرزش و صدا با استفاده از سنسور MEMS (Emerald Drum) درام زمردي سیستم بالانس اتوماتیک البسه داراي تکنولوژي نانوسیلور امکان تنظیم جاپودري جهت استفاده از پودر یا مایع شستشو Night Wash: شستشو با کمترین میزان صدا - ۱۴ برنامه,دایرکت درایو (Direct Drive),A,A+++,,,,اضافه کردن لباس حین کار,۱۸۰,,,,
58,DAEWOO-WM-DWK-8440,,صفحه نمایش,درب از جلو,۱۴۰۰ دور در دقیقه,۸ کیلوگرم,به سمت چپ,۷۶,,۲۹۰۰۲۴۸۳۰۲۴۹۳,۴۷,۸۳ سانتی‌متر,۶۰ سانتی‌متر,۶۰ سانتی‌متر,,فناوری نانوسیلور جاپودری دو حالته: پودر، مایع سیستم شستشوی تاخیری محفظه شستشوی زمردی فناوری شستشوی همراه بابخار: Steam Care,دایرکت درایو (Direct Drive),,,,,,بخارشوی,۱۵۰,قفل کودک,,,
59,DAEWOO-WM-DWK-PR980C,,صفحه نمایش,درب از جلو,۱۴۰۰ دور در دقیقه,۹ کیلوگرم,به سمت چپ,۷۴ دسیبل,صرفه‌جویی (ECO),۲۹۰۰۲۴۸۳۰۴۱۲۱,۵۲ دسیبل,۸۵۰ سانتی‌متر,۶۳۵ سانتی‌متر,۵۹۵ سانتی‌متر,۶۳۵x۵۹۵x۸۵۰ سانتی‌متر,,دایرکت درایو (Direct Drive),,,,,,,,,,,
60,DAEWOO-WM-DWK-Life822TS,,صفحه نمایش,درب از جلو,۱۴۰۰ دور در دقیقه,۸ کیلوگرم,به سمت چپ,,صرفه‌جویی (ECO),۲۹۰۰۲۴۸۳۰۱۴۸۹,,۸۴۵ سانتی‌متر,۵۹۰ سانتی‌متر,۵۹۵ سانتی‌متر,۵۹۰x۵۹۵x۸۴۵ سانتی‌متر,- تراز مصرف انرژی ۳۵%- +++A - بدنه طرح اکو ECO BODY - برنامه شستشوی سریع ۱۹ دقیقه ای - دارای تکنولوژی نانوسیلور - پیش شستشو ، شروع شستشو با تاخیر ، آبکشی اضافه - درب بزرگ ۵۰ سانتی متری - ذخیره تنظیمات دلخواه MY FAVORITE - عملکرد آرام و بی صدا - عملکرد لمسی - دارای هیتر سرامیکی - سیستم حباب ساز - سیستم خودکار تشخیص خطا - سیستم شستشوی پاششی - طراحی ویژه بدنه جهت کاهش لرزش دستگاه - مجهز به سیستم ضد چروک با بخار - محفظه شستشوی زمردی,دایرکت درایو (Direct Drive),,,,,,,,,,,
61,DAEWOO-WM-DWK-CH820S,,,درب از جلو,۱۲۰۰ دور در دقیقه,۸ کیلوگرم,به سمت چپ,,,۲۹۰۰۲۴۸۳۰۳۹۲۶,,۸۵ سانتی‌متر,۵۷ سانتی‌متر,۶۷ سانتی‌متر,۵۷x۶۷x۸۵ سانتی‌متر,۱۵ برنامه,تسمه‌ای,C,A+++,,,,,,,,,
62,DAEWOO-WM-DWK-7100,,صفحه نمایش,درب از جلو,۱۰۰۰ دور در دقیقه,۷ کیلوگرم,به سمت راست,,شست‌وشوی سریع,۲۹۰۰۲۴۸۳۰۱۳۱۱,,۸۲۵ سانتی‌متر,۶۰۰ سانتی‌متر,۵۹۵ سانتی‌متر,۶۰۰x۵۹۵x۸۲۵ سانتی‌متر,,,,,,,,,,,,,
63,DAEWOO-WM-DWK-7001S,,نمایشگر LCD,درب از جلو,۱۰۰۰ دور در دقیقه,۷ کیلوگرم,به سمت چپ,۷۶ دسیبل,شست‌وشوی سریع,۲۹۰۰۲۴۸۳۰۳۵۳۷,۵۵,۸۵ سانتی‌متر,۶۰ سانتی‌متر,۶۰ سانتی‌متر,۸۵x۶۰x۶۰ سانتی‌متر,دارای آبکشی و خشک کن دارای سیستم بخارشوی Steam Care دارای سیستم خودکار تشخیص خطا دارای شستشو دستی دارای شستشوی اتوماتیک مخزن دارای شستشوی قوی دارای قفل كودك دارای ولوم انتخاب برنامه بهبود موتور یونیورسال,تسمه‌ای,,,,,,بخارشوی,۱۵۰ درجه,قفل کودک,,,
64,EMERSUN-WM-EMK03,,نشانگر LED,درب از جلو,۱۴۰۰ دور در دقیقه,۸ کیلوگرم,به سمت چپ,۷۶ دسی بل,هوشمند,۲۹۰۱۱۸۸۷۰۲۳۳۶,۶۲ دسی بل,۸۵ سانتی‌متر,۶۰ سانتی‌متر,۶۵ سانتی‌متر,,رده مصرف انرژی لباسشویی A+++ دارای کنترل پنل لمسی و دکمه ای ۱۴ برنامه شستشو دیگ الماسه استیل ضد زنگ دارای قفل کودک,BLDC,۵۳.۶ لیتر,حداکثر توان: ۲۰۰۰ وات,,,,لوله ورودی آب سرد و گرم,۰ تا ۱۸۰ سانتی متر,عیب‌یابی خودکار,,,
65,GPLUS-WM-GWM-P870S,,نشانگر LED,درب از جلو,۱۲۰۰ دور در دقیقه,۸ کیلوگرم,به سمت چپ,,,۲۹۰۰۳۱۷۸۰۷۴۹۲,,۸۵ سانتی‌متر,۵۶ سانتی‌متر,۶۰ سانتی‌متر,۶۰x۵۶x۸۵ سانتی‌متر,- مشخصات موتور: موتور پیشرفته با تکنولوژی Direct Drive Inverter - تعداد برنامه شستشو: ۱۴ برنامه اصلی - تعداد آپشن تکمیلی برای شستشو: ۶ برنامه تکمیلی - قابلیت تشخیص وزن لباس - شستشوی سریع در ۳۰ دقیقه (Quick ۳۰) - مجهز به ۶ حرکت شستشو - قابلیت اضافه کردن لباس در حین شستشو - برنامه شستشوی بهداشتی (Hygiene Mate) - قابلیت از بین بردن انواع لکه‌ها (Stain) - برنامه شستشو در شب با صدای کم و حرکات آرام دیگ (Night Wash) - انجام شستشو در زمان دلخواه (Time Delay) - برنامه شستشوی اختصاصی لباس کودکان (Kids Wear),اینورتر (Inverter),,,درب از جلو,اتوماتیک,,برنامه پذیری,,,,,
66,GPLUS-WM-GWM-P880S,,,درب از جلو,۱۴۰۰ دور در دقیقه,۸ کیلوگرم,به سمت چپ,,,۲۹۰۰۳۱۷۸۰۷۵۰۸,,۸۵ سانتی‌متر,۵۶ سانتی‌متر,۶۰ سانتی‌متر,۸۵.۰x۵۶.۰x۶۰.۰ سانتی‌متر,- رده مصرف انرژی: A+++ - مشخصات موتور: موتور پیشرفته با تکنولوژی Direct Drive Inverter - تعداد برنامه شستشو : ۱۴ برنامه اصلی - تعداد آپشن تکمیلی برای شستشو: ۶ برنامه تکمیلی - قابلیت تشخیص وزن لباس - مجهز به ۶ حرکت شستشو - قابلیت ضد آلرژی - قابلیت از بین بردن انواع لکه‌ها (Stain) - برنامه شستشو در شب با صدای کم و حرکات آرام دیگ (Night Wash) - انجام شستشو در زمان دلخواه (Time Delay) - مجهز به شستشوی بخار (Steam Cloud) - برنامه اختصاصی جهت شستشوی لباس کودکان با قابلیت بخار (KidsWear Steam),اینورتر (Inverter),,,درب از جلو,اتوماتیک,,اضافه کردن لباس حین کار,,,,,
67,GPLUS-WM-GWM-K8540W,,صفحه نمایش,درب از جلو,۱۴۰۰ دور در دقیقه,۸ کیلوگرم,به سمت چپ,,لباس بچه (Baby Care),۲۹۰۰۳۱۷۸۰۶۰۸۲,,۸۵ سانتی‌متر,۶۰ سانتی‌متر,۵۸ سانتی‌متر,۸۵x۵۸x۶۰ سانتی‌متر,طراحی ارگونومیک(متناسب با بدن) Timer برنامه اختصاصی جهت شستشوی قدرتمند اقلام بسیار کثیف Strong Wash قابلیت از بین بردن انواع لکه‌ها (Stain) مجهز به برنامه شستشوی لباس کودکان (Baby Care) برنامه خاص شستشوی لباس‌های رنگی (Colors) برنامه شستشو در شب با صدای کم و حرکات آرام دیگ (Night Wash) انجام شستشو در زمان دلخواه (Time Delay) قابلیت اضافه کردن لباس در حین شستشو برنامه اختصاصی شستشوی لباس‌های زیر (Lingerie Care) برنامه شستشوی سریع (Go Quick),تسمه‌ای,,,,,,,,,,,
68,GPLUS-WM-GWM-L99SW,,صفحه نمایش,درب از جلو,۱۴۰۰ دور در دقیقه,۹ کیلوگرم,به سمت چپ,,,۲۹۰۰۳۱۷۸۰۶۵۳۲,,۸۵ سانتی‌متر,۵۶ سانتی‌متر,۶۰ سانتی‌متر,۸۵x۵۶x۶۰ سانتی‌متر,قابلیت ضد آلرژی قابلیت از بین بردن انواع لکه‌ها (Stain) برنامه شستشو در شب با صدای کم و حرکات آرام دیگ (Night Wash) انجام شستشو در زمان دلخواه (Time Delay) سیستم شستشوی کامل و سریع Thunder Wash تکنولوژی بخارشوی Turbo Steam قابلیت ضد چروک نمودن لباسها با بخار Refresh Steam قابلیت تشخیص وزن لباس مجهز به ۶ حرکت شستشو شستشوی سریع در ۱۴ دقیقه (Go Quick ۱۴) قابلیت اضافه کردن لباس در حین شستشو,دایرکت درایو (Direct Drive),,,,,,اضافه کردن لباس حین کار,,,,,
69,GPLUS-WM-GWM-K9341W,,صفحه نمایش,درب از جلو,۱۴۰۰ دور در دقیقه,۹ کیلوگرم,به سمت چپ,,,۲۹۰۰۳۱۷۸۰۶۰۹۹,,۸۵ سانتی‌متر,۵۹.۵ سانتی‌متر,۶۰ سانتی‌متر,۸۵x۵۹.۵x۶۰ سانتی‌متر,قابلیت اضافه کردن لباس در حین شستشو برنامه لکه بری اختصاصی تنظیم دستی دمای شستشو برنامه اختصاصی شستشوی لباس‌های زیر (Lingerie Care) برنامه شستشوی سریع (Go Quick) قابلیت ضد آلرژی برنامه اختصاصی شستشوی لباس‌های زمستانی Timer,تسمه‌ای,,,,,,اضافه کردن لباس حین کار,,,,,
70,GPLUS-WM-GWM-K8220T,,صفحه نمایش,درب از جلو,۱۲۰۰ دور در دقیقه,۸ کیلوگرم,به سمت چپ,,هوشمند,۲۹۰۰۳۱۷۸۰۶۰۵۱,,۸۵.۰ سانتی‌متر,۵۹.۵ سانتی‌متر,۶۰.۰ سانتی‌متر,۸۵.۰x۵۹.۵x۶۰.۰ سانتی‌متر,برنامه لکه بری اختصاصی تنظیم دستی دمای شستشو برنامه اختصاصی شستشوی لباس‌های زیر (Lingerie Care) برنامه شستشوی سریع (Go Quick) دارای ۱۵ برنامه اصلی شستشو و ۷ برنامه تکمیلی دارای سنسور به منظور تنظیم آب مصرفی متناسب با وزن لباس قابلیت اضافه کردن لباس در حین شستشو برنامه اختصاصی شستشوی لباس‌های زمستانی Timer قابلیت ضد آلرژی دارای موتور هوشمند BLDC مجهز به فناوری Eco Power Inverter امکان شستشو با آب سرد دارای تایمر برای انجام شستشو در زمان دلخواه (Start Delay) برنامه شستشوی سریع برنامه شستشو لباس کودکان (Kids wear) برنامه شستشو لباس های رنگی برنامه شستشوی لباس های سنگین زمستانی (Winter Cloth) برنامه ECO برای صرفه جویی در مصرف انرژی برنامه شستشوی لباس‌های حساس برنامه شستشوی لبا سهای رنگی Colors,تسمه‌ای,,,,,,,,,,,
71,GPLUS-WM-GWM-K8540T,,صفحه نمایش,درب از جلو,۱۴۰۰ دور در دقیقه,۸ کیلوگرم,به سمت چپ,,لباس بچه (Baby Care),۲۹۰۰۳۱۷۸۰۶۰۷۵,,۸۵ سانتی‌متر,۶۰ سانتی‌متر,۵۸ سانتی‌متر,۸۵x۵۸x۶۰ سانتی‌متر,طراحی ارگونومیک(متناسب با بدن) Timer برنامه اختصاصی جهت شستشوی قدرتمند اقلام بسیار کثیف Strong Wash قابلیت از بین بردن انواع لکه‌ها (Stain) مجهز به برنامه شستشوی لباس کودکان (Baby Care) برنامه خاص شستشوی لباس‌های رنگی (Colors) برنامه شستشو در شب با صدای کم و حرکات آرام دیگ (Night Wash) انجام شستشو در زمان دلخواه (Time Delay) قابلیت اضافه کردن لباس در حین شستشو برنامه اختصاصی شستشوی لباس‌های زیر (Lingerie Care) برنامه شستشوی سریع (Go Quick),تسمه‌ای,,,,,,اضافه کردن لباس حین کار,,,,,
72,GPLUS-WM-GWM-P87W,,,درب از جلو,۱۲۰۰ دور در دقیقه,۸ کیلوگرم,به سمت چپ,,,۲۹۰۰۳۱۷۸۰۷۷۰۶,,۸۵ سانتی‌متر,۵۶ سانتی‌متر,۶۰ سانتی‌متر,,۱۴ برنامه‌ی اصلی و ۶ برنامه‌ی تکمیلی شستشو / شستشوی سریع در ۳۰ دقیقه (Quick ۳۰) / برنامه شستشو در شب با صدای کم و حرکت آرام دیگ (Night Wash) / انجام شستشو در زمان دلخواه (Time Delay) / برنامه شستشوی بهداشتی (Hygiene Mate) / ۶ حرکت شستشو,دایرکت درایو (Direct Drive),,+++A,درب از جلو,اتوماتیک,,نمایشگر,,,۱۴ عدد,,
73,GPLUS-WM-GWM-P870W,,,درب از بالا,۱۲۰۰ دور در دقیقه,۸ کیلوگرم,به سمت چپ,,,۲۹۰۰۳۱۷۸۰۷۴۷۸,,۸۵ سانتی‌متر,۵۶ سانتی‌متر,۶۰ سانتی‌متر,۸۵x۵۶x۶۰ سانتی‌متر,,دایرکت درایو (Direct Drive),,,درب از جلو,اتوماتیک,,برنامه پذیری,,,,,
74,GPLUS-WM-GWM-P88W,,لمسی,درب از جلو,۱۴۰۰ دور در دقیقه,۸ کیلوگرم,به سمت چپ,,شست‌وشوی سریع,۲۹۰۰۳۱۷۸۰۷۶۸۳,,۸۵ سانتی‌متر,۵۶ سانتی‌متر,۶۰ سانتی‌متر,,موتور پیشرفته با تکنولوژی Direct Drive Inverter / دارای ۶ برنامه تکمیلی / قابلیت ضد آلرژی / قابلیت از بین بردن انواع لکه‌ها (Stain) / برنامه اختصاصی جهت شست‌وشوی لباس کودکان با قابلیت بخار (KidsWear Steam) / برنامه شست‌وشو در شب با صدای کم و حرکت آرام دیگ (Night Wash) / مجهز به شست‌وشوی بخار (Steam Cloud),دایرکت درایو (Direct Drive),,,درب از جلو,اتوماتیک,A+++,اضافه کردن لباس حین کار,,,۱۴ عدد,,
75,GPLUS-WM-GWM-L88S,,صفحه نمایش,درب از جلو,۱۴۰۰ دور در دقیقه,۸ کیلوگرم,به سمت چپ,,شست‌وشوی سریع,۲۹۰۰۳۱۷۸۰۶۵۴۹,,۸۵ سانتی‌متر,۵۶ سانتی‌متر,۶۰ سانتی‌متر,۸۵x۵۶x۶۰ سانتی‌متر,شستشوی سریع در ۳۰ دقیقه (Quick ۳۰) قابلیت اضافه کردن لباس در حین شستشو (Add clothes) قابلیت ضد آلرژی قابلیت از بین بردن انواع لکه‌ها (Stain) برنامه شستشو در شب با صدای کم و حرکات آرام دیگ (Night Wash) انجام شستشو در زمان دلخواه (Time Delay) مجهز به شستشوی بخار (Steam Cloud) برنامه اختصاصی جهت شستشوی لباس کودکان با قابلیت بخار (KidsWear Steam),دایرکت درایو (Direct Drive),,,,,,بخارشوی,,,,,
76,GPLUS-WM-GWM-P880W,,,درب از جلو,۱۴۰۰ دور در دقیقه,۸ کیلوگرم,به سمت چپ,,,۲۹۰۰۳۱۷۸۰۷۵۱۵,,۸۵ سانتی‌متر,۵۶ سانتی‌متر,۶۰ سانتی‌متر,۸۵x۵۶x۶۰ سانتی‌متر,- شستشوی سریع در ۳۰ دقیقه (Quick ۳۰) - قابلیت اضافه کردن لباس در حین شستشو (Add clothes) - قابلیت ضد آلرژی - قابلیت از بین بردن انواع لکه‌ها (Stain) - برنامه شستشو در شب با صدای کم و حرکات آرام دیگ (Night Wash) - انجام شستشو در زمان دلخواه (Time Delay) - مجهز به شستشوی بخار (Steam Cloud) - برنامه اختصاصی جهت شستشوی لباس کودکان با قابلیت بخار (KidsWear Steam) - ۱۴ برنامه,دایرکت درایو (Direct Drive),A,A+++,درب از جلو,اتوماتیک,,برنامه پذیری,,,,,
77,GPLUS-WM-GWM-L870S,,صفحه نمایش,درب از جلو,۱۲۰۰ دور در دقیقه,۸ کیلوگرم,به سمت چپ,,لباس بچه (Baby Care),۲۹۰۰۳۱۷۸۰۶۶۹۳,,۸۵ سانتی‌متر,۵۶ سانتی‌متر,۶۰ سانتی‌متر,۸۵x۵۶x۶۰ سانتی‌متر,قابلیت از بین بردن انواع لکه‌ها (Stain) برنامه شستشو در شب با صدای کم و حرکات آرام دیگ (Night Wash) انجام شستشو در زمان دلخواه (Time Delay) برنامه شستشوی اختصاصی لباس کودکان (Kids Wear) تعداد ۶ آپشن تکمیلی برای شستشو قابلیت تشخیص وزن لباس شستشوی سریع در ۳۰ دقیقه (Quick ۳۰) قابلیت اضافه کردن لباس در حین شستشو (Add clothes) برنامه شستشوی بهداشتی (Hygiene Mate),بدون تسمه,,,,,,اضافه کردن لباس حین کار,,,,,
78,GPLUS-WM-GWM-P990W,,صفحه نمایش,درب از جلو,۱۴۰۰ دور در دقیقه,۹ کیلوگرم,به سمت چپ,,,۲۹۰۰۳۱۷۸۰۷۵۲۲,,۸۵ سانتی‌متر,۵۶ سانتی‌متر,۶۰ سانتی‌متر,۸۵x۵۶x۶۰ سانتی‌متر,قابلیت ضد آلرژی قابلیت از بین بردن انواع لکه‌ها (Stain) برنامه شستشو در شب با صدای کم و حرکات آرام دیگ (Night Wash) انجام شستشو در زمان دلخواه (Time Delay) سیستم شستشوی کامل و سریع Thunder Wash تکنولوژی بخارشوی Turbo Steam قابلیت ضد چروک نمودن لباسها با بخار Refresh Steam قابلیت تشخیص وزن لباس مجهز به ۶ حرکت شستشو شستشوی سریع در ۱۴ دقیقه (Go Quick ۱۴),دایرکت درایو (Direct Drive),,,درب از جلو,اتوماتیک,,اضافه کردن لباس حین کار,,,,,
79,GPLUS-WM-GWM-P990S,,نشانگر LED,درب از جلو,۱۴۰۰ دور در دقیقه,۹ کیلوگرم,به سمت چپ,,,۲۹۰۰۳۱۷۸۰۷۴۸۵,,۸۵ سانتی‌متر,۵۶ سانتی‌متر,۶۰ سانتی‌متر,۸۵x۵۶x۶۰ سانتی‌متر,قابلیت ضد آلرژی قابلیت از بین بردن انواع لکه‌ها (Stain) برنامه شستشو در شب با صدای کم و حرکات آرام دیگ (Night Wash) انجام شستشو در زمان دلخواه (Time Delay) سیستم شستشوی کامل و سریع Thunder Wash تکنولوژی بخارشوی Turbo Steam قابلیت ضد چروک نمودن لباسها با بخار Refresh Steam قابلیت تشخیص وزن لباس مجهز به ۶ حرکت شستشو شستشوی سریع در ۱۴ دقیقه (Go Quick ۱۴) قابلیت اضافه کردن لباس در حین شستشو,دایرکت درایو (Direct Drive),,,درب از جلو,اتوماتیک,,اضافه کردن لباس حین کار,,,,,
80,GPLUS-WM-GWM-M9341T,,,درب از جلو,۱۴۰۰ دور در دقیقه,۹ کیلوگرم,به سمت چپ,,,۲۹۰۰۳۱۷۸۰۷۱۹۵,,۸۵ سانتی‌متر,۶۰ سانتی‌متر,۶۰ سانتی‌متر,,,اینورتر (Inverter),,,,,,,,,,,
81,GPLUS-WM-GWM-M9540W,,نشانگر LED,درب از جلو,۱۴۰۰ دور در دقیقه,۹ کیلوگرم,به سمت راست,,,۲۹۰۰۳۱۷۸۰۷۲۰۱,,۸۵ سانتی‌متر,۵۸ سانتی‌متر,۶۰ سانتی‌متر,۸۵.۰x۵۸.۰x۶۰.۰ سانتی‌متر,- گريد انرژي: A+++ - رتبه مصرف آب: C - مشخصات موتور: مجهز به موتور Brushless هوشمند با تکنولوژی ECO Power Inverter - تعداد برنامه: ۱۶ - تعداد آپشن تکمیلی برای شستشو: ۷ - قابلیت اضافه کردن لباس در حین شستشو - برنامه اختصاصی شستشوی لباس‌های زیر (Lingerie Care) - برنامه شستشوی سریع (Go Quick) - طراحی ارگونومیک(متناسب با بدن) - برنامه اختصاصی جهت شستشوی قدرتمند اقلام بسیار کثیف Strong Wash - قابلیت از بین بردن انواع لکه‌ها (Stain) - مجهز به برنامه شستشوی لباس کودکان (Baby Care) - برنامه خاص شستشوی لباس‌های رنگی (Colors) - برنامه شستشو در شب با صدای کم و حرکات آرام دیگ (Night Wash) - انجام شستشو در زمان دلخواه (Time Delay),تسمه‌ای,,,,,,,,,,,
82,GPLUS-WM-GWM-L808S,,,درب از جلو,۱۴۰۰ دور در دقیقه,۸ کیلوگرم,به سمت چپ,,,۲۹۰۰۳۱۷۸۰۷۱۵۷,,۸۵ سانتی‌متر,۵۶ سانتی‌متر,۶۰ سانتی‌متر,۸۵.۰x۵۶.۰x۶۰.۰ سانتی‌متر,- رده مصرف انرژی: A+++ - مشخصات موتور: موتور پیشرفته با تکنولوژی Direct Drive Inverter - تعداد برنامه شستشو : ۱۴ برنامه اصلی - تعداد آپشن تکمیلی برای شستشو: ۶ برنامه تکمیلی - قابلیت تشخیص وزن لباس - مجهز به ۶ حرکت شستشو - قابلیت ضد آلرژی - قابلیت از بین بردن انواع لکه‌ها (Stain) - برنامه شستشو در شب با صدای کم و حرکات آرام دیگ (Night Wash) - انجام شستشو در زمان دلخواه (Time Delay) - مجهز به شستشوی بخار (Steam Cloud) - برنامه اختصاصی جهت شستشوی لباس کودکان با قابلیت بخار (KidsWear Steam),اینورتر (Inverter),,,,,,اضافه کردن لباس حین کار,,,,,
83,GPLUS-WM-GWM-M9542T,,نشانگر LED,درب از جلو,۱۴۰۰ دور در دقیقه,۹ کیلوگرم,به سمت راست,,,۲۹۰۰۳۱۷۸۰۷۱۷۱,,۸۵ سانتی‌متر,۵۸ سانتی‌متر,۶۰ سانتی‌متر,۸۵.۰x۵۸.۰x۶۰.۰ سانتی‌متر,- گريد انرژي: A+++ - رتبه مصرف آب: C - مشخصات موتور: مجهز به موتور Brushless هوشمند با تکنولوژی ECO Power Inverter - تعداد برنامه: ۱۶ - تعداد آپشن تکمیلی برای شستشو: ۷ - قابلیت اضافه کردن لباس در حین شستشو - برنامه اختصاصی شستشوی لباس‌های زیر (Lingerie Care) - برنامه شستشوی سریع (Go Quick) - طراحی ارگونومیک(متناسب با بدن) - برنامه اختصاصی جهت شستشوی قدرتمند اقلام بسیار کثیف Strong Wash - قابلیت از بین بردن انواع لکه‌ها (Stain) - مجهز به برنامه شستشوی لباس کودکان (Baby Care) - برنامه خاص شستشوی لباس‌های رنگی (Colors) - برنامه شستشو در شب با صدای کم و حرکات آرام دیگ (Night Wash) - انجام شستشو در زمان دلخواه (Time Delay),تسمه‌ای,,,,,,,,,,,
84,GPLUS-WM-GWM-MD106T,,صفحه نمایش,درب از جلو,۱۴۰۰ دور در دقیقه,۱۰.۵ کیلوگرم,به سمت چپ,,آبکشی + چرخش,۲۸۰۰۰۰۲۹۴۹۷۵۲,,۸۵۰ سانتی‌متر,۵۸۰ سانتی‌متر,۵۹۵ سانتی‌متر,۵۹۵x۵۸۰x۸۵۰ سانتی‌متر,قابلیت اضافه کردن لباس در حین شستشو برنامه اختصاصی جهت ضد عفونی کردن سنسور تشخیص وزن لباس قابلیت ضد آلرژی برنامه شستشوی سریع (Go Quick),اینورتر (Inverter),,,,,,,,,,,
85,GPLUS-WM-GWM-MD109BS,,نشانگر LED,درب از جلو,۱۴۰۰ دور در دقیقه,۱۰.۵ کیلوگرم,به سمت چپ,,,۲۸۰۰۰۰۳۶۰۵۴۸۰,,۸۵ سانتی‌متر,۵۸ سانتی‌متر,۵۹.۵ سانتی‌متر سانتی‌متر,,- موتور پیشرفته با تکنولوژی Direct Drive Inverter - مصرف انرژی A+++ - دارای سیستم خشک کن ۱۰۰% با ظرفیت ۶ کیلوگرم - دارای ۱۶ برنامه شستشوی اصلی و ۶ برنامه تکمیلی - مجهز به شستشو با بخار - برنامه ضد عفونی کامل لباس - امکان تنظیم دلخواه زمان شستشو - دارای برنامه جهت شستشوی سریع لباس - قابلیت از بین بردن چروک لباس ها - برنامه ضدعفونی لباس ها با مواد ضد باکتری - برنامه جهت شستشو و استریلیزه لباس‌ها - دارای برنامه شستشو لباس‌هایی از جنس پر - قابلیت افزودن لباس در حین کار - مجهز به انجام شستشو در زمان دلخواه - ثابلیت شسشتو و ضد عفونی دیگ,,,,,,,,,,,,
86,GPLUS-WM-GWM-L730W,,,درب از جلو,۱۲۰۰ دور در دقیقه,۷ کیلوگرم,به سمت چپ,,,۲۹۰۰۳۱۷۸۰۶۸۵۳,,۸۵ سانتی‌متر,۵۱ سانتی‌متر,۵۹۵ سانتی‌متر,۵۱x۵۹.۵x۸۵ سانتی‌متر,برنامه اختصاصی شستشوی اقلام از جنس پر مجهز به برنامه شستشوی لباس کودکان انجام شستشو در زمان دلخواه برنامه شستشوی کامل و به صرفه به منظور کاهش مصرف آب و برق ECO,دایرکت درایو (Direct Drive),,,,,,,,,,,
87,GPLUS-WM-GWM-K8220W,,صفحه نمایش,درب از جلو,۱۴۰۰ دور در دقیقه,۸ کیلوگرم,به سمت چپ,,لباس بچه (Baby Care),۲۹۰۰۳۱۷۸۰۶۰۶۸,,۸۵.۰ سانتی‌متر,۵۹.۵ سانتی‌متر,۶۰.۰ سانتی‌متر,۸۵.۰x۵۹.۵x۶۰.۰ سانتی‌متر,برنامه لکه بری اختصاصی تنظیم دستی دمای شستشو برنامه اختصاصی شستشوی لباس‌های زیر (Lingerie Care) برنامه شستشوی سریع (Go Quick) دارای ۱۵ برنامه اصلی شستشو و ۷ برنامه تکمیلی دارای سنسور به منظور تنظیم آب مصرفی متناسب با وزن لباس قابلیت اضافه کردن لباس در حین شستشو برنامه اختصاصی شستشوی لباس‌های زمستانی Timer قابلیت ضد آلرژی دارای موتور هوشمند BLDC مجهز به فناوری Eco Power Inverter امکان شستشو با آب سرد دارای تایمر برای انجام شستشو در زمان دلخواه (Start Delay) برنامه شستشوی سریع برنامه شستشو لباس کودکان (Kids wear) برنامه شستشو لباس های رنگی برنامه شستشوی لباس های سنگین زمستانی (Winter Cloth) برنامه ECO برای صرفه جویی در مصرف انرژی برنامه شستشوی لباس‌های حساس برنامه شستشوی لبا سهای رنگی Colors,تسمه‌ای,,,,,,,,,,,
88,GPLUS-WM-GWM-M730T,,,درب از جلو,۱۲۰۰ دور در دقیقه,۷ کیلوگرم,به سمت چپ,,,۲۹۰۰۳۱۷۸۰۷۴۱۶,,۸۵ سانتی‌متر,۵۱ سانتی‌متر,۵۹.۵ سانتی‌متر,۵۱x۵۹.۵x۸۵ سانتی‌متر,برنامه اختصاصی شستشوی اقلام از جنس پر مجهز به برنامه شستشوی لباس کودکان انجام شستشو در زمان دلخواه برنامه شستشوی کامل و به صرفه به منظور کاهش مصرف آب و برق ECO,دایرکت درایو (Direct Drive),,,,,,,,,,,
89,GPLUS-WM-GWM-K8340W,,صفحه نمایش,درب از جلو,۱۴۰۰ دور در دقیقه,۸ کیلوگرم,به سمت چپ,,شست‌وشوی سریع,۲۹۰۰۳۱۷۸۰۶۱۳۶,,۸۵ سانتی‌متر,۶۰ سانتی‌متر,۶۰ سانتی‌متر,۸۵۰x۵۹۵x۶۰۰ سانتی‌متر,قابلیت تشخیص وزن لباس قابلیت اضافه کردن لباس در حین شستشو برنامه لکه بری اختصاصی تنظیم دستی دمای شستشو برنامه اختصاصی شستشوی لباس‌های زیر (Lingerie Care) برنامه شستشوی سریع (Go Quick) قابلیت ضد آلرژی برنامه اختصاصی شستشوی لباس‌های زمستانی Timer,تسمه‌ای,,,,,,اضافه کردن لباس حین کار,,,,,
90,GPLUS-WM-GWM-MD106W,,صفحه نمایش,درب از جلو,۱۴۰۰ دور در دقیقه,۱۰.۵ کیلوگرم,به سمت چپ,,آبکشی + چرخش,۲۸۰۰۰۰۲۹۴۹۸۰۶,,۸۵۰ سانتی‌متر,۵۸۰ سانتی‌متر,۵۹۵ سانتی‌متر,۸۵۰x۵۸۰x۵۹۵ سانتی‌متر,برنامه اختصاصی جهت ضد عفونی کردن سنسور تشخیص وزن لباس برنامه شستشوی سریع (Go Quick) برنامه اختصاصی شستشوی اقلام از جنس پر Timer قابلیت ضد آلرژی مجهز به برنامه Ozone Wash برای ضدعفونی کامل لباس‌ها بدون نیاز به آب و مواد شوینده,اینورتر (Inverter),,,,,,,,,,,
91,GPLUS-WM-GWM-PD107BS,,نشانگر LED,درب از جلو,۱۴۰۰ دور در دقیقه,۱۰.۵ کیلوگرم,به سمت چپ,,,۲۸۰۰۰۰۶۰۸۵۸۴۵,,۸۵ سانتی‌متر,۵۸ سانتی‌متر,۵۹.۵ سانتی‌متر,,- موتور پیشرفته با تکنولوژی Direct Drive Inverter - مصرف انرژی A+++ - دارای سیستم خشک کن ۱۰۰% با ظرفیت ۶ کیلوگرم - دارای ۱۶ برنامه شستشوی اصلی و ۶ برنامه تکمیلی - مجهز به شستشو با بخار - برنامه ضد عفونی کامل لباس - امکان تنظیم دلخواه زمان شستشو - دارای برنامه جهت شستشوی سریع لباس - قابلیت از بین بردن چروک لباس ها - برنامه ضدعفونی لباس ها با مواد ضد باکتری - برنامه جهت شستشو و استریلیزه لباس‌ها - دارای برنامه شستشو لباس‌هایی از جنس پر - قابلیت افزودن لباس در حین کار - مجهز به انجام شستشو در زمان دلخواه - ثابلیت شسشتو و ضد عفونی دیگ,,,,,,,,,,,,
92,GPLUS-WM-GWM-M104W,,صفحه نمایش,درب از جلو,۱۴۰۰ دور در دقیقه,۱۰.۵ کیلوگرم,به سمت چپ,,شست‌وشوی سریع,۲۸۰۰۰۰۲۹۵۰۴۲۰,,۸۵.۰ سانتی‌متر,۵۸.۰ سانتی‌متر,۵۹.۵ سانتی‌متر,۵۸.۰x۵۹.۵x۸۵.۰ سانتی‌متر,در از جلو مجهز به موتور BLDC با تکنولوژی ECO Power Inverter تعداد برنامه شست‌وشو: ۱۶ برنامه شستشوی اصلی تعداد آپشن تکمیلی برای شست‌وشو: ۹ برنامه تکمیلی سنسور تشخیص وزن لباس قابلیت اضافه کردن لباس در حین شست‌وشو برنامه اختصاصی جهت ضد عفونی کردن برنامه اختصاصی شست‌وشو لباس‌های زیر (Lingerie Care) برنامه شست‌وشو سریع (Go Quick) قابلیت ضد آلرژی برنامه اختصاصی شست‌وشو لباس‌های زمستانی Timer مجهز به برنامه Ozone Wash برای ضدعفونی کامل لباس‌ها بدون نیاز به آب و مواد شوینده رتبه مصرف آب B,تسمه‌ای,,,,,,,,,,,
93,GPLUS-WM-GWM-M9540T,,نشانگر LED,درب از جلو,۱۴۰۰ دور در دقیقه,۹ کیلوگرم,به سمت راست,,,۲۹۰۰۳۱۷۸۰۷۲۱۸,,۸۵ سانتی‌متر,۵۸ سانتی‌متر,۶۰ سانتی‌متر,۸۵.۰x۵۸.۰x۶۰.۰ سانتی‌متر,- گريد انرژي: A+++ - رتبه مصرف آب: C - مشخصات موتور: مجهز به موتور Brushless هوشمند با تکنولوژی ECO Power Inverter - تعداد برنامه: ۱۶ - تعداد آپشن تکمیلی برای شستشو: ۷ - قابلیت اضافه کردن لباس در حین شستشو - برنامه اختصاصی شستشوی لباس‌های زیر (Lingerie Care) - برنامه شستشوی سریع (Go Quick) - طراحی ارگونومیک(متناسب با بدن) - برنامه اختصاصی جهت شستشوی قدرتمند اقلام بسیار کثیف Strong Wash - قابلیت از بین بردن انواع لکه‌ها (Stain) - مجهز به برنامه شستشوی لباس کودکان (Baby Care) - برنامه خاص شستشوی لباس‌های رنگی (Colors) - برنامه شستشو در شب با صدای کم و حرکات آرام دیگ (Night Wash) - انجام شستشو در زمان دلخواه (Time Delay),تسمه‌ای,C,A+++,,,,,,,,,
94,GPLUS-WM-L87W,,صفحه نمایش,درب از جلو,۱۲۰۰ دور در دقیقه,۸ کیلوگرم,به سمت چپ,,لباس بچه (Baby Care),۲۹۰۰۳۱۷۸۰۶۵۷۰,,۸۵ سانتی‌متر,۵۶ سانتی‌متر,۶۰ سانتی‌متر,۸۵x۵۶x۶۰ سانتی‌متر,قابلیت از بین بردن انواع لکه‌ها (Stain) برنامه شستشو در شب با صدای کم و حرکات آرام دیگ (Night Wash) انجام شستشو در زمان دلخواه (Time Delay) برنامه شستشوی اختصاصی لباس کودکان (Kids Wear) تعداد ۶ آپشن تکمیلی برای شستشو قابلیت تشخیص وزن لباس شستشوی سریع در ۳۰ دقیقه (Quick ۳۰) قابلیت اضافه کردن لباس در حین شستشو (Add clothes) برنامه شستشوی بهداشتی (Hygiene Mate),دایرکت درایو (Direct Drive),,,,,,اضافه کردن لباس حین کار,,,,,
95,GPLUS-WM-GWM-M9542W,,نشانگر LED,درب از جلو,۱۴۰۰ دور در دقیقه,۹ کیلوگرم,به سمت راست,,,۲۹۰۰۳۱۷۸۰۷۲۲۵,,۸۵ سانتی‌متر,۵۸ سانتی‌متر,۶۰ سانتی‌متر,۸۵.۰x۵۸.۰x۶۰.۰ سانتی‌متر,- گريد انرژي: A+++ - رتبه مصرف آب: C - مشخصات موتور: مجهز به موتور Brushless هوشمند با تکنولوژی ECO Power Inverter - تعداد برنامه: ۱۶ - تعداد آپشن تکمیلی برای شستشو: ۷ - قابلیت اضافه کردن لباس در حین شستشو - برنامه اختصاصی شستشوی لباس‌های زیر (Lingerie Care) - برنامه شستشوی سریع (Go Quick) - طراحی ارگونومیک(متناسب با بدن) - برنامه اختصاصی جهت شستشوی قدرتمند اقلام بسیار کثیف Strong Wash - قابلیت از بین بردن انواع لکه‌ها (Stain) - مجهز به برنامه شستشوی لباس کودکان (Baby Care) - برنامه خاص شستشوی لباس‌های رنگی (Colors) - برنامه شستشو در شب با صدای کم و حرکات آرام دیگ (Night Wash) - انجام شستشو در زمان دلخواه (Time Delay),تسمه‌ای,C,A+++,,,,,,,,,
96,HISENSE-WM-WFH8012DS,,صفحه نمایش,درب از جلو,۱۲۰۰ دور در دقیقه,۸ کیلوگرم,به سمت چپ,,صرفه‌جویی (ECO),۲۹۰۰۰۶۳۴۰۰۰۵۳,,۸۵۰ سانتی‌متر,۶۰۰ سانتی‌متر,۶۰۰ سانتی‌متر,۶۰۰x۶۰۰x۸۵۰ سانتی‌متر,,,,,,,,,,,,,
97,MIDEA-WM-WU-24802,,صفحه نمایش,درب از جلو,۱۴۰۰ دور در دقیقه,۸ کیلوگرم,به سمت چپ,۷۶,لباس مشکی,۲۹۰۰۹۴۹۰۰۲۴۸۷,۵۳,۸۵۰ سانتی‌متر,۴۹۵ سانتی‌متر,۵۹۵ سانتی‌متر,,-قابلیت شستن لحاف و پتو -قابلیت خیساندن لباس -برنامه ریزی شستشوی ضدچروک(Anti Crease Wash) - قابلیت برنامه ریزی شستشوی شخصی(My Cycle) -برنامه مخصوص شستشوی لباس کودک(Kis Waer Wash) -قابلیت پیش شستشوی لباس (Pre Wash) -قابلیت اضافه و کم کردن لباس حین شستشوAdd Garment -برنامه شستشوی بدون صدا (Night Wash) -رتبه انرژی +++A -۱۶ برنامه شستشو -دارای قفل کودک,,,,,,,,۱۸۰-۰,,,۳۱۰,
98,PAKSHOMA-WM-BWF-40807WT,,صفحه نمایش,درب از جلو,۱۴۰۰ دور در دقیقه,۸ کیلوگرم,به سمت چپ,۷۶,صرفه‌جویی (ECO),۲۹۰۰۹۴۹۰۲۰۲۰۷,۵۴,۸۲ سانتی‌متر,۶۰ سانتی‌متر,۶۰ سانتی‌متر,۸۲x۶۰x۶۰ سانتی‌متر,- لباسشویی سری U -۱۶ برنامه اصلی +۴ برنامه کمکی -موتور اینورتر BLDC -مجهز به ورودی مستقل آب سرد و گرم جهت صرفه جویی در مصرف انرژی - صفحه نمایش تمام لمسی -سیستم کنترل کف خودکار -شستشو با قابلیت اتوکشی آسان -آبکش الماسه به جهت افزایش قدرت شستشو و خشک کن -دستگیره درب ارگونومی -قابلیت تاخیر در زمان شروع شستشو۱ تا ۲۴ساعتDELAY -قابلیت آبکشی اضافه البسهEXTRA RINSE -قابلیت تنظیم دمای آب(۲۰درجه تا ۹۰ درجه سانتیگراد) TEMP -قابلیت تنظیم سرعت دور خشک کن(۶۰۰ تا ۱۴۰۰دور بر دقیقه)SPIN -قابلیت اضافه یا کم کردن البسه در هر مرحله شستشوADD GARMENT(RELOAD) -برنامه شستشوی اقتصادی البسه نخی و کتان(مقرون به صرفه)COTTON ECO -برنامه شستشوی ملحفه و روتختیDUVET -برنامه شستشوی سریع ۱۵ دقیقه ایQUICK -برنامه شستشوی البسه حجیم و ضخیمBULKY -برنامه شستشوی البسه رنگیCOLOR WEAR -برنامه شستشوی خودکار دیگDRUM CLEAN -برنامه شستشوی البسه کودکانBaby care -برنامه شستشوی البسه ورزشیSport Wear -دارای درب الکترومگنتیک -سیستم شستشوی Automatic,تسمه‌ای,C,A++,,,,,۱۸۰,,,,
99,PAKSHOMA-WM-BWF-40902WT,,صفحه نمایش,درب از جلو,۱۴۰۰ دور در دقیقه,۹ کیلوگرم,به سمت چپ,,لباس بچه (Baby Care),۲۹۰۰۹۴۹۰۲۰۰۰۹,,۸۵ سانتی‌متر,۶۰ سانتی‌متر,۶۰ سانتی‌متر,W۶۰xD۶۰xH۸۵ سانتی‌متر,دارای ۱۶ برنامه شستشو اصلی و ۵ برنامه کمکی موتور پیشرفته کم مصرف BLDC قابلیت تاخیر در زمان شروع شستشو از ۱ تا ۲۴ ساعت قابلیت تنظیم سرعت دور خشک کن تا ۱۴۰۰ دور قابلیت تنظیم دمای آب تا ۹۰ درجه دیگ الماسه قابلیت اضافه یا کم کردن لباس در حین شستشو,تسمه‌ای,C,A++,,,,اضافه کردن لباس حین کار,۱۸۰,قفل کودک,,,
100,PAKSHOMA-WM-BWF-40904ST,,صفحه نمایش,درب از جلو,۱۴۰۰ دور در دقیقه,۹ کیلوگرم,به سمت چپ,۷۶,لباس بچه (Baby Care),۲۹۰۰۹۴۹۰۲۰۰۴۷,۵۴,۸۵ سانتی‌متر,۶۰ سانتی‌متر,۶۰ سانتی‌متر,۶۰x۶۰x۸۵ سانتی‌متر,- مجهز به موتور اینورتر BLDC - مجهز به ورودی مستقل آب سرد و گرم جهت صرفه جویی در مصرف انرژی - قابلیت تاخیر در زمان شروع شستشو۱ تا ۲۴ساعتDELAY - قابلیت آبکشی اضافه البسهEXTRA RINSE - شستشو با قابلیت اتوکشی آسان - قابلیت تنظیم دمای آب(۲۰درجه تا ۹۰ درجه سانتیگراد) TEMP - قابلیت تنظیم سرعت دور خشک کن(۶۰۰ تا ۱۴۰۰دور بر دقیقه)SPIN - قابلیت اضافه یا کم کردن البسه بعد از آغاز شستشوADD GARMENT(RELOAD) - برنامه شستشوی اقتصادی البسه نخی و کتان(مقرون به صرفه)COTTON ECO - برنامه شستشوی ملحفه و روتختیDUVET - برنامه شستشوی سریع ۱۵ دقیقه ای - برنامه شستشوی البسه حجیم و ضخیمBULKY - برنامه شستشوی البسه رنگیCOLOR WEAR - برنامه شستشوی خودکار دیگDRUM CLEAN - برنامه شستشوی البسه کودکانBAby care - برنامه شستشوی البسه ورزشیsport wear,اینورتر (Inverter),C,A++,,,,,۱۸۰,قفل کودک,,,
101,PAKSHOMA-WM-40901,,صفحه نمایش,درب از جلو,۱۴۰۰ دور در دقیقه,۹ کیلوگرم,به سمت چپ,,لباس بچه (Baby Care),۲۹۰۰۹۴۹۰۱۹۸۳۶,,۸۵ سانتی‌متر,۶۰ سانتی‌متر,۶۰ سانتی‌متر,W۶۰xD۶۰xH۸۵ سانتی‌متر,دارای ۱۶ برنامه شستشو اصلی و ۳ برنامه کمکی موتور پیشرفته کم مصرف BLDC قابلیت تاخیر در زمان شروع شستشو از ۱ تا ۲۴ ساعت قابلیت تنظیم سرعت دور خشک کن تا ۱۴۰۰ دور قابلیت تنظیم دمای آب تا ۹۰ درجه دیگ الماسه قابلیت اضافه یا کم کردن لباس در حین شستشو,تسمه‌ای,C,A++,,,,اضافه کردن لباس حین کار,۱۸۰,,,,
102,PAKSHOMA-WM-BWF-40108iST,,,درب از جلو,۱۴۰۰ دور در دقیقه,۹ کیلوگرم,به سمت چپ,,,۲۹۰۰۹۴۹۰۲۲۰۹۶,۵۴,۸۵ سانتی‌متر,۶۰ سانتی‌متر,۶۰ سانتی‌متر,۸۵x۶۰x۶۰ سانتی‌متر,,BLDC,,۱۹۶,,,,,۱۸۰,,,,
103,PAKSHOMA-WM-UWF-20800WT,,,درب از جلو,۱۲۰۰ دور در دقیقه,۸ کیلوگرم,به سمت چپ,,,۲۹۰۰۹۴۹۰۲۱۸۲۲,,۸۵ سانتی‌متر,۵۴ سانتی‌متر,۶۰ سانتی‌متر,۸۵x۶۰x۵۴ سانتی‌متر,,Universal,,,,,,,۱۸۰,,,,
104,PAKSHOMA-WM-BWF-40702ST,,,درب از جلو,۱۴۰۰ دور در دقیقه,۷ کیلوگرم,به سمت چپ,,لباس بچه (Baby Care),۲۹۰۰۹۴۹۰۱۹۹۷۳,۵۴db,۸۵ سانتی‌متر,۵۴ سانتی‌متر,۶۰ سانتی‌متر,D۵۴x۶۰Wx۸۵H سانتی‌متر,دارای ۱۶ برنامه شستشو اصلی و ۵ برنامه کمکی ، موتور پیشرفته کم مصرف BLDC ، قابلیت تاخیر در زمان شروع شستشو از ۱ تا ۲۴ ساعت، قابلیت تنظیم سرعت دور خشک کن تا ۱۴۰۰ دور ، قابلیت تنظیم دمای آب تا ۹۰ درجه، دیگ الماسه، قابلیت اضافه یا کم کردن لباس در حین شستشو,تسمه‌ای,c,++A,,,,اضافه کردن لباس حین کار,۱۸۰ درجه,سیستم قفل ایمنی,,,
105,PAKSHOMA-WM-BWF-40804WT,,,درب از جلو,۱۴۰۰ دور در دقیقه,۸ کیلوگرم,به سمت چپ,,,۲۹۰۰۹۴۹۰۲۰۱۸۴,,۶۰ سانتی‌متر,۵۴ سانتی‌متر,۸۵ سانتی‌متر,۶۰x۵۴x۸۵ سانتی‌متر,۱۶ برنامه اصلی و ۳ برنامه کمکی / مجهز به ورودی مستقل آب سرد و گرم جهت صرفه‌جویی در مصرف انرژی / دارای طلق محافظ رو درب جهت ایمنی و جلوگیری از اتلاف انرژی / قابلیت تاخیر در زمان شروع شستشو (۱ تا ۲۴ ساعت (DELAY) / قابلیت آبکشی اضافه البسه (EXTRA RINSE) / شستشو با قابلیت اتوکشی آسان / قابلیت تنظیم دمای آب (۲۰درجه تا ۹۰ درجه سانتیگراد) (TEMP) / قابلیت تنظیم سرعت دور خشک کن (۶۰۰ تا ۱۴۰۰دور بر دقیقه) (SPIN) /,تسمه‌ای,,,,,,,,,,,
106,PAKSHOMA-WM-BWF-40808WT,,صفحه نمایش,درب از جلو,۱۴۰۰ دور در دقیقه,۸ کیلوگرم,به سمت چپ,۷۸,صرفه‌جویی (ECO),۲۹۰۰۹۴۹۰۱۳۸۰۳,۵۹,۸۵ سانتی‌متر,۶۰ سانتی‌متر,۶۰ سانتی‌متر,,دارای ۴ برنامه کمکی / شست‌وشو با قابلیت اتوکشی آسان / مجهز به درام الماسه به جهت افزایش قدرت شست‌وشو و خشک‌کن / قابلیت آبکشی اضافه البسه (Extra Rinse) / قابلیت تنظیم سرعت دور خشک‌کن (۶۰۰ تا ۱۴۰۰دور بر دقیقه) (Spin) / دارای برنامه شست‌وشوی ملحفه و روتختی (Duvet) / برنامه شست‌وشوی سریع ۱۵ دقیقه‌ای (Quick) / برنامه شست‌وشوی البسه حجیم و ضخیم (Bulky) / برنامه شست‌وشوی البسه رنگی (Color Wear) / برنامه شست‌وشوی البسه ورزشی (Sport Wear) / دارای درب الکترومگنتیک,تسمه‌ای,C,,درب از جلو,اتوماتیک,A++,لوله ورودی آب سرد و گرم,۱۸۰,,۱۶ عدد,,
107,PAKSHOMA-WM-BWF-40901WT,,صفحه نمایش,درب از جلو,۱۴۰۰ دور در دقیقه,۹ کیلوگرم,به سمت چپ,,لباس بچه (Baby Care),۲۹۰۰۹۴۹۰۱۹۲۱۸,,۸۵ سانتی‌متر,۶۰ سانتی‌متر,۶۰ سانتی‌متر,W۶۰xD۶۰xH۸۵ سانتی‌متر,دارای ۱۶ برنامه شستشو اصلی و ۳ برنامه کمکی موتور پیشرفته کم مصرف BLDC قابلیت تاخیر در زمان شروع شستشو از ۱ تا ۲۴ ساعت قابلیت تنظیم سرعت دور خشک کن تا ۱۴۰۰ دور قابلیت تنظیم دمای آب تا ۹۰ درجه دیگ الماسه قابلیت اضافه یا کم کردن لباس در حین شستشو,تسمه‌ای,C,A++,,,,اضافه کردن لباس حین کار,۱۸۰,قفل کودک,,,
108,PAKSHOMA-WM-UWF-20800iWT,,,درب از جلو,۱۲۰۰ دور در دقیقه,۸ کیلوگرم,به سمت چپ,,,۲۹۰۰۹۴۹۰۲۱۸۲۲,,۸۵ سانتی‌متر,۵۴ سانتی‌متر,۶۰ سانتی‌متر,۸۵x۶۰x۵۴ سانتی‌متر,,Universal,,,,,,,۱۸۰,,,,
109,PAKSHOMA-WM-BWF-40108WT,,,درب از جلو,۱۴۰۰ دور در دقیقه,۹ کیلوگرم,به سمت چپ,,,۲۹۰۰۹۴۹۰۲۲۰۹۶,۵۴,۸۵ سانتی‌متر,۶۰ سانتی‌متر,۶۰ سانتی‌متر,۸۵x۶۰x۶۰ سانتی‌متر,,BLDC,,۱۹۶,,,,,۱۸۰,,,,
110,PAKSHOMA-WM-BWF-40904WT,,صفحه نمایش,درب از جلو,۱۴۰۰ دور در دقیقه,۹ کیلوگرم,به سمت چپ,۷۶,لباس بچه (Baby Care),۲۹۰۰۹۴۹۰۲۰۰۳۰,۵۴,۸۵ سانتی‌متر,۶۰ سانتی‌متر,۶۰ سانتی‌متر,۶۰x۶۰x۸۵ سانتی‌متر,- مجهز به موتور اینورتر BLDC - مجهز به ورودی مستقل آب سرد و گرم جهت صرفه جویی در مصرف انرژی - قابلیت تاخیر در زمان شروع شستشو۱ تا ۲۴ساعتDELAY - قابلیت آبکشی اضافه البسهEXTRA RINSE - شستشو با قابلیت اتوکشی آسان - قابلیت تنظیم دمای آب(۲۰درجه تا ۹۰ درجه سانتیگراد) TEMP - قابلیت تنظیم سرعت دور خشک کن(۶۰۰ تا ۱۴۰۰دور بر دقیقه)SPIN - قابلیت اضافه یا کم کردن البسه بعد از آغاز شستشوADD GARMENT(RELOAD) - برنامه شستشوی اقتصادی البسه نخی و کتان(مقرون به صرفه)COTTON ECO - برنامه شستشوی ملحفه و روتختیDUVET - برنامه شستشوی سریع ۱۵ دقیقه ای - برنامه شستشوی البسه حجیم و ضخیمBULKY - برنامه شستشوی البسه رنگیCOLOR WEAR - برنامه شستشوی خودکار دیگDRUM CLEAN - برنامه شستشوی البسه کودکانBAby care - برنامه شستشوی البسه ورزشیsport wear,BLDC,C,A++,,,,,۱۸۰,قفل کودک,,,
111,PAKSHOMA-WM-BWF-40901W,,صفحه نمایش,درب از جلو,۱۴۰۰ دور در دقیقه,۹ کیلوگرم,به سمت چپ,,لباس بچه (Baby Care),۲۹۰۰۹۴۹۰۱۹۲۱۸,,۸۵ سانتی‌متر,۶۰ سانتی‌متر,۶۰ سانتی‌متر,W۶۰xD۶۰xH۸۵ سانتی‌متر,دارای ۱۶ برنامه شستشو اصلی و ۳ برنامه کمکی موتور پیشرفته کم مصرف BLDC قابلیت تاخیر در زمان شروع شستشو از ۱ تا ۲۴ ساعت قابلیت تنظیم سرعت دور خشک کن تا ۱۴۰۰ دور قابلیت تنظیم دمای آب تا ۹۰ درجه دیگ الماسه قابلیت اضافه یا کم کردن لباس در حین شستشو,تسمه‌ای,C,A++,,,,اضافه کردن لباس حین کار,۱۸۰,قفل کودک,,,
112,PAKSHOMA-WM-BWF-40901ST,,صفحه نمایش,درب از جلو,۱۴۰۰ دور در دقیقه,۹ کیلوگرم,به سمت چپ,,لباس بچه (Baby Care),۲۹۰۰۹۴۹۰۱۹۸۳۶,,۸۵ سانتی‌متر,۶۰ سانتی‌متر,۶۰ سانتی‌متر,W۶۰xD۶۰xH۸۵ سانتی‌متر,دارای ۱۶ برنامه شستشو اصلی و ۳ برنامه کمکی موتور پیشرفته کم مصرف BLDC قابلیت تاخیر در زمان شروع شستشو از ۱ تا ۲۴ ساعت قابلیت تنظیم سرعت دور خشک کن تا ۱۴۰۰ دور قابلیت تنظیم دمای آب تا ۹۰ درجه دیگ الماسه قابلیت اضافه یا کم کردن لباس در حین شستشو,تسمه‌ای,C,A++,,,,اضافه کردن لباس حین کار,۱۸۰,,,,
113,PAKSHOMA-WM-BWF-40103iWT,,,درب از جلو,۱۴۰۰ دور در دقیقه,۹ کیلوگرم,به سمت چپ,,,۲۹۰۰۹۴۹۰۲۲۰۲۷,۵۴,۸۵ سانتی‌متر,۶۰ سانتی‌متر,۶۰ سانتی‌متر,۸۵x۶۰x۶۰ سانتی‌متر,,BLDC,,,,,,,,,,,
114,PAKSHOMA-WM-BWF-40804iWT,,,درب از جلو,۱۴۰۰ دور در دقیقه,۸ کیلوگرم,به سمت چپ,,,۲۹۰۰۹۴۹۰۲۰۱۸۴,,۶۰ سانتی‌متر,۵۴ سانتی‌متر,۸۵ سانتی‌متر,۶۰x۵۴x۸۵ سانتی‌متر,۱۶ برنامه اصلی و ۳ برنامه کمکی / مجهز به ورودی مستقل آب سرد و گرم جهت صرفه‌جویی در مصرف انرژی / دارای طلق محافظ رو درب جهت ایمنی و جلوگیری از اتلاف انرژی / قابلیت تاخیر در زمان شروع شستشو (۱ تا ۲۴ ساعت (DELAY) / قابلیت آبکشی اضافه البسه (EXTRA RINSE) / شستشو با قابلیت اتوکشی آسان / قابلیت تنظیم دمای آب (۲۰درجه تا ۹۰ درجه سانتیگراد) (TEMP) / قابلیت تنظیم سرعت دور خشک کن (۶۰۰ تا ۱۴۰۰دور بر دقیقه) (SPIN) /,تسمه‌ای,,,,,,,,,,,
115,PAKSHOMA-WM-BWF-40807ST,,صفحه نمایش,درب از جلو,۱۴۰۰ دور در دقیقه,۸ کیلوگرم,به سمت چپ,۷۶,صرفه‌جویی (ECO),۲۹۰۰۹۴۹۰۲۰۲۱۴,۵۴,۸۲ سانتی‌متر,۶۰ سانتی‌متر,۶۰ سانتی‌متر,,- لباسشویی سری U -۱۶ برنامه اصلی +۴ برنامه کمکی -موتور اینورتر BLDC -مجهز به ورودی مستقل آب سرد و گرم جهت صرفه جویی در مصرف انرژی - صفحه نمایش تمام لمسی -سیستم کنترل کف خودکار -شستشو با قابلیت اتوکشی آسان -آبکش الماسه به جهت افزایش قدرت شستشو و خشک کن -دستگیره درب ارگونومی -قابلیت تاخیر در زمان شروع شستشو۱ تا ۲۴ساعتDELAY -قابلیت آبکشی اضافه البسهEXTRA RINSE -قابلیت تنظیم دمای آب(۲۰درجه تا ۹۰ درجه سانتیگراد) TEMP -قابلیت تنظیم سرعت دور خشک کن(۶۰۰ تا ۱۴۰۰دور بر دقیقه)SPIN -قابلیت اضافه یا کم کردن البسه در هر مرحله شستشوADD GARMENT(RELOAD) -برنامه شستشوی اقتصادی البسه نخی و کتان(مقرون به صرفه)COTTON ECO -برنامه شستشوی ملحفه و روتختیDUVET -برنامه شستشوی سریع ۱۵ دقیقه ایQUICK -برنامه شستشوی البسه حجیم و ضخیمBULKY -برنامه شستشوی البسه رنگیCOLOR WEAR -برنامه شستشوی خودکار دیگDRUM CLEAN -برنامه شستشوی البسه کودکانBaby care -برنامه شستشوی البسه ورزشیSport Wear -دارای درب الکترومگنتیک -سیستم شستشوی Automatic,تسمه‌ای,,,,,,,۱۸۰,,,,
116,PAKSHOMA-WM-UFW-20800W,,,درب از جلو,۱۲۰۰ دور در دقیقه,۸ کیلوگرم,به سمت چپ,,,۲۹۰۰۹۴۹۰۲۱۸۲۲,,۸۵ سانتی‌متر,۵۴ سانتی‌متر,۶۰ سانتی‌متر,۸۵x۶۰x۵۴ سانتی‌متر,,Universal,,,,,,,۱۸۰,,,,
117,PAKSHOMA-WM-TFB-96418WT,,صفحه نمایش,درب از جلو,۱۴۰۰ دور در دقیقه,۹ کیلوگرم,به سمت چپ,۷۶,لباس بچه (Baby Care),۲۹۰۰۹۴۹۰۱۴۱۹۰,۵۴,۸۵ سانتی‌متر,۶۰ سانتی‌متر,۶۰ سانتی‌متر,۶۰x۶۰x۸۵ سانتی‌متر,-لباسشویی سری L -۱۶ برنامه اصلی +۴ برنامه کمکی -موتور اینورتر BLDC -مجهز به ورودی مستقل آب سرد و گرم جهت صرفه جویی در مصرف انرژی -صفحه نمایش تمام لمسی -سیستم کنترل کف خودکار -شستشو با قابلیت اتوکشی آسان -آبکش الماسه به جهت افزایش قدرت شستشو و خشک کن -قابلیت تاخیر در زمان شروع شستشو۱ تا ۲۴ساعتDELAY -قابلیت آبکشی اضافه البسهEXTRA RINSE -قابلیت تنظیم دمای آب(۲۰درجه تا ۹۰ درجه سانتیگراد) TEMP -قابلیت تنظیم سرعت دور خشک کن(۶۰۰ تا ۱۴۰۰دور بر دقیقه)SPIN -قابلیت اضافه یا کم کردن البسه در هر مرحله شستشوADD GARMENT(RELOAD) -برنامه شستشوی اقتصادی البسه نخی و کتان(مقرون به صرفه)COTTON ECO -برنامه شستشوی ملحفه و روتختیDUVET -برنامه شستشوی سریع ۱۵ دقیقه ایQUICK -برنامه شستشوی البسه حجیم و ضخیمBULKY -برنامه شستشوی البسه رنگیCOLOR WEAR -برنامه شستشوی خودکار دیگDRUM CLEAN -برنامه شستشوی البسه کودکانBaby care -برنامه شستشوی البسه ورزشیSport Wear -دارای درب الکترومگنتیک -سیستم شستشوی Automatic,تسمه‌ای,,,,,,,۱۸۰,,,,
118,PAKSHOMA-WM-BWF-40107iST,,نشانگر LED,درب از جلو,۱۴۰۰ دور در دقیقه,۹ کیلوگرم,به سمت چپ,,Drum Clean,۲۹۰۰۹۴۹۰۲۹۹۵۸,,۸۵ سانتی‌متر,۶۰ سانتی‌متر,۶۰ سانتی‌متر,,دارای ۵ برنامه کمکی / مجهز به سیستم شست‌وشوی خودکار / دارای شست‌وشو سریع ۱۵ دقیقه‌ای (Quick Wash) / قابلیت تاخیر در زمان شروع شست‌وشو,تسمه‌ای,C,,درب از جلو,اتوماتیک,A++,لوله ورودی آب سرد و گرم,,قفل کودک,۱۶ عدد,,
119,PAKSHOMA-WM-BWF-40103iST,,,درب از جلو,۱۴۰۰ دور در دقیقه,۹ کیلوگرم,به سمت چپ,,,۲۹۰۰۹۴۹۰۲۲۰۲۷,۵۴,۸۵ سانتی‌متر,۶۰ سانتی‌متر,۶۰ سانتی‌متر,۸۵x۶۰x۶۰ سانتی‌متر,,BLDC,,,,,,,,,,,
120,PAKSHOMA-WM-BWF-40107iWT,,,درب از جلو,۱۴۰۰ دور در دقیقه,۹ کیلوگرم,به سمت چپ,,,۲۹۰۰۹۴۹۰۲۱۹۴۵,۷۶,۸۵ سانتی‌متر,۶۰ سانتی‌متر,۶۰ سانتی‌متر,۸۵x۶۰x۶۰ سانتی‌متر,,BLDC,,,,,,,,,,,
121,PAKSHOMA-WM-BWF-40808iWT,,صفحه نمایش,درب از جلو,۱۴۰۰ دور در دقیقه,۸ کیلوگرم,به سمت چپ,۷۸,صرفه‌جویی (ECO),۲۹۰۰۹۴۹۰۱۳۸۰۳,۵۹,۸۵ سانتی‌متر,۶۰ سانتی‌متر,۶۰ سانتی‌متر,,دارای ۴ برنامه کمکی / شست‌وشو با قابلیت اتوکشی آسان / مجهز به درام الماسه به جهت افزایش قدرت شست‌وشو و خشک‌کن / قابلیت آبکشی اضافه البسه (Extra Rinse) / قابلیت تنظیم سرعت دور خشک‌کن (۶۰۰ تا ۱۴۰۰دور بر دقیقه) (Spin) / دارای برنامه شست‌وشوی ملحفه و روتختی (Duvet) / برنامه شست‌وشوی سریع ۱۵ دقیقه‌ای (Quick) / برنامه شست‌وشوی البسه حجیم و ضخیم (Bulky) / برنامه شست‌وشوی البسه رنگی (Color Wear) / برنامه شست‌وشوی البسه ورزشی (Sport Wear) / دارای درب الکترومگنتیک,تسمه‌ای,C,,درب از جلو,اتوماتیک,A++,لوله ورودی آب سرد و گرم,۱۸۰,,۱۶ عدد,,
122,PAKSHOMA-WM-BWF-40108iWT,,,درب از جلو,۱۴۰۰ دور در دقیقه,۹ کیلوگرم,به سمت چپ,,,۲۹۰۰۹۴۹۰۲۲۰۹۶,۵۴,۸۵ سانتی‌متر,۶۰ سانتی‌متر,۶۰ سانتی‌متر,۸۵x۶۰x۶۰ سانتی‌متر,,BLDC,,۱۹۶,,,,,۱۸۰,,,,
123,PAKSHOMA-WM-BWF-40708ST,,صفحه نمایش,درب از جلو,۱۴۰۰ دور در دقیقه,۷ کیلوگرم,به سمت چپ,۷۸,صرفه‌جویی (ECO),۲۹۰۰۹۴۹۰۲۰۲۵۲,۵۹,۸۵ سانتی‌متر,۶۰ سانتی‌متر,۶۰ سانتی‌متر,۶۰x۶۰x۸۵ سانتی‌متر,-لباسشویی سری L -۱۶ برنامه اصلی +۴ برنامه کمکی -مجهز به ورودی مستقل آب سرد و گرم جهت صرفه جویی در مصرف انرژی -صفحه نمایش تمام لمسی -سیستم کنترل کف خودکار -شستشو با قابلیت اتوکشی آسان -آبکش الماسه به جهت افزایش قدرت شستشو و خشک کن -قابلیت تاخیر در زمان شروع شستشو۱ تا ۲۴ساعتDELAY -قابلیت آبکشی اضافه البسهEXTRA RINSE -قابلیت تنظیم دمای آب(۲۰درجه تا ۹۰ درجه سانتیگراد) TEMP -قابلیت تنظیم سرعت دور خشک کن(۶۰۰ تا ۱۴۰۰دور بر دقیقه)SPIN -قابلیت اضافه یا کم کردن البسه در هر مرحله شستشوADD GARMENT(RELOAD) -برنامه شستشوی اقتصادی البسه نخی و کتان(مقرون به صرفه)COTTON ECO -برنامه شستشوی ملحفه و روتختیDUVET -برنامه شستشوی سریع ۱۵ دقیقه ایQUICK -برنامه شستشوی البسه حجیم و ضخیمBULKY -برنامه شستشوی البسه رنگیCOLOR WEAR -برنامه شستشوی خودکار دیگDRUM CLEAN -برنامه شستشوی البسه کودکانBaby care -برنامه شستشوی البسه ورزشیSport Wear -دارای درب الکترومگنتیک -سیستم شستشوی Automatic,تسمه‌ای,,,,,,,۱۸۰,,,,
124,PAKSHOMA-WM-BWF-40116iWT,,,درب از جلو,۱۴۰۰ دور در دقیقه,۹ کیلوگرم,به سمت چپ,,,۲۹۰۰۹۴۹۰۲۱۷۰۹,,۸۵ سانتی‌متر,۶۰ سانتی‌متر,۷۰ سانتی‌متر,,,,,,,,A++,,,,,,
125,PAKSHOMA-WM-UFW-10700WT,,,درب از جلو,۱۰۰۰ دور در دقیقه,۷ کیلوگرم,به سمت چپ,,,۲۹۰۰۹۴۹۰۲۱۸۴۶,,۸۵ سانتی‌متر,۵۰ سانتی‌متر,۶۰ سانتی‌متر,۶۰x۵۰x۸۵ سانتی‌متر,۱۵ برنامه شستشو اصلی و ۵ آپشن کمکی,تسمه‌ای,C,A++,,,,,,,,,
126,PAKSHOMA-WM-BWF-40107WT,,,درب از جلو,۱۴۰۰ دور در دقیقه,۹ کیلوگرم,به سمت چپ,,,۲۹۰۰۹۴۹۰۲۱۹۴۵,۷۶,۸۵ سانتی‌متر,۶۰ سانتی‌متر,۶۰ سانتی‌متر,۸۵x۶۰x۶۰ سانتی‌متر,,BLDC,,,,,,,,,,,
127,PAKSHOMA-WM-BWF-40808ST,,صفحه نمایش,درب از جلو,۱۴۰۰ دور در دقیقه,۸ کیلوگرم,به سمت چپ,۷۸,صرفه‌جویی (ECO),۲۹۰۰۹۴۹۰۲۰۲۳۸,۵۹,۸۵ سانتی‌متر,۶۰ سانتی‌متر,۶۰ سانتی‌متر,۶۰x۶۰x۸۵ سانتی‌متر,-لباسشویی سری L -۱۶ برنامه اصلی +۴ برنامه کمکی -مجهز به ورودی مستقل آب سرد و گرم جهت صرفه جویی در مصرف انرژی -صفحه نمایش تمام لمسی -سیستم کنترل کف خودکار -شستشو با قابلیت اتوکشی آسان -آبکش الماسه به جهت افزایش قدرت شستشو و خشک کن -قابلیت تاخیر در زمان شروع شستشو۱ تا ۲۴ساعتDELAY -قابلیت آبکشی اضافه البسهEXTRA RINSE -قابلیت تنظیم دمای آب(۲۰درجه تا ۹۰ درجه سانتیگراد) TEMP -قابلیت تنظیم سرعت دور خشک کن(۶۰۰ تا ۱۴۰۰دور بر دقیقه)SPIN -قابلیت اضافه یا کم کردن البسه در هر مرحله شستشوADD GARMENT(RELOAD) -برنامه شستشوی اقتصادی البسه نخی و کتان(مقرون به صرفه)COTTON ECO -برنامه شستشوی ملحفه و روتختیDUVET -برنامه شستشوی سریع ۱۵ دقیقه ایQUICK -برنامه شستشوی البسه حجیم و ضخیمBULKY -برنامه شستشوی البسه رنگیCOLOR WEAR -برنامه شستشوی خودکار دیگDRUM CLEAN -برنامه شستشوی البسه کودکانBaby care -برنامه شستشوی البسه ورزشیSport Wear -دارای درب الکترومگنتیک -سیستم شستشوی Automatic,تسمه‌ای,,,,,,,۱۸۰,,,,
128,PAKSHOMA-WM-TFB86402,,صفحه نمایش,درب از جلو,۱۴۰۰ دور در دقیقه,۸ کیلوگرم,به سمت چپ,۷۶,لباس بچه (Baby Care),۲۹۰۰۹۴۹۰۱۴۷۹۴,,۸۵ سانتی‌متر,۵۵ سانتی‌متر,۶۰ سانتی‌متر,W۶۰xD۵۵xH۸۵ سانتی‌متر,دارای ۱۶ برنامه شستشو اصلی و ۵ برنامه کمکی موتور پیشرفته کم مصرف BLDC قابلیت تاخیر در زمان شروع شستشو از ۱ تا ۲۴ ساعت قابلیت تنظیم سرعت دور خشک کن تا ۱۴۰۰ دور قابلیت تنظیم دمای آب تا ۹۰ درجه دیگ الماسه قابلیت اضافه یا کم کردن لباس در حین شستشو,تسمه‌ای,C,A++,,,,,۱۸۰,قفل کودک,,,
129,PAKSHOMA-WM-UWF-20800ST,,,درب از جلو,۱۲۰۰ دور در دقیقه,۸ کیلوگرم,به سمت چپ,,,۲۹۰۰۹۴۹۰۲۱۸۲۲,,۸۵ سانتی‌متر,۵۴ سانتی‌متر,۶۰ سانتی‌متر,۸۵x۶۰x۵۴ سانتی‌متر,,Universal,,,,,,,۱۸۰,,,,
130,SAM-WM-Q1435W,,,درب از جلو,۱۴۰۰ دور در دقیقه,۸ کیلوگرم,به سمت چپ,,,۲۹۰۰۰۳۹۰۰۰۴۳۰,,۸۵ سانتی‌متر,۶۰ سانتی‌متر,۶۰ سانتی‌متر,,,,,,,,,,,,,,
131,SAM-WM-UN-Q1435/W,,,درب از جلو,۱۴۰۰ دور در دقیقه,۸ کیلوگرم,به سمت چپ,,,۲۹۰۰۰۳۹۰۰۰۴۳۰,,۸۵ سانتی‌متر,۶۰ سانتی‌متر,۶۰ سانتی‌متر,,,,,,,,,,,,,,
132,SAM-WM-BL-P1485I,,لمسی,درب از جلو,۱۴۰۰ دور در دقیقه,۹ کیلوگرم,به سمت چپ,,هوشمند,۲۹۰۱۴۹۳۳۰۱۲۲۴,,۸۵ سانتی‌متر,۶۰ سانتی‌متر,,,,دایرکت درایو (Direct Drive),,,,,,اضافه کردن لباس حین کار,,قفل کودک,,,
133,SAM-WM-BL-Q1465/W,,نشانگر LED,درب از جلو,۱۴۰۰ دور در دقیقه,۸ کیلوگرم,,,,۲۹۰۱۴۹۳۳۰۱۱۵۶,,۸۵ سانتی‌متر,۶۰ سانتی‌متر,,,,تسمه‌ای,,,,,,اضافه کردن لباس حین کار,,قفل کودک,,,
134,SAM-WM-BL-Q1465W,,نشانگر LED,درب از جلو,۱۴۰۰ دور در دقیقه,۸ کیلوگرم,,,,۲۹۰۱۴۹۳۳۰۱۱۵۶,,۸۵ سانتی‌متر,۶۰ سانتی‌متر,,,,تسمه‌ای,,,,,,اضافه کردن لباس حین کار,,قفل کودک,,,
135,SAM-WM-BL-Q1465/IN,,نمایشگر LCD,درب از جلو,۱۴۰۰ دور در دقیقه,۸ کیلوگرم,به سمت چپ,,,۲۹۰۰۰۳۹۰۰۰۴۸۵,,۸۵ سانتی‌متر,۶۰ سانتی‌متر,۵۹.۵ سانتی‌متر,۶۰x۵۹.۵x۸۵ سانتی‌متر,قابلیت اضافه کردن لباس حین شستشو مکانیزم اتوماتیک ۱۴برنامه شستشو هوشمند شستشوی سریع￼ در ۱۵دقیقه Inverter BLDC Motor قابلیت خیساندن لباس جهت حذف لکه های سخت شستشوی هوشمند,تسمه‌ای,,,,,,,,قفل کودک,,,
136,SAM-WM-BL-Q1475/IN,,نشانگر LED,درب از جلو,۱۴۰۰ دور در دقیقه,۸ کیلوگرم,,,,۲۹۰۱۴۹۳۳۰۱۲۶۲,,۸۵ سانتی‌متر,۶۰ سانتی‌متر,,,,تسمه‌ای,,,,,,اضافه کردن لباس حین کار,,قفل کودک,,,
137,SNOWA-WM-SWM-C80W,,لمسی,درب از جلو,۱۰۰۰ دور در دقیقه,۸ کیلوگرم,به سمت چپ,,شست‌وشوی سریع,۶۲۶۲۶۴۸۶۱۱۱۰۷,,۸۲.۵ سانتی‌متر,۶۰ سانتی‌متر,۵۹.۵ سانتی‌متر,,درام الماسه از جنس استیل ضد زنگ / دارای شست‌وشو و آبکشی شرعی (اسلامی) / دارای برنامه‌های شست‌وشوی الیاف مصنوعی (Feather)، لباس‌های پشمی (Wool)، لباس‌های ظریف (Delicate)، لباس‌های کتان (Cotton) / آبکشی اولیه (Pre-Wash) / دارای قفل کودک,Universal,C,,درب از جلو,اتوماتیک,A+++,نمایشگر,,عیب‌یابی خودکار,۱۵ عدد,,
138,SNOWA-WM-SWM-84W30,,,درب از جلو,۱۴۰۰ دور در دقیقه,۸ کیلوگرم,به سمت چپ,,شست‌وشوی سریع,۲۹۰۰۲۴۸۳۰۴۱۶۹,,۸۵ سانتی‌متر,۶۳ سانتی‌متر,۵۹ سانتی‌متر,,گرید انرژی : A+++ - نسل جدید موتور دیجیتال اینورتر - درب کاور دار بزرگ - خشک کن ۱۴۰۰ دور در دقیقه - شستشو همراه با بخار magic steam - تکنولوژی پیشرفته محافظت از موتور Guard tech S - - امکان ادامه شستشو در ادامه قطع برق - شستشو قوی لباسهای خیلی کثیف Intensive - درام الماسه نسل جدید - صفحه نمایش LED - شستشو در ۱۵ دقیقه,تسمه‌ای,,,,,,سیستم ایمنی هوشمند,,عیب‌یابی خودکار,,,
139,SNOWA-WM- SWM-81W‏20,,,درب از جلو,۱۰۰۰ دور در دقیقه,۸ کیلوگرم,به سمت راست,,,۲۹۰۰۲۴۸۳۰۵۰۳۶,,۸۲.۵ سانتی‌متر,۶۰ سانتی‌متر,۵۹.۵ سانتی‌متر,,۱۵ برنامه شستشو / گرید انرژی +++A,Universal,,,,,,,,,,,
140,SNOWA-WM-SWM1-84W40,,,درب از جلو,۱۴۰۰ دور در دقیقه,۸ کیلوگرم,به سمت چپ,۷۱,,۲۹۰۰۲۴۸۳۰۴۳۷۴,,۸۵ سانتی‌متر,۶۳.۵ سانتی‌متر,۵۹.۵ سانتی‌متر,۵۹.۵x۸۵x۶۳.۵ سانتی‌متر,نمايشگرLED با کنترل لمسی سیستم شستشوی سریع سیستم بالانس اتوماتیک البسه دارای درام الماسه نسل جدید دارای قابلیت آبکشی شرعی سیستم تمیزکننده خودکار (Self Clean) ارتقاء کیفیت شستشوی با سیستم Jet Wash دور موتور ۱۴۰۰ دور در دقیقه دارای هیتر نسل جدید Nickel Diffusion تکنولوژی پیشرفته محافظت از موتور,,,,,,,,,,,,
141,SNOWA-WM-SWM1-94W60,,,درب از جلو,۱۴۰۰ دور در دقیقه,۹ کیلوگرم,به سمت چپ,,,۲۹۰۰۲۴۸۳۰۴۰۶۰,,۸۵ سانتی‌متر,۶۳ سانتی‌متر,۶۰ سانتی‌متر,۶۳ × ۶۰ × ۸۵ سانتی‌متر,۱۴ برنامه,,C,A+++,,,,,,,,,
142,SNOWA-WM-SWM-94W60,,,درب از جلو,۱۴۰۰ دور در دقیقه,۹ کیلوگرم,به سمت چپ,,,۲۹۰۰۲۴۸۳۰۴۰۶۰,,۸۵ سانتی‌متر,۶۳ سانتی‌متر,۶۰ سانتی‌متر,۶۳ × ۶۰ × ۸۵ سانتی‌متر,۱۴ برنامه,,C,A+++,,,,,,,,,
143,SNOWA-WM-SWM-71S10,,نمایشگر LCD,درب از جلو,۱۰۰۰ دور در دقیقه,۷ کیلوگرم,به سمت چپ,,صرفه‌جویی (ECO),۲۹۰۰۲۴۸۳۰۴۱۳۸,۵۵db,۸۵ سانتی‌متر,۵۷ سانتی‌متر,۵۰ سانتی‌متر,۸۵x۶۲x۵۸ سانتی‌متر,نانو سیلور ۱۵ برنامه شستشو کم مصرف,تسمه‌ای,D,A+++,,,,,۱۲۰ درجه,قفل کودک,,۵۰۰,
144,SNOWA-WM- SWM-84W‏40,,نشانگر LED,درب از جلو,۱۴۰۰ دور در دقیقه,۸ کیلوگرم,به سمت چپ,,صرفه‌جویی (ECO),۲۹۰۰۲۴۸۳۰۲۴۳۱,,۸۵ سانتی‌متر,۶۳ سانتی‌متر,۵۹ سانتی‌متر,,سیستم ضد چروک، اتوکشی آسان/ سیستم بخارشوی Magic Steam/ سیستم گرم کننده Nickel Diffusion,اینورتر دیجیتال (Digital Inverter),c,A+++,,,A+++,برنامه پذیری,,,,,
145,SNOWA-WM- SWM-81S‏20,,صفحه نمایش,درب از جلو,۱۰۰۰ دور در دقیقه,۸ کیلوگرم,به سمت چپ,,,۲۹۰۰۲۴۸۳۰۵۰۲۹,,۸۲.۵ سانتی‌متر,۶۰ سانتی‌متر,۵۹.۵ سانتی‌متر,,دارای ۱۵ برنامه شستشو / دارای درام الماسه ماشین لباسشویی اسنوا / سیستم شستشو با تاخیر / سیستم ایمنی قفل کودک / لرزش و صدای کم / دکمه‌ های مکانیکی,Universal,,,,,A+++,,,,,,
146,SNOWA-WM-SWM-84S30,,,درب از جلو,۱۴۰۰ دور در دقیقه,۸ کیلوگرم,به سمت چپ,,شست‌وشوی سریع,۲۹۰۰۲۴۸۳۰۴۱۴۵,,۸۵ سانتی‌متر,۶۳ سانتی‌متر,۵۹ سانتی‌متر,۸۵x۵۹x۶۳ سانتی‌متر,گرید انرژی : A+++ - نسل جدید موتور دیجیتال اینورتر - درب کاور دار بزرگ - خشک کن ۱۴۰۰ دور در دقیقه - شستشو همراه با بخار magic steam - تکنولوژی پیشرفته محافظت از موتور Guard tech S - - امکان ادامه شستشو در ادامه قطع برق - شستشو قوی لباسهای خیلی کثیف Intensive - درام الماسه نسل جدید - صفحه نمایش LED - شستشو در ۱۵ دقیقه - ۱۵ برنامه,تسمه‌ای,C,A+++,,,,بخارشوی,,,,,
147,SNOWA-WM-SWM-A70S,,صفحه نمایش,درب از جلو,۱۰۰۰ دور در دقیقه,۷ کیلوگرم,به سمت چپ,,شست‌وشوی سریع,۲۹۰۰۲۴۸۳۰۵۲۸۹,,۸۴ سانتی‌متر,۵۷ سانتی‌متر,۵۹ سانتی‌متر,,مجهز به سیستم Magic Steam / دارای بدنه جدید ضد لرزش (Bodyguard) / حداکثر دور خشک‌کن ۱۲۰۰ دور در دقیقه / دارای کنترل پنل با راهنمای فارسی برنامه‌ها و آپشن‌ها,دایرکت درایو (Direct Drive),D,,درب از جلو,اتوماتیک,A+++,نمایشگر,,قفل کودک,۱۵ عدد,,
148,SNOWA-WM-SWM1-84S40,,نمایشگر LCD,درب از جلو,۱۴۰۰ دور در دقیقه,۸ کیلوگرم,به سمت چپ,,صرفه‌جویی (ECO),۲۹۰۰۲۴۸۳۰۳۸۷۲,۵۵db,۸۵ سانتی‌متر,۵۷ سانتی‌متر,۶۳ سانتی‌متر,۸۵x۶۲x۵۸ سانتی‌متر,- ۱۴ برنامه,BLDC,C,A+++,,,,بخارشوی,۱۲۰ درجه,قفل کودک,,۵۰۰,
149,SNOWA-WM-SWM-94S50,,,درب از جلو,۱۴۰۰ دور در دقیقه,۹ کیلوگرم,به سمت چپ,,تعطیلات (Vacation-Holiday),۲۹۰۰۲۴۸۳۰۳۸۸۹,,۸۵ سانتی‌متر,۵۹.۵ سانتی‌متر,۶۳.۵ سانتی‌متر,۸۵x۶۳.۵x۵۹.۵ سانتی‌متر,- سیستم اسپری آب و مواد شوینده - سیستم ضد چروک، اتوکشی آسان - سیستم چرخش آب - شروع شستشو با تاخیر - قفل کودک - آبکشی شرعی - ۱۴ برنامه,BLDC,A,A+++,,,,بخارشوی,,عیب‌یابی خودکار,,,
150,SNOWA-WM-SWM-D80W,,صفحه نمایش,درب از جلو,۱۴۰۰ دور در دقیقه,۸ کیلوگرم,به سمت چپ,۷۱ دسی‌بل,تاخیر در شستشو تا ۲۴ ساعت,۲۹۰۰۲۴۸۳۰۵۲۴۱,۵۱ دسی‌بل,۸۵ سانتی‌متر,۶۳.۵ سانتی‌متر,۵۹.۵ سانتی‌متر,,سیستم عیب‌یابی خودکار / سیستم ضد چروک / دیگ درام الماسه / دارای برنامه پیش شست‌وشو / امکان ذخیره تغیرات / دارای قابلیت بخارشوی / سیستم چرخش آب / برنامه شست‌وشوی لباس پشمی، کاموایی، ابریشمی، نخی، پنبه ای، حریر و ظریف، الیاف مصنوعی، لباس‌های ورزشی، لباس جین و لباس‌های تیره / دارای برنامه آبکشی شرعی,تسمه‌ای,C,,درب از جلو,اتوماتیک,A+++,نمایشگر,۱۲۰ درجه,قفل کودک,۱۴ عدد,,
151,SNOWA-WM-SWM-94W51,,,درب از جلو,۱۴۰۰ دور در دقیقه,۹ کیلوگرم,به سمت چپ,,تعطیلات (Vacation-Holiday),۲۹۰۰۲۴۸۳۰۴۲۶۸,,۸۵ سانتی‌متر,۶۳.۵ سانتی‌متر,۵۹.۵ سانتی‌متر,,سیستم اسپری آب و مواد شوینده سیستم ضد چروک، اتوکشی آسان سیستم چرخش آب شروع شستشو با تاخیر قفل کودک آبکشی شرعی,اینورتر دیجیتال (Digital Inverter),,,,,,,,عیب‌یابی خودکار,,,
152,SNOWA-WM-SWM-94S51,,,درب از جلو,۱۴۰۰ دور در دقیقه,۹ کیلوگرم,به سمت چپ,,,۲۹۰۰۲۴۸۳۰۴۵۳۴,,۸۸ سانتی‌متر,۵۹.۵ سانتی‌متر,۶۶ سانتی‌متر,۵۹.۵x۸۸x۶۶ سانتی‌متر,شستشوی سریع سیستم شستشو با تاخیر دارای درام الماسه نسل جدید دارای موتور دایرکت درایو بالانس اتوماتیک البسه قابلیت ادامه شستشو بعد از قطع برق کلاس انرژی +++A فناوری شستشوی همراه با بخار,دایرکت درایو (Direct Drive),,,,,,,,,,,
153,SNOWA-WM-SWM-71W10,,نمایشگر LCD,درب از جلو,۱۰۰۰ دور در دقیقه,۷ کیلوگرم,به سمت چپ,,صرفه‌جویی (ECO),۲۹۰۰۲۴۸۳۰۴۱۵۲,۵۵db,۸۵ سانتی‌متر,۵۷ سانتی‌متر,۶۳ سانتی‌متر,۸۵x۶۲x۵۸ سانتی‌متر,۱۵ برنامه ضد چروک,تسمه‌ای,D,A+++,,,,,۱۲۰ درجه,,,۵۰۰,
154,SNOWA-WM-SWM1-94s60,,,درب از جلو,۱۴۰۰ دور در دقیقه,۹ کیلوگرم,به سمت چپ,,شست‌وشوی سریع,۲۹۰۰۲۴۸۳۰۳۸۹۶,,۸۵.۰ سانتی‌متر,۶۳.۵ سانتی‌متر,۵۹.۵ سانتی‌متر,۸۵.۰x۶۳.۵x۵۹.۵ سانتی‌متر,نمایشگر لمسی دور خشک کن قابل تنظیم سیستم اسپری آب و مواد شوینده سیستم ضد چروک، اتوکشی آسان تعداد برنامه های شستشو ۱۴ رتبه انرژی A+++,تسمه‌ای,C,A+++,,,,اضافه کردن لباس حین کار,۱۵۰,,,,
155,ZEROWATT-WM-FCA4960W,,,درب از جلو,۱۴۰۰ دور در دقیقه,۹ کیلوگرم,به سمت چپ,,,۲۹۰۰۹۴۹۰۲۰۷۰۲,,۸۵ سانتی‌متر,۶۰ سانتی‌متر,۶۰ سانتی‌متر,,برنامه های شستشو ماشین لباسشویی زیرووات مدلFCA ۴۹۶۰ W : ۱۶ برنامه اصلی +۴ برنامه کمکی مجهز به ورودی مستقل آب سرد و گرم جهت صرفه جویی در مصرف انرژی سیستم کنترل کف خودکار شستشو با قابلیت اتوکشی آسان آبکش الماسه به جهت افزایش قدرت شستشو و خشک کن دستگیره درب ارگونومی قابلیت تاخیر در زمان شروع شستشو۱ تا ۲۴ساعتDELAY قابلیت آبکشی اضافه البسهEXTRA RINSE قابلیت تنظیم دمای آب(۲۰درجه تا ۹۰ درجه سانتیگراد) TEMP قابلیت تنظیم سرعت دور خشک کن(۶۰۰ تا ۱۴۰۰دور بر دقیقه)SPIN قابلیت اضافه یا کم کردن البسه در هر مرحله شستشوADD GARMENT(RELOAD) برنامه شستشوی اقتصادی البسه نخی و کتان(مقرون به صرفه)COTTON ECO برنامه شستشوی ملحفه و روتختیDUVET برنامه شستشوی سریع ۱۵ دقیقه ایQUICK برنامه شستشوی البسه حجیم و ضخیمBULKY برنامه شستشوی البسه رنگیCOLOR WEAR برنامه شستشوی خودکار دیگDRUM CLEAN برنامه شستشوی البسه کودکانBaby care برنامه شستشوی البسه ورزشیSport Wear دارای درب الکترومگنتیک سیستم شستشوی Automatic,تسمه‌ای,,,,,,,,,,,
156,ZEROWATT-WM-FCA-4960,,,درب از جلو,۱۴۰۰ دور در دقیقه,۹ کیلوگرم,به سمت چپ,,,۲۹۰۰۹۴۹۰۲۰۷۰۲,,۸۵ سانتی‌متر,۶۰ سانتی‌متر,۶۰ سانتی‌متر,,برنامه های شستشو ماشین لباسشویی زیرووات مدلFCA ۴۹۶۰ W : ۱۶ برنامه اصلی +۴ برنامه کمکی مجهز به ورودی مستقل آب سرد و گرم جهت صرفه جویی در مصرف انرژی سیستم کنترل کف خودکار شستشو با قابلیت اتوکشی آسان آبکش الماسه به جهت افزایش قدرت شستشو و خشک کن دستگیره درب ارگونومی قابلیت تاخیر در زمان شروع شستشو۱ تا ۲۴ساعتDELAY قابلیت آبکشی اضافه البسهEXTRA RINSE قابلیت تنظیم دمای آب(۲۰درجه تا ۹۰ درجه سانتیگراد) TEMP قابلیت تنظیم سرعت دور خشک کن(۶۰۰ تا ۱۴۰۰دور بر دقیقه)SPIN قابلیت اضافه یا کم کردن البسه در هر مرحله شستشوADD GARMENT(RELOAD) برنامه شستشوی اقتصادی البسه نخی و کتان(مقرون به صرفه)COTTON ECO برنامه شستشوی ملحفه و روتختیDUVET برنامه شستشوی سریع ۱۵ دقیقه ایQUICK برنامه شستشوی البسه حجیم و ضخیمBULKY برنامه شستشوی البسه رنگیCOLOR WEAR برنامه شستشوی خودکار دیگDRUM CLEAN برنامه شستشوی البسه کودکانBaby care برنامه شستشوی البسه ورزشیSport Wear دارای درب الکترومگنتیک سیستم شستشوی Automatic,تسمه‌ای,,,,,,,,,,,
