id,model_code,price,نمودار مصرف انرژی,وزن,گنجایش کل به لیتر,گنجایش کل به فوت,محدوده گنجایش کل به لیتر,نوع مقاومت در برابر برفک,شناسه کالا,گنجایش یخچال,تعداد طبقات یخچال,تعداد طبقات درب یخچال,تعداد کشو,گنجایش فریزر,تعداد طبقات فریزر,تعداد طبقات درب فریزر,تعداد کشوی فریزر,امکانات یخچال,جهت باز شدن درب یخچال,جهت باز شدن درب فریزر,میزان صدا,لزوم اتصال به شیر آب,امکانات فریزر,سایر ویژگی‌های فریزر,ارتفاع یخچال-فریزر,عمق یخچال-فریزر,پهنای یخچال-فریزر,سایر ویژگی‌ها,سایر ویژگی‌های یخچال,نوع یخچال و فریزر,ارتفاع,عمق,پهنا
25,DAEWOO-SBS-DS-3020MW,,A+,۱۲۰ کیلوگرم,۶۸۴,۲۹,۵۵۱ تا ۷۰۰,نوفراست,۲۹۰۰۱۷۶۵۰۵۳۲۴,۴۴۰ لیتر,۴,۵,۲ عدد,۲۴۴ لیتر,۳,۳,۳,,,,,,,,,,,,,,,,
26,DAEWOO-SBS-DS-3320MW,,A+,۱۵۰ کیلوگرم,۶۸۴,۳۲,۵۵۱ تا ۷۰۰,نوفراست,۲۹۰۰۱۷۶۵۰۵۳۲۴,۴۴۰ لیتر,۴,۵,۲ عدد,۲۴۴ لیتر,۳,,۳,نمایشگر,به سمت راست,به سمت چپ,,,,,,,,,,,,,
27,DAEWOO-SBS-DS-3325GW,,A+,۱۲۰ کیلوگرم,۶۶۰,۳۲,۵۵۱ تا ۷۰۰,نوفراست,۲۹۰۰۱۷۶۵۰۵۳۴۸,۴۴۰ لیتر لیتر,۵ عدد,۵ عدد,۲ عدد,۲۲۰ لیتر لیتر,۳ عدد,۳ عدد,۳ عدد,آبسردکن,,,۳۸ دسی بل,بله,بدون برفک,,,,,,,,,,
28,DAEWOO-SBS-DS-3320SS,,A+,۱۵۰ کیلوگرم,,۳۲,بیش از ۷۰۰ لیتر,نوفراست,۲۹۰۰۱۷۶۵۰۵۳۳۱,لیتر,۴,۳,۲ عدد,لیتر,۳,۲,۳,نمایشگر,,,,دارد,یخساز نیمه اتوماتیک (منبع آب),سيستم انجماد سريع فريزر سیستم سرد کننده سریع دارای فیلتر تصفیه آب سامانه بار خانگی با تکنولوژی جدید سرمایش یکنواخت لامپ های LED,,,,,,,,,
29,DAEWOO-SBS-ARSXi30-20S,,A+,۱۱۵ کیلوگرم,۷۷۱,۳۶,بیش از ۷۰۰ لیتر,نوفراست,۴۲۳۶۲CRSDWH۱۰۹,۴۹۴ لیتر,۵,۵,۵ عدد,۲۷۷ لیتر,۳,۳,۳,آبسردکن,راست,چپ,,بله,یخساز اتوماتیک (آب شهری),"باکتري زدايی, بوزدايی, تصفيه هوا, تکنولوژی ديجيتال, درِ سوم همراه با سامانه سرمايش فلزی, روشنايي درخشان با LED, سامانه آرام بند درها, سامانه خودکار بسته شدن دَرها, سطوح کاملا مسطح, طبقات شيشه‌اي بدون فريم, فضاي بيشتر داخل فريزر, کاهش صداهای مزاحم, محفظه نگهداری حرفه‌ای گوشت تازه, مديريت هوشمند انرژی, نمايشگرLED با کنترل لمسی",۱۸۱.۶ سانتی‌متر,۹۲ سانتی‌متر,۹۱.۶ سانتی‌متر,"باکتري زدايی, بوزدايی, تصفيه هوا, تکنولوژی ديجيتال, درِ سوم همراه با سامانه سرمايش فلزی, روشنايي درخشان با LED, سامانه آرام بند درها, سامانه خودکار بسته شدن دَرها, سطوح کاملا مسطح, طبقات شيشه‌اي بدون فريم, فضاي بيشتر داخل فريزر, کاهش صداهای مزاحم, محفظه نگهداری حرفه‌ای گوشت تازه, مديريت هوشمند انرژی, نمايشگرLED با کنترل لمسی","باکتري زدايی, بوزدايی, تصفيه هوا, تکنولوژی ديجيتال, درِ سوم همراه با سامانه سرمايش فلزی, روشنايي درخشان با LED, سامانه آرام بند درها, سامانه خودکار بسته شدن دَرها, سطوح کاملا مسطح, طبقات شيشه‌اي بدون فريم, فضاي بيشتر داخل فريزر, کاهش صداهای مزاحم, محفظه نگهداری حرفه‌ای گوشت تازه, مديريت هوشمند انرژی, نمايشگرLED با کنترل لمسی",,,,
30,DAEWOO-SBS-DS-3640SS,,A+,۱۲۰ کیلوگرم,۹۹۱,۳۵,بیش از ۷۰۰ لیتر,نوفراست,۲۹۰۰۱۷۶۵۰۵۴۴۷,۴۹۴ لیتر,۴,۵,۲ عدد,۲۷۷ لیتر,۳,۳,۳,,,,,,,,,,,,,,,,
31,DAEWOO-SBS-DS-3440MW,,A+,۱۲۰ کیلوگرم,۹۰۶,۳۲,بیش از ۷۰۰ لیتر,نوفراست,۲۹۰۰۱۷۶۵۰۵۴۰۹,۴۴۰ لیتر,۴,۵,۲ عدد,۲۴۴ لیتر,۳,۳,۳,,,,,,,,,,,,,,,,
32,DAEWOO-SBS-DSI-3440MW,,A+,۱۲۰ کیلوگرم,۹۰۶,۳۲,بیش از ۷۰۰ لیتر,نوفراست,۲۹۰۰۱۷۶۵۰۵۴۰۹,۴۴۰ لیتر,۴,۵,۲ عدد,۲۴۴ لیتر,۳,۳,۳,,,,,,,,,,,,,,,,
33,DAEWOO-SBS-SXI15-21GW,,A+,۱۱۰ کیلوگرم,۶۸۰,۳۲,۵۵۱ تا ۷۰۰,نوفراست,۲۹۰۰۱۷۶۵۱۰۲۴۳,۴۴۰ لیتر,۴,۵,۲ عدد,۲۴۰ لیتر,۲,۳,۳,بدون برفک,به راست,به چپ,,,بدون برفک,,۱۸۱ سانتی‌متر,۸۴ سانتی‌متر,۹۱ سانتی‌متر,Metal Ice Cooling سامانه/ اعلام زمان پایان تاریخ مصرف موادغذایی در SMARTBOOM/ امکان دریافت هشدار در خصوص سرویس‌های دوره‌ای یخچال فریزر روی گوشی موبایل/ بار خانگی/ بهبود بردهای الکترونیکی نمایشگر و کمپرسور/ بهینه سازی ساختار مواد/ پشتیبانی آنلاین انتخاب سرویس از طریق اپلیکیشن اسمارت بوم/ تنظیم دما و حالت عملکرد یخچال با گوشی موبایل/ سامانه Blue Fresh LED/ سامانه خودکار بسته شدن درب ها/ سامانه روشنایی LED/ سامانه مدیریت هوشمند Smart Management/ سیستم سرمایش سه بعدی ۳D Cooling/ سیستم سرمایش هوشمند Digital Cooling/ سیستم سرمایش و انجماد سریع/ سیستم فیلترینگ هوای Fresh Max Plus/ طبقات شیشه ای بدون قاب/ فیلتر تصفیه هوا (نانوکربن)/ فیلتر جاذب اتیلن/ مجهز به Magic Cool Zone/ یخساز اتوماتیک فوق باریک روی در/,,ساید بای ساید,,,
34,DAEWOO-SBS-DS-3020SS,,A+,۱۲۰ کیلوگرم,۵۹۱,۲۸,۵۵۱ تا ۷۰۰,نوفراست,۲۹۰۰۱۷۶۵۰۵۳۱۷,۳۹۴ لیتر,۴,۵,۲ عدد,۱۹۷ لیتر,۳,۳,۲,,,,,,,,,,,,,,,,
35,DAEWOO-SBS-DS-3330SS,,A+,۱۱۵ کیلوگرم,۶۳۰,۳۳,۵۵۱ تا ۷۰۰,نوفراست,۲۹۰۰۱۷۶۵۰۵۳۸۶,۴۴۰ لیتر لیتر,۵,۶,۲ عدد,۱۹۰ لیتر لیتر,۳,۳,۳,آبسردکن,به سمت راست,به سمت چپ,۲۹۰۰۱۷۶۵۰۰۵۹۶,,,,,,,- سامانه سرمای فلزی Metal Cooling - سامانه حفظ تازگی و ماندگاری میوه و سبزیجات Blue Fresh LED - بار خانگی - فیلتر هوای سه لایه Fresh Max Plus - فیلتر تصفیه آب - قابلیت اتصال به آب شهر - حالت کاهش مصرف انرژی هوشمند - سامانه کنترل سرمایش الکترونیک - سامانه گردش هوای چندگانه - زنگ هشدار باز بودن درب - حالت خواب - سیستم کاهش صدا در شب - سیستم کنترل هوشمند,,,,,
36,DAEWOO-SBS-DS-3730MW,,A+,۱۲۰ کیلوگرم,۷۷۱,۳۵,بیش از ۷۰۰ لیتر,نوفراست,۲۹۰۰۱۷۶۵۰۵۴۲۳,۵۰۰ لیتر,۵,۶,۲ عدد,۲۷۷ لیتر,۳,۳,۳,,,,,,,,۱۸۱ سانتی‌متر,۹۲ سانتی‌متر,۹۱ سانتی‌متر,,,,,,
37,DAEWOO-SBS-DS-3730SS,,A+,,۷۷۷,۳۷,بیش از ۷۰۰ لیتر,نوفراست,۲۹۰۰۱۷۶۵۰۵۳۹۳,۵۰۰ لیتر,۵,۵,۲ عدد,۲۷۷ لیتر,۳,۳,۳,,,,,,,,,,,,,,۱۸۱۶ سانتی‌متر,۹۲۰ سانتی‌متر,۹۱۶ سانتی‌متر
38,DAEWOO-SBS-DS-3325SS,,A+,,۶۳۰,۳۲,۵۵۱ تا ۷۰۰,نوفراست,۲۹۰۰۱۷۶۵۰۵۳۵۵,۴۴۰ لیتر,۵,۵,۲ عدد,۱۹۰ لیتر لیتر,۳,۳,۳,نمایشگر,به سمت راست,به سمت چپ,,,یخساز اتوماتیک (آب شهری),,,,,- چشم الكترونیكی هوشمند - سامانه بار خانگی با تکنولوژی جدید - سیستم قدرتمند گردش هوای سه بعدی - مجهز به سامانه سرمایش فلزی - فیلتر نانو کربن - سیستم کاهش صدا در شب,- بار خانگی با فناوری جدید آرام بازشو - طبقات شیشه‌ای بدون قاب,,۱۸۱.۶ سانتی‌متر,۸۴ سانتی‌متر,۹۱.۶ سانتی‌متر سانتی‌متر
39,DAEWOO-SBS-DS-3440SS,,A+,۱۲۰ کیلوگرم,۶۳۰,۳۲,,نوفراست,۲۹۰۰۱۷۶۵۰۵۴۱۶,۴۴۰ لیتر لیتر,۵,۵,۲ عدد,۱۹۰ لیتر لیتر,۳,۳,۳,بدون برفک,به سمت راست,به سمت چپ,,,یخساز اتوماتیک (آب شهری),,,,,- دارای فیلتر هوای سه گانه Fresh Max Plus - طبقات شیشه‌ای بدون قاب - محفظه خنک کننده ویژه Magic Cool Zone - سامانه سرمایش فلزی Metal Ice Cooling - سامانه بار خانگی درب سوم همراه با سامانه سرمایش فلزی - سامانه سرمایش سریع در فریزر - سامانه سرمایش سریع در یخچال - دارای حالت خواب - سامانه گردش هوای چندگانه - سامانه کنترل سرمایش الکترونیک - حالت ذخیره انرژی هوشمند (ECO),,,۱۸۱.۶ سانتی‌متر,۸۴ سانتی‌متر,۹۱.۶ سانتی‌متر سانتی‌متر
40,DAEWOO-SBS-ARSXi30-30S,,A+,۱۱۵ کیلوگرم,۷۷۱,۳۶,بیش از ۷۰۰ لیتر,نوفراست,۲۹۰۳۲۸۳۶۰۰۵۲۴,۴۹۴ لیتر,۵,۵,۲ عدد,۲۷۷ لیتر,۳,۴,۳,لامپ یخچال,چپ به راست,راست به چپ,,دارد,یخساز اتوماتیک (آب شهری),,۱۸۱.۶ سانتی‌متر,۹۲ سانتی‌متر,۹۱.۶ سانتی‌متر,گنجایش زیاد فضای داخلی برای نگهداری انواع مواد غذایی / قابل کنترل از طریق برنامه موبایل / دستگیره مخفی / دارای نمایشگر و صفحه کنترل لمسی / دارای آب‌سردکن اتوماتیک,مجهز به بار خانگی جهت دسترسی آسان به نوشیدنی‌ها و خوراکی‌های مورد نیاز,ساید بای ساید,,,
41,DAEWOO-SBS-DS-3020GW,,A+,۱۲۰ کیلوگرم,۵۸۸,۲۸,۵۵۱ تا ۷۰۰,نوفراست,۲۹۰۰۱۷۶۵۰۵۳۰۰,۳۹۴ لیتر,۴,۵,۲ عدد,۱۹۴ لیتر,۳,۳,۲,,,,,,,,,,,,,,,,
42,DAEWOO-SBS-DS-3325MW,,A+,,۸۳۰,۳۲,بیش از ۷۰۰ لیتر,نوفراست,۲۹۰۰۱۷۶۵۰۵۳۶۲,۲۴۴ لیتر,۵,۵,۲ عدد,۴۴۰ لیتر,۴,,۲,,,,,,,,,,,,,,۱۸۱ سانتی‌متر,۸۳ سانتی‌متر,۹۱.۶ سانتی‌متر
43,DAEWOO-SBS-DS-3640MW,,A+,۱۲۰ کیلوگرم,۹۹۱,۳۵,بیش از ۷۰۰ لیتر,نوفراست,۲۹۰۰۱۷۶۵۰۵۴۵۴,۴۹۴ لیتر,۴,۵,۲ عدد,۲۷۷ لیتر,۳,۳,۳,,,,,,,,,,,,,,,,
44,DAEWOO-SBS-DS-3330MW,,A+,۱۱۵ کیلوگرم,۶۸۴,۳۲,۵۵۱ تا ۷۰۰,نوفراست,۲۹۰۰۱۷۶۵۰۵۳۷۹,۴۴۰ لیتر,۵,۵,۲ عدد,۲۴۰ لیتر,۳,۳,۳,نمایشگر,به سمت راست,به سمت چپ,,بله,,,,,,بارخانگی با فناوری انعکاس سرمای فلزی Metal Ice Cooling / حالت ذخیره انرزی هوشمند (ECO) / سامانه گردش هوای چندگانه / صفحه نمایش LED / طبقات شیشه‌ای بدون قاب / فناوری کاهش مصرف انرژی / فیلتر هوای سه گانه Fresh Max Plus / مجهز به محفظه تازه نگهدارنده ی میوه و سبزیجات (مجهز به Blue light LED) / چشم الكترونیكی هوشمند / سامانه بار خانگی با تکنولوژی جدید / سامانه سرمایش سریع دریخچال و انجماد در فریزر / سامانه کنترل سرمایش الکترونیک / سيستم قدرتمند گردش هوای سه بعدی / طبقات شیشه‌ای مقاوم / کمپرسور اینورتر دیجیتال / مجهز به سامانه سرمایش فلزی,,,,,
45,GPLUS-SBS-GSS-P7535 S,,A++,۸۰ کیلوگرم,۵۰۷,۲۸,۴۹۱ تا ۵۵۰,نوفراست,۲۹۰۲۰۹۶۶۰۳۰۱۲,۳۳۲ لیتر,۴,۴,۲ عدد,۱۷۵ لیتر,۴,۴,۲,آبسردکن,راست,چپ,,,یخساز نیمه اتوماتیک (منبع آب),,۱۷۷ سانتی‌متر,۶۷ سانتی‌متر,۹۰ سانتی‌متر,دارای نمایشگر / سیستم جریان هوای چندگانه,,ساید بای ساید,,,
46,GPLUS-SBS-GSS-M7525BS,,A++,۸۰ کیلوگرم,۵۰۷,۲۸,۴۹۱ تا ۵۵۰,نوفراست,۲۹۰۲۰۹۶۶۰۱۷۱۱,- لیتر,۴,۴,۲ عدد,- لیتر,۴,۴,۲,,,,,,,,۱۷۷ سانتی‌متر,۶۷ سانتی‌متر,۹۰.۵ سانتی‌متر,,,,,,
47,GPLUS-SBS-GSS-M7525W,,A++,,۵۰۷ لیتر,۲۸,۴۹۱ تا ۵۵۰,نوفراست,۲۹۰۲۰۹۶۶۰۱۶۹۸,۳۳۲ لیتر لیتر,۴ طبقه,۴ طبقه,۴ عدد,۱۷۵ لیتر لیتر,۴ طبقه,۴ طبقه,۲ عدد,بدون برفک,,,,,,,,,,,آبریز دستی Water Dispenser / سیستم جریان هوای چندگانه- Multi Air Flow / محفظه Fresh Box جهت تازه ماندن مواد غذایی / نمایشگر LED / فناوری انجماد سریع- Super freezing / امکان سرمایش سریع در یخچال (Quick Cooling) / عملکرد ویژه کاهش مصرف در زمان (Holiday),,۶۷ سانتی‌متر,۱۷۷ سانتی‌متر,۹۰.۵ سانتی‌متر
48,GPLUS-SBS-GSS-P7920W,,A+,۱۰۰ کیلوگرم,۷۶۰,۳۲,بیش از ۷۰۰ لیتر,نوفراست,۲۹۰۲۰۹۶۶۰۳۴۷۰,۴۶۰ لیتر,۴,۴,۲ عدد,۲۳۲ لیتر,۴,۱,۲,بدون برفک,راست,چپ,,دارد,یخساز اتوماتیک (آب شهری),فناوری انجماد سریع (Super Freezing),۱۷۷ سانتی‌متر,۸۵.۲ سانتی‌متر,۹۱ سانتی‌متر,مجهز به کمپرسور هوشمند اینورتر / بار خانگی (هوم بار) با قابلیت باز شدن تنها با یک اشاره / مجهز به نمایشگر LED لمسی / مجهز به عملکرد ویژه کاهش مصرف در زمان سفر / مجهز به فیلتر تصفیه هوای دائمی سیلور یون (Silver Ion) و جاذب گاز اتیلن,فناوری سرمایش سریع (Super Cooling),ساید بای ساید,,,
49,GPLUS-SBS-GSS-P7435BG,,A++,۱۶۸ کیلوگرم,۵۱۰,۲۸,۴۹۱ تا ۵۵۰,نوفراست,۲۹۰۲۰۹۶۶۰۳۰۵۰,۳۳۲ لیتر,۴,۴,۲ عدد,۱۴۰ لیتر,۴,۴,۲,بدون برفک,,,,,بدون برفک,دارای انجماد سریع,۱۷۷ سانتی‌متر,۶۷ سانتی‌متر,۹۰ سانتی‌متر,دارای جریان هوای خنک چندگانه / دارای صفحه نمایش LED لمسی,,ساید بای ساید,,,
50,GPLUS-SBS-GSS-P7635 W,,A+,۱۳۰ کیلوگرم,۴۷۲,۲۸,۳۵۱ تا ۴۹۰,نوفراست,۲۹۰۲۰۹۶۶۰۳۰۰۵,۳۳۲ لیتر,۴ عدد,۴ عدد,۲ عدد عدد,۱۴۰ لیتر,۴ عدد,۱ عدد,۲ عدد,بدون برفک,,,,دارد,بدون برفک,,۱۷۷ سانتی‌متر,۶۷ سانتی‌متر,۹۰ سانتی‌متر,فیلتر تصفیه آب / امکان سرمایش سریع در یخچال (Quick Cooling) / محفظه Fresh Box جهت تازه ماندن مواد غذایی / امکان سرمایش سریع در فریزر (Quick Freezing) / سیستم جریان هوای چندگانه- Multi Air Flow / عملکرد صرفه‌جویی در مصرف انرژی (Eco) / دارای نشانگر LED,,ساید بای ساید,,,
51,GPLUS-SBS-GSS-M7423BG,,A++,۱۱۰ کیلوگرم,۵۱۰,۲۸,۴۹۱ تا ۵۵۰,نوفراست,۲۹۰۲۰۹۶۶۰۱۶۸۱,۳۳۵ لیتر,۴,۴,۲ عدد,۱۷۵ لیتر,۴,۴,۲,,,,,,,,,,,,,,,,
52,GPLUS-SBS-GSS-P7920S,"۶۵,۵۰۰,۰۰۰",A+,۱۰۰ کیلوگرم,۷۶۰,۳۲,بیش از ۷۰۰ لیتر,نوفراست,۲۹۰۲۰۹۶۶۰۳۴۸۷,۴۶۰ لیتر,۴,۴,۲ عدد,۲۳۲ لیتر,۴,۱,۲,بدون برفک,راست,چپ,,دارد,یخساز اتوماتیک (آب شهری),فناوری انجماد سریع (Super Freezing),۱۷۷ سانتی‌متر,۸۵.۲ سانتی‌متر,۹۱ سانتی‌متر,مجهز به کمپرسور هوشمند اینورتر / بار خانگی (هوم بار) با قابلیت باز شدن تنها با یک اشاره / مجهز به نمایشگر LED لمسی / مجهز به عملکرد ویژه کاهش مصرف در زمان سفر / مجهز به فیلتر تصفیه هوای دائمی سیلور یون (Silver Ion) و جاذب گاز اتیلن,فناوری سرمایش سریع (Super Cooling),ساید بای ساید,,,
53,GPLUS-SBS-GSS-M7625W,,A+,۱۳۰ کیلوگرم,۴۷۲,۲۸,۳۵۱ تا ۴۹۰,نوفراست,۲۹۰۲۰۹۶۶۰۱۵۷۵-۲۹۰۲۰۹۶۶۰۱۵۶۸,۳۳۲ لیتر,۴ عدد,۴ عدد,۲ عدد عدد,۱۴۰ لیتر,۴ عدد,۱ عدد,۲ عدد,بدون برفک,,,,,بدون برفک,,,,,فیلتر تصفیه آب / امکان سرمایش سریع در یخچال (Quick Cooling) / محفظه Fresh Box جهت تازه ماندن مواد غذایی / امکان سرمایش سریع در فریزر (Quick Freezing) / سیستم جریان هوای چندگانه- Multi Air Flow / عملکرد صرفه‌جویی در مصرف انرژی (Eco) / دارای نشانگر LED,,,,,
54,GPLUS-SBS-GSS-P7535 W,,A++,۸۰ کیلوگرم,۵۰۷,۲۸,۴۹۱ تا ۵۵۰,نوفراست,۲۹۰۲۰۹۶۶۰۳۰۲۹,۳۳۲ لیتر,۴,۴,۲ عدد,۱۷۵ لیتر,۴,۴,۲,,,,,,,,۱۷۷ سانتی‌متر,۶۷ سانتی‌متر,۹۱ سانتی‌متر,,,,,,
55,GPLUS-SBS-GSS-M7625BS,,A+,۱۳۰ کیلوگرم,۴۷۲,۲۸,۳۵۱ تا ۴۹۰,نوفراست,۲۹۰۲۰۹۶۶۰۱۵۷۵-۲۹۰۲۰۹۶۶۰۱۵۶۸,۳۳۲ لیتر,۴ عدد,۴ عدد,۲ عدد عدد,۱۴۰ لیتر,۴ عدد,۱ عدد,۲ عدد,بدون برفک,,,,,بدون برفک,,,,,فیلتر تصفیه آب / امکان سرمایش سریع در یخچال (Quick Cooling) / محفظه Fresh Box جهت تازه ماندن مواد غذایی / امکان سرمایش سریع در فریزر (Quick Freezing) / سیستم جریان هوای چندگانه- Multi Air Flow / عملکرد صرفه‌جویی در مصرف انرژی (Eco) / دارای نشانگر LED,,,,,
56,PAKSHOMA-SBS-P-340W,,A+,۱۵۲ کیلوگرم,۸۰۰,۳۲,بیش از ۷۰۰ لیتر,نوفراست,۲۹۰۰۹۴۹۰۱۶۶۶۸ - ۲۹۰۰۹۴۹۰۱۶۶۷۵,۴۸۷ لیتر لیتر,۴ طبقه,۵ عدد,۲ عدد,۱۷۰ لیتر لیتر,۳ طبقه,۴ عدد,۲ کشو,نمایشگر,به سمت راست,به سمت چپ,,,یخساز اتوماتیک (آب شهری),طراحی زیبای آب‌سردکن، کنترل پنل LED لمسی برای دریافت آب، موقعیت صفحه نمایش دیجیتال در قسمت مخفی شیار درب، یخ‌ساز اتوماتیک با قابلیت اتصال به آب شهری، یخ‌ساز دو حالته (خرد و مکعبی) ، یخ‌ساز با ظرفیت ۱.۸ کیلوگرم، قابلیت مخفی شدن نمایه درب حالت standby,,,,رنگ‌بندی: سفید و سیلور,دارای دریچه تنظیم رطوبت کشوی جامیوه‌ای پنل کنترل دیجیتال عملکرد یخچال فریزر در سطح موازی با چشم‌ها تعبیه شده است که یک مزیت ارگونومیکی به شمار می‌آید. همچنین برای محافظت بیشتر در لبه داخلی درب فریزر تعبیه شده است. دارای لامپ LED روشنایی محفظه نگه‌دارنده میوه و سبزیجات، دارای دریچه تنظیم رطوبت کشوی جامیوه‌ای، فیلتر تصفیه آب، اخطار بازماندن درب، سیستم گردش هوای چندگانه، دستگیره درب مخفی,,۱۷۹ سانتی‌متر,۸۶ سانتی‌متر,۹۱ سانتی متر سانتی‌متر
57,PAKSHOMA-SBS-RSP-800iS(E1),,A,۱۱۶ کیلوگرم,۸۰۰,۳۲,بیش از ۷۰۰ لیتر,,۲۹۰۰۹۴۹۰۲۲۲۵۶,۴۸۷ لیتر,۴,۵,۲ عدد,۱۷۰ لیتر,۳,۴,۲,بدون برفک,به سمت راست,به سمت چپ,۴۰,دارد,بدون برفک,,۱۷۹ سانتی‌متر,۸۶ سانتی‌متر,۹۱ سانتی‌متر,آب‌سردکن اتوماتیک / دارای کمپرسور اینورتر / دارای کنترل پنل (LED) لمسی / قابلیت مخفی شدن نمایه در حالت Standby / یخ‌ساز دو حالته (خرد و مکعبی) / گنجایش یخ‌ساز: ۱.۸ کیلوگرم,,ساید بای ساید,,,
58,PAKSHOMA-SBS-RSP-800W,,A,۱۱۶ کیلوگرم,۸۰۰,۳۲,بیش از ۷۰۰ لیتر,,۲۹۰۰۹۴۹۰۲۲۲۹۴,۴۸۷ لیتر,۴,۵,۲ عدد,۱۷۰ لیتر,۳,۴,۲,بدون برفک,به سمت راست,به سمت چپ,۴۰,دارد,بدون برفک,,۱۷۹ سانتی‌متر,۸۶ سانتی‌متر,۹۱ سانتی‌متر,آب‌سردکن اتوماتیک / دارای کمپرسور اینورتر / دارای کنترل پنل (LED) لمسی / قابلیت مخفی شدن نمایه در حالت Standby / یخ‌ساز دو حالته (خرد و مکعبی) / گنجایش یخ‌ساز: ۱.۸ کیلوگرم,,ساید بای ساید,,,
59,SAM-SBS-ROSSO-3S,,A++,۱۴۰ کیلوگرم,۷۳۲,۳۲,۵۵۱ تا ۷۰۰,نوفراست,۲۹۰۰۰۳۹۰۰۱۳۴۵,۵۰۰ لیتر,۴,۴,۲ عدد,۲۳۲ لیتر,۴,۳,۲,,,,,,,,,,,,,,,,
60,SAM-SBS-ROSSO/W,,A++,۱۵۲ کیلوگرم,۷۳۲,۳۲,بیش از ۷۰۰ لیتر,نوفراست,۲۹۰۰۰۳۹۰۰۱۳۵۲,۵۰۰ لیتر,۴,۴,۲ عدد,۲۳۲ لیتر,۴,۳,۲,بدون برفک,به سمت راست,به سمت چپ,,دارد,بدون برفک,قابلیت انجماد سریع,۱۷۶.۵ سانتی‌متر,۸۶.۸ سانتی‌متر,۹۰.۸ سانتی‌متر,دارای بار خانگی / دارای فیلتر بوگیر و آب / دارای کمپرسور اینورتر دیجیتال,قابلیت سرمایش سریع,ساید بای ساید,,,
61,SAM-SBS-ROSSO-3W,,A++,۱۵۲ کیلوگرم,۷۳۲,۳۲,بیش از ۷۰۰ لیتر,نوفراست,۲۹۰۰۰۳۹۰۰۱۳۵۲,۵۰۰ لیتر,۴,۴,۲ عدد,۲۳۲ لیتر,۴,۳,۲,بدون برفک,به سمت راست,به سمت چپ,,دارد,بدون برفک,قابلیت انجماد سریع,۱۷۶.۵ سانتی‌متر,۸۶.۸ سانتی‌متر,۹۰.۸ سانتی‌متر,دارای بار خانگی / دارای فیلتر بوگیر و آب / دارای کمپرسور اینورتر دیجیتال,قابلیت سرمایش سریع,ساید بای ساید,,,
62,SNOWA-SBS-SN8-2028GW,,A+,۱۲۰ کیلوگرم,,۲۷,,نوفراست,۲۹۰۰۱۷۶۵۰۵۰۳۴,۳۹۴ لیتر,۴,۶,۲ عدد,۱۹۷ لیتر,۴,۲,۲,,,,,,,,,,,,,,۱۸۱ سانتی‌متر,۷۲ سانتی‌متر,۹۱ سانتی‌متر
63,SNOWA-SBS-SN8-2034GW,,A+,۱۱۰ کیلوگرم,۶۳۰,۳۲,۵۵۱ تا ۷۰۰,نوفراست,۲۹۰۰۱۷۶۵۰۶۰۸۶,۴۴۰ لیتر لیتر,۵ عدد,۶ عدد,۲ عدد عدد,۲۴۴ لیتر لیتر,۴ عدد,۲ عدد,۳ عدد,,,,۳۸ دسیبل,,,- آبسردکن - دارای یخساز - انجماد سریع - نوع یخساز: خودکار تک پدال فوق باریک - قفل یخساز - بدون برفک - جهت باز شدن درب فریزر به سمت چپ,,,,- لزوم اتصال به شیر آب برای تولید یخ و آب سرد - سیستم کاهش صدا در شب - سامانه سرمایش هوشمند - دارای فیلتر تصفیه آب - سیستم سرمایش سریع - مجهز به سامانه بار خانگی - کمپرسور اینورتر دیجیتال - سامانه مدیریت مصرف هنگام سفر - نوار درزگیر آنتی باکتریال با قابلیت تعویض - سيستم انجماد سريع فريزر - محفظه نگهداری میوه و سبزیجات - LED لمسی - سرمایش هوشمند (Smart Cooling) - جا لبنیاتی و جابطری - هشدار باز بودن درب - دارای روشنایی فریزر LED - دارای دستگیره در مخفی - فناوری کاهش مصرف انرژی - حسگرهوشمند تشخیص دمای بیرونی - سامانه مدیریت سرمایش Smart Cooling - سرمایش دوگانه one evaporator - حالت کاهش مصرف انرژی هوشمند - گردش هواي سه بعدي Multiple Air Flow - روشنایی یخچال و فریزر LED - قابلیت اتصال به آب شهری - شش عدد سنسور داخلی - نوع بار خانگی دیسکی (سامانه آرام بازشو) - گرید انرژی: A+ - فیلتر تصفیه هوای داخلی دولایه نانو کربن - نوع آبسردکن خودکار تک پدال - دارای سیستم قفل یخساز - بهینه سازی ساختار مواد - طراحی استاندارد مطابق با کابینت آشپزخانه و حمل آسان - یخساز فوق باریک - نوع طبقات شيشه ای بی قاب,- اخطار باز ماندن درب,,,,
64,SNOWA-SBS-S2Di-M210-S,"۸۵,۷۹۰,۰۰۰",A+,۱۱۰ کیلوگرم,۶۳۰,۲۸,۵۵۱ تا ۷۰۰,نوفراست,۲۹۰۰۱۷۶۵۰۹۴۰۷,۴۴۰ لیتر,۵,۶,۲ عدد,۱۹۰ لیتر,۳,,۳,آبسردکن,به راست,به چپ,,دارد,یخساز اتوماتیک (آب شهری),,۱۸۱.۶ سانتی‌متر,۸۴ سانتی‌متر,۹۱.۶ سانتی‌متر,دارای هوم بار / دستگیره درب مخفی / سامانه گردش هوای سه بعدی / سرمایش سریع یخچال / انجماد سریع فریزر / مجهز به سرمایش فلزی درب بار / قابلیت کنترل با اینترنت (IOT),,ساید بای ساید,,,
65,SNOWA-SBS-SN8-2261SW,,A+,۱۱۰ کیلوگرم,۵۹۱,۲۷,۵۵۱ تا ۷۰۰,نوفراست,۶۲۶۱۶۴۰۶۰۹۰۷۵,۳۹۴ لیتر,۴,۴,۲ عدد,۱۹۷ لیتر,۴,۲,۲,نمایشگر,به راست,به چپ,۳۸,,,,,,,سیستم هوشمند سرمایش دوگانه ۲۷ فوت مجهز به محفظه ی بار,,,,,
66,SNOWA-SBS-GALLERY-SN83350SS,,A+,,۷۷۱,۳۵,بیش از ۷۰۰ لیتر,,۲۹۰۰۱۷۶۵۰۱۱۶۶,۴۹۴ لیتر,۴,,۲ عدد,۲۷۷ لیتر,۳,,۳,نمایشگر,,,,بله,یخساز نیمه اتوماتیک (منبع آب),,,,,حسگرهوشمند تشخیص دمای بیرونی حسگرهای هوشمند داخلی سرمایش دوگانه one evaporator گردش هواي سه بعدي,,,۱۸۱۶ سانتی‌متر,۹۲۰ سانتی‌متر,۹۱۶ سانتی‌متر
67,SNOWA-SBS-S1D-S110-GW,,A+,۱۰۰ کیلوگرم,۷۸۰,۲۷,بیش از ۷۰۰ لیتر,نوفراست,۲۹۰۰۱۷۶۵۰۹۲۰۹,۳۹۴ لیتر,۴,۶,۲ عدد,۱۹۷ لیتر,۴,۲,۲,اخطار باز ماندن درب,,,,,بدون برفک,,۱۸۱ سانتی‌متر,۷۲ سانتی‌متر,۹۰ سانتی‌متر,,,ساید بای ساید,,,
68,SNOWA-SBS-SN8-2032SS,,A+,۱۲۰ کیلوگرم,,۳۲,,نوفراست,۲۹۰۰۱۷۶۵۰۵۰۶۵,۴۴۰ لیتر,۵,۶,۲ عدد,۲۳۳ لیتر,۴,۳,۳,,,,,,,,,,,,,,۱۸۱ سانتی‌متر,۹۱ سانتی‌متر,۸۴ سانتی‌متر
69,SNOWA-SBS-S1Di-S110-S,,A+,۱۰۰ کیلوگرم,۷۸۰,۲۷,بیش از ۷۰۰ لیتر,نوفراست,۲۹۰۰۱۷۶۵۰۹۲۰۹,۳۹۴ لیتر,۴,۶,۲ عدد,۱۹۷ لیتر,۴,۲,۲,اخطار باز ماندن درب,,,,,بدون برفک,,۱۸۱ سانتی‌متر,۷۲ سانتی‌متر,۹۰ سانتی‌متر,,,ساید بای ساید,,,
70,SNOWA-SBS-S1Di-S110-W,,A+,۱۰۰ کیلوگرم,۷۸۰,۲۷,بیش از ۷۰۰ لیتر,نوفراست,۲۹۰۰۱۷۶۵۰۹۲۰۹,۳۹۴ لیتر,۴,۶,۲ عدد,۱۹۷ لیتر,۴,۲,۲,اخطار باز ماندن درب,,,,,بدون برفک,,۱۸۱ سانتی‌متر,۷۲ سانتی‌متر,۹۰ سانتی‌متر,,,ساید بای ساید,,,
71,SNOWA-SBS-S1D-S110-S,,A+,۱۰۰ کیلوگرم,۷۸۰,۲۷,بیش از ۷۰۰ لیتر,نوفراست,۲۹۰۰۱۷۶۵۰۹۲۰۹,۳۹۴ لیتر,۴,۶,۲ عدد,۱۹۷ لیتر,۴,۲,۲,اخطار باز ماندن درب,,,,,بدون برفک,,۱۸۱ سانتی‌متر,۷۲ سانتی‌متر,۹۰ سانتی‌متر,,,ساید بای ساید,,,
72,SNOWA-SBS-S2D-M210-W,,A+,۱۱۰ کیلوگرم,۶۳۰,۳۲,۵۵۱ تا ۷۰۰,نوفراست,۲۹۰۰۱۷۶۵۰۹۹۱۹,۴۹۱ لیتر,۵,۵,۲ عدد,۲۲۸ لیتر,۳,,۳,آبسردکن,,,,,بدون برفک,,۱۸۱ سانتی‌متر,۸۴ سانتی‌متر,۹۱ سانتی‌متر,,ابسردکن خودکار تک پداله با قابلیت اتصال به آب شهری/ ارتقا کیفی سیستم الکترونیک/ اعلام زمان پایان تاریخ مصرف موادغذایی در SMARTBOOM/ بهبود بردهای الکترونیکی نمایشگر و کمپرسور/ تکنولوژی Metal Cooling/ درب سوم همراه با سامانه سرمایش فلزی Metal Ice Cooling دستگیره مخفی درب‌ها/ سامانه حفظ تازگی وماندگاری میوه وسبزیجات (green ray)/ سرمایش هوشمند(SMART COOLING) سيستم قدرتمند گردش هوای سه بعدی/ ظرفیت بسیار بالا/ فیلتر Tripple/ فیلتر جاذب اتیلن/ قابلیت کنترل با اینترنت(قابلیت IOT)/ کاهش چشمگیر انرژی به میزان ۲۳ درصد/ محفظه Chiller Zone/ مدیریت تنظیمات یخچال فریزر با گوشی موبایل از طریق اپلیکیشن SMARTBOOM/ نمايشگرLED با کنترل لمسی,ساید بای ساید,,,
73,SNOWA-SBS-S2D-M210-S,"۸۵,۷۹۰,۰۰۰",A+,۱۱۰ کیلوگرم,۶۳۰,۲۸,۵۵۱ تا ۷۰۰,نوفراست,۲۹۰۰۱۷۶۵۰۹۴۰۷,۴۴۰ لیتر,۵,۶,۲ عدد,۱۹۰ لیتر,۳,,۳,آبسردکن,به راست,به چپ,,دارد,یخساز اتوماتیک (آب شهری),,۱۸۱.۶ سانتی‌متر,۸۴ سانتی‌متر,۹۱.۶ سانتی‌متر,دارای هوم بار / دستگیره درب مخفی / سامانه گردش هوای سه بعدی / سرمایش سریع یخچال / انجماد سریع فریزر / مجهز به سرمایش فلزی درب بار / قابلیت کنترل با اینترنت (IOT),,ساید بای ساید,,,
74,SNOWA-SBS-SN8-3035GW,,A+,۱۲۰ کیلوگرم,۷۷۱,۳۵,بیش از ۷۰۰ لیتر,نوفراست,۲۹۰۰۱۷۶۵۰۵۹۸۰,۴۹۴ لیتر,۵,۶,۲ عدد,۲۷۷ لیتر,۴,۳,۳,,راست,چپ,,دارد,یخساز اتوماتیک (آب شهری),,۱۸۰ سانتی‌متر,۹۲ سانتی‌متر,۹۳ سانتی‌متر,,آبسردکن اتوماتيك با اتصال به آب شهری,ساید بای ساید,,,
75,SNOWA-SBS-ARS3Di-L300-S,"۹۷,۰۰۰,۰۰۰",A+,۹۰ کیلوگرم,۷۱۹,۳۵,بیش از ۷۰۰ لیتر,نوفراست,۲۹۰۳۲۸۳۶۰۰۵۱۷,۴۹۱ لیتر,۵,۶,۲ عدد,۲۲۸ لیتر,۴,۳,۳,آبسردکن,به راست,به چپ,,دارد,بدون برفک,,۱۸۱ سانتی‌متر,۹۲ سانتی‌متر,۹۱ سانتی‌متر,مدیریت تنظیمات یخچال فریزر با گوشی موبایل از طریق اپلیکیشن اسمارت بوم / مانیتورینگ ۲۴ ساعته عملکرد یخچال فریزر از طریق اینترنت / اعلام هشدارهای نگهداری مثل زمان تعویض فیلتر آب در اپلیکیشن اسمارت بوم / کاربر می تواند تاریخ مصرف موادغذایی را در اپلیکیشن اسمارت بوم روی گوشی موبایل وارد کند سپس در زمان پایان تاریخ مصرف، اپلیکیشن به کاربر هشدار می دهد / کاربر می تواند تنظیمات دمای دستگاه را از طریق گوشی موبایل انجام دهد / کاربر می تواند عملکرد دستگاه را از طریق گوشی موبایل روی یکی از حالت های پیش فرض تازگی، مهمانی، مسافرت و اقتصادی تنظیم کند / مجهز به درب سوم با سرمایش فلزی /,,ساید بای ساید,,,
76,SNOWA-SBS-HARMONY-SN82261GW,,A+,۱۱۰ کیلوگرم,۶۳۰,۳۲,۵۵۱ تا ۷۰۰,نوفراست,۲۹۰۰۱۷۶۵۰۶۰۷۹,۴۴۰ لیتر,۵,۶,۲ عدد,۲۴۴ لیتر,۴,۲,۳,,,,,,,,,,,,,,,,
77,SNOWA-SBS-S1Di-M210-S,,A+,۹۰ کیلوگرم,۶۳۰,۳۲,۵۵۱ تا ۷۰۰,نوفراست,۲۹۰۰۱۷۶۵۰۹۲۳۰,۴۴۰ لیتر,۵,۶,۲ عدد,۱۹۰ لیتر,۴,,۳,آبسردکن,به راست,,,دارد,,,۱۸۱ سانتی‌متر,۸۴ سانتی‌متر,۹۱ سانتی‌متر,سیستم کاهش صدا در شب / سامانه سرمایش هوشمند / دارای فیلتر تصفیه آب / سیستم سرمایش سریع / فناوری Metal cooling / سامانه مدیریت مصرف هنگام سفر / نوار درزگیر آنتی باکتریال با قابلیت تعویض / محفظه نگهداری میوه و سبزیجات / سرمایش هوشمند (Smart Cooling) / جالبنیاتی و جا بطری / دارای دستگیره در مخفی / فناوری کاهش مصرف انرژی / حسگرهوشمند تشخیص دمای بیرونی / سامانه مدیریت سرمایش Smart Cooling / سرمایش دوگانه one evaporator / حالت کاهش مصرف انرژی هوشمند / روشنایی یخچال و فریزر LED / گردش هوای سه بعدی Multiple Air Flow / شش عدد سنسور داخلی / نوع بار خانگی دیسکی (سامانه آرام بازشو) / فیلتر تصفیه هوای داخلی دولایه نانو کربن / نوع آبسردکن خودکار تک پدال / فیلتر جاذب اتیلن Fresh Max Filter / نوع طبقات شيشه ای بی قاب / مانیتورینگ ۲۴ ساعته عملکرد یخچال فریزر از طریق اینترنت / اعلام هشدارهاي نگهداري مثل زمان تعویض فیلتر آب در اپلیکیشن اسمارت بوم / کاربر می تواند عملکرد دستگاه را از طریق گوشی موبایل روی یکی از حالت های پیش فرض تازگی، مهمانی، مسافرت و اقتصادی تنظیم کند / کاهش چشمگیر انرژی به میزان ۲۳ درصد / بهبود گرید ABS وان محصولات جهت بهبود ظاهری و عمر محصول / مدیریت تنظیمات یخچال فریزر با گوشی موبایل از طریق اپلیکیشن SMARTBOOM / اعلام زمان پایان تاریخ مصرف موادغذایی در SMARTBOOM / مجهز به بار خانگی دیسکی با تکنولوژي Zone Platinium,,ساید بای ساید,,,
78,SNOWA-SBS-S1D-M210-S,,A+,۹۰ کیلوگرم,۶۳۰,۳۲,۵۵۱ تا ۷۰۰,نوفراست,۲۹۰۰۱۷۶۵۰۹۲۳۰,۴۴۰ لیتر,۵,۶,۲ عدد,۱۹۰ لیتر,۴,,۳,آبسردکن,به راست,,,دارد,,,۱۸۱ سانتی‌متر,۸۴ سانتی‌متر,۹۱ سانتی‌متر,سیستم کاهش صدا در شب / سامانه سرمایش هوشمند / دارای فیلتر تصفیه آب / سیستم سرمایش سریع / فناوری Metal cooling / سامانه مدیریت مصرف هنگام سفر / نوار درزگیر آنتی باکتریال با قابلیت تعویض / محفظه نگهداری میوه و سبزیجات / سرمایش هوشمند (Smart Cooling) / جالبنیاتی و جا بطری / دارای دستگیره در مخفی / فناوری کاهش مصرف انرژی / حسگرهوشمند تشخیص دمای بیرونی / سامانه مدیریت سرمایش Smart Cooling / سرمایش دوگانه one evaporator / حالت کاهش مصرف انرژی هوشمند / روشنایی یخچال و فریزر LED / گردش هوای سه بعدی Multiple Air Flow / شش عدد سنسور داخلی / نوع بار خانگی دیسکی (سامانه آرام بازشو) / فیلتر تصفیه هوای داخلی دولایه نانو کربن / نوع آبسردکن خودکار تک پدال / فیلتر جاذب اتیلن Fresh Max Filter / نوع طبقات شيشه ای بی قاب / مانیتورینگ ۲۴ ساعته عملکرد یخچال فریزر از طریق اینترنت / اعلام هشدارهاي نگهداري مثل زمان تعویض فیلتر آب در اپلیکیشن اسمارت بوم / کاربر می تواند عملکرد دستگاه را از طریق گوشی موبایل روی یکی از حالت های پیش فرض تازگی، مهمانی، مسافرت و اقتصادی تنظیم کند / کاهش چشمگیر انرژی به میزان ۲۳ درصد / بهبود گرید ABS وان محصولات جهت بهبود ظاهری و عمر محصول / مدیریت تنظیمات یخچال فریزر با گوشی موبایل از طریق اپلیکیشن SMARTBOOM / اعلام زمان پایان تاریخ مصرف موادغذایی در SMARTBOOM / مجهز به بار خانگی دیسکی با تکنولوژي Zone Platinium,,ساید بای ساید,,,
79,SNOWA-SBS-GALLERY-SN83320SS,,A+,,۶۸۴,۳۲,۵۵۱ تا ۷۰۰,نوفراست,۲۹۰۰۱۷۶۵۰۱۱۸۰,۴۴۰ لیتر,۵,۶,۲ عدد,۲۴۴ لیتر,۴,۳,۳,نمایشگر,چپ به راست,راست به چپ,۳۸,دارد,,روشنایی فریزر LED انجماد سريع فريزر,,,,صفحه نمايش LED لمسی دستگیره در مخفی قفل صفحه نمایش کمپرسور اینورتر دیجیتال حسگرهای هوشمند داخلی سرمایش دوگانه one evaporator گردش هوای سه بعدی بدون برفک هشدار باز بودن در حسگرهوشمند تشخیص دمای بیرونی سامانه کنترل سرمایش الکترونیک یخساز خودکار دو پدال آبسردکن خودکار دو پدال آب سرد کن قفل یخساز فیلتر تصفیه آب لزوم اتصال به آب شهر,روشنایی یخچال LED سرمایش هوشمند ۶ عدد حسگر هوشمند فيلتر ضد بو سه لایه طبقات شيشه اي بدون قاب محفظه چیلر Chiller Zone جالبنیاتی میوه و سبزیجات بار خانگی بزرگ یک تکه مجهز به متال کولینگ سرمایش سریع بار خانگی درب سوم به صورت شیشه‌ای و گالری سرمایش فلزی,,۱۸۱۶ سانتی‌متر,۸۴۰ سانتی‌متر,۹۱۶ سانتی‌متر
80,SNOWA-SBS-SN8-2035GW,,A+,۱۲۰ کیلوگرم,۷۷۷,۳۵,بیش از ۷۰۰ لیتر,نوفراست,۲۹۰۰۱۷۶۵۰۶۰۹۳,۵۰۰ لیتر,۵,۶,۲ عدد,۲۷۷ لیتر,۴,۳,۳,,,,,,,,,,,,,,,,
81,TCL-SBS-S545,,A+,۸۳ کیلوگرم,۴۵۹,۲۸,۳۵۱ تا ۴۹۰,نوفراست,۲۹۰۰۹۹۳۷۰۲۶۴۷,۳۲۱ لیتر,۴,۴,۱ عدد,۱۳۸ لیتر,۴,,۱,بدون برفک,به سمت راست,,,,,,,,,دارای یخساز دستی,,,,,
82,X.VISION-SBS-TT580-ASD,,A+,,۵۱۸,۲۶,۴۹۱ تا ۵۵۰,نوفراست,۲۹۰۰۹۹۳۷۰۲۴۹۴,۳۹۵ لیتر,۴,۳,۲ عدد,۱۲۳ لیتر,۲,۲,ندارد,آبسردکن,به سمت راست,,,,,يخ ساز نيمه اتوماتيك با مخزن آب,,,,,آبسردکن نيمه اتوماتيك با مخزن آب,,۱۸۴.۸ سانتی‌متر,۶۶.۸ سانتی‌متر,۸۳.۶ سانتی‌متر
83,X.VISION-SBS-TS550-ASD,,A,,۴۶۳,۱۷,۳۵۱ تا ۴۹۰,نوفراست,۲۹۰۰۹۹۳۷۰۲۴۷۰,۳۳۲ لیتر,۵,۴,۱ عدد,۱۳۱ لیتر,۵,,۱,آبسردکن,به سمت راست,به سمت چپ,۴۲,,,يخ ساز نيمه اتوماتيك با مخزن آب,,,,دارای یخساز دستی,آبسردکن نيمه اتوماتيك با مخزن آب,,۱۷۶.۵ سانتی‌متر,۶۳ سانتی‌متر,۹۲ سانتی‌متر
84,X.VISION-SBS-TS551-AWD,,A,۸۴ کیلوگرم,۵۵۱,۲۰,۵۵۱ تا ۷۰۰,نوفراست,۲۹۰۰۹۹۳۷۰۳۵۶۹,۳۸۰ لیتر,۵,۳,۱ عدد,۱۷۱ لیتر,۵,,۱,بدون برفک,,,,,,دارای انجماد سریع,۱۷۶.۸ سانتی‌متر,۶۳ سانتی‌متر,۹۲ سانتی‌متر,مجهز به صفحه نمایش LED با پنل لمسی / مجهز به سیستم گردش هوا (Swing Flow) / دارای طبقات بسیار مقاوم و زیبا / سیستم گردش هوای چندگانه,دارای محفظه ویژه میوه و سبزیجات,ساید بای ساید,,,
